region,date,type,price,units_sold
Great_Lakes,1/7/19 0:00,Conventional,1.10674295,3812441.96
Great_Lakes,1/7/19 0:00,Organic,1.371279584,275987.52
Great_Lakes,1/13/19 0:00,Conventional,1.063456872,3843318.68
Great_Lakes,1/13/19 0:00,Organic,1.493383598,244991.95
Great_Lakes,1/20/19 0:00,Conventional,1.049930908,4587957.69
Great_Lakes,1/20/19 0:00,Organic,1.60431879,211210.69
Great_Lakes,1/27/19 0:00,Conventional,1.279025898,3097349.09
Great_Lakes,1/27/19 0:00,Organic,1.632288509,192500.06
Great_Lakes,2/3/19 0:00,Conventional,0.858456943,5594759.8
Great_Lakes,2/3/19 0:00,Organic,1.409416979,227781.94
Great_Lakes,2/10/19 0:00,Conventional,0.960754137,3828693.8
Great_Lakes,2/10/19 0:00,Organic,1.444239868,201839.72
Great_Lakes,2/17/19 0:00,Conventional,1.038228389,3646682.02
Great_Lakes,2/17/19 0:00,Organic,1.588478773,176243.78
Great_Lakes,2/24/19 0:00,Conventional,1.175716419,3402250.38
Great_Lakes,2/24/19 0:00,Organic,1.604281817,189672.47
Great_Lakes,3/3/19 0:00,Conventional,1.072860937,3698114.45
Great_Lakes,3/3/19 0:00,Organic,1.552314128,196835.6
Great_Lakes,3/10/19 0:00,Conventional,1.072176512,3794092.29
Great_Lakes,3/10/19 0:00,Organic,1.510135862,188699.95
Great_Lakes,3/17/19 0:00,Conventional,1.052867666,4184428.89
Great_Lakes,3/17/19 0:00,Organic,1.560711225,171640.83
Great_Lakes,3/24/19 0:00,Conventional,1.046159663,3752926.18
Great_Lakes,3/24/19 0:00,Organic,1.505214368,169280.88
Great_Lakes,3/31/19 0:00,Conventional,1.079556202,3569524.52
Great_Lakes,3/31/19 0:00,Organic,1.556380998,146729.66
Great_Lakes,4/7/19 0:00,Conventional,1.053538133,4281559.61
Great_Lakes,4/7/19 0:00,Organic,1.711212375,152663.62
Great_Lakes,4/14/19 0:00,Conventional,1.142013027,3777622.55
Great_Lakes,4/14/19 0:00,Organic,1.634525084,170393.45
Great_Lakes,4/21/19 0:00,Conventional,1.320101815,3390019.1
Great_Lakes,4/21/19 0:00,Organic,1.875775307,152729.11
Great_Lakes,4/28/19 0:00,Conventional,1.530612298,2728677.59
Great_Lakes,4/28/19 0:00,Organic,2.153399988,130083.37
Great_Lakes,5/5/19 0:00,Conventional,1.28763042,4113530.04
Great_Lakes,5/5/19 0:00,Organic,2.172696636,133526.27
Great_Lakes,5/12/19 0:00,Conventional,1.320300602,3655493.98
Great_Lakes,5/12/19 0:00,Organic,2.124843905,140272.18
Great_Lakes,5/19/19 0:00,Conventional,1.448138461,3124227.28
Great_Lakes,5/19/19 0:00,Organic,2.106295759,157583.71
Great_Lakes,5/26/19 0:00,Conventional,1.457565095,3396975.92
Great_Lakes,5/26/19 0:00,Organic,2.085636412,155435.98
Great_Lakes,6/2/19 0:00,Conventional,1.237181057,4150543.78
Great_Lakes,6/2/19 0:00,Organic,1.978228171,138581.91
Great_Lakes,6/9/19 0:00,Conventional,1.248544619,3620045.7
Great_Lakes,6/9/19 0:00,Organic,1.955524071,133915.28
Great_Lakes,6/16/19 0:00,Conventional,1.445236844,3108111.94
Great_Lakes,6/16/19 0:00,Organic,2.085056482,150022.33
Great_Lakes,6/23/19 0:00,Conventional,1.513517717,2909903.98
Great_Lakes,6/23/19 0:00,Organic,2.11115192,131553.11
Great_Lakes,6/30/19 0:00,Conventional,1.557819845,3128534.33
Great_Lakes,6/30/19 0:00,Organic,2.338449752,111895.83
Great_Lakes,7/7/19 0:00,Conventional,1.613617411,3401015.98
Great_Lakes,7/7/19 0:00,Organic,2.399920863,117989.7
Great_Lakes,7/14/19 0:00,Conventional,1.661392807,2825367.19
Great_Lakes,7/14/19 0:00,Organic,2.271673816,122442.18
Great_Lakes,7/21/19 0:00,Conventional,1.722445619,2759323.12
Great_Lakes,7/21/19 0:00,Organic,2.343861172,122041.88
Great_Lakes,7/28/19 0:00,Conventional,1.688141727,2770295.22
Great_Lakes,7/28/19 0:00,Organic,2.338974209,120043.86
Great_Lakes,8/4/19 0:00,Conventional,1.630533913,2682324.56
Great_Lakes,8/4/19 0:00,Organic,2.363984248,121103.13
Great_Lakes,8/11/19 0:00,Conventional,1.542050017,2949323.25
Great_Lakes,8/11/19 0:00,Organic,2.348086091,115216.15
Great_Lakes,8/18/19 0:00,Conventional,1.363272148,3145647.37
Great_Lakes,8/18/19 0:00,Organic,2.194180973,112460.53
Great_Lakes,8/25/19 0:00,Conventional,1.364289095,3135397.85
Great_Lakes,8/25/19 0:00,Organic,2.220231754,102013.8
Great_Lakes,9/1/19 0:00,Conventional,1.277477032,3260835.07
Great_Lakes,9/1/19 0:00,Organic,2.115724354,117303.01
Great_Lakes,9/8/19 0:00,Conventional,1.168742462,3727737.46
Great_Lakes,9/8/19 0:00,Organic,1.990280923,123487.13
Great_Lakes,9/15/19 0:00,Conventional,1.27911973,2983077.57
Great_Lakes,9/15/19 0:00,Organic,1.985635928,117711.42
Great_Lakes,9/22/19 0:00,Conventional,1.291073286,3034325.72
Great_Lakes,9/22/19 0:00,Organic,2.086446016,117794
Great_Lakes,9/29/19 0:00,Conventional,1.174921107,3555280.07
Great_Lakes,9/29/19 0:00,Organic,2.009977967,107717.34
Great_Lakes,10/6/19 0:00,Conventional,1.27679348,3208792.36
Great_Lakes,10/6/19 0:00,Organic,1.86515042,129443.45
Great_Lakes,10/13/19 0:00,Conventional,1.283752542,2675942.16
Great_Lakes,10/13/19 0:00,Organic,1.731385202,151620.82
Great_Lakes,10/20/19 0:00,Conventional,1.262979141,2944931.28
Great_Lakes,10/20/19 0:00,Organic,1.764276193,125301.83
Great_Lakes,10/27/19 0:00,Conventional,1.08371227,3325034.02
Great_Lakes,10/27/19 0:00,Organic,1.453056473,168299.69
Great_Lakes,11/3/19 0:00,Conventional,1.154331926,2922729.77
Great_Lakes,11/3/19 0:00,Organic,1.496056951,150738.68
Great_Lakes,11/10/19 0:00,Conventional,1.025043736,3529268.72
Great_Lakes,11/10/19 0:00,Organic,1.712007654,129959.03
Great_Lakes,11/17/19 0:00,Conventional,1.174858361,2830112.36
Great_Lakes,11/17/19 0:00,Organic,1.715557453,138140.7
Great_Lakes,11/24/19 0:00,Conventional,1.213280979,2617245.62
Great_Lakes,11/24/19 0:00,Organic,1.748039678,120018.24
Great_Lakes,12/1/19 0:00,Conventional,1.164944403,2486139.65
Great_Lakes,12/1/19 0:00,Organic,1.591075583,120953.41
Great_Lakes,12/8/19 0:00,Conventional,0.94337933,3805574.18
Great_Lakes,12/8/19 0:00,Organic,1.437605963,150435.17
Great_Lakes,12/15/19 0:00,Conventional,1.167353768,2703733.69
Great_Lakes,12/15/19 0:00,Organic,1.689122663,124214.41
Great_Lakes,12/22/19 0:00,Conventional,1.122054773,2907104.63
Great_Lakes,12/22/19 0:00,Organic,1.751534541,129094.48
Great_Lakes,12/29/19 0:00,Conventional,0.966000733,3230383.93
Great_Lakes,12/29/19 0:00,Organic,1.411845134,157782.48
Great_Lakes,1/6/20 0:00,Conventional,0.964466503,3908582.84
Great_Lakes,1/6/20 0:00,Organic,1.359737473,219305.86
Great_Lakes,1/12/20 0:00,Conventional,1.034143541,3903810.13
Great_Lakes,1/12/20 0:00,Organic,1.625453691,203430.5
Great_Lakes,1/19/20 0:00,Conventional,0.993685133,4270934.23
Great_Lakes,1/19/20 0:00,Organic,1.617593808,153970.11
Great_Lakes,1/26/20 0:00,Conventional,1.092170319,3649629.27
Great_Lakes,1/26/20 0:00,Organic,1.60529599,136854.66
Great_Lakes,2/2/20 0:00,Conventional,0.798124154,5729623.3
Great_Lakes,2/2/20 0:00,Organic,1.292515143,202393.87
Great_Lakes,2/9/20 0:00,Conventional,0.970189315,3947839.35
Great_Lakes,2/9/20 0:00,Organic,1.311221127,216404.45
Great_Lakes,2/16/20 0:00,Conventional,1.152901847,3214145.27
Great_Lakes,2/16/20 0:00,Organic,1.652681716,149290.63
Great_Lakes,2/23/20 0:00,Conventional,1.113273551,3847029.75
Great_Lakes,2/23/20 0:00,Organic,1.651182408,141980.47
Great_Lakes,3/1/20 0:00,Conventional,1.155571134,3597034.49
Great_Lakes,3/1/20 0:00,Organic,1.688592061,159653.98
Great_Lakes,3/8/20 0:00,Conventional,1.167478152,3843503.36
Great_Lakes,3/8/20 0:00,Organic,1.689129115,168695.74
Great_Lakes,3/15/20 0:00,Conventional,1.357595838,4084779.63
Great_Lakes,3/15/20 0:00,Organic,1.854819645,174367.8
Great_Lakes,3/22/20 0:00,Conventional,1.288235117,4185317.47
Great_Lakes,3/22/20 0:00,Organic,1.76645505,171038.14
Great_Lakes,3/29/20 0:00,Conventional,1.152227104,3942914.25
Great_Lakes,3/29/20 0:00,Organic,1.864110381,129876.42
Great_Lakes,4/5/20 0:00,Conventional,1.17228104,4177311.38
Great_Lakes,4/5/20 0:00,Organic,1.707717176,194411.94
Great_Lakes,4/12/20 0:00,Conventional,1.331498603,3965850.67
Great_Lakes,4/12/20 0:00,Organic,1.621898723,230970.04
Great_Lakes,4/19/20 0:00,Conventional,1.348308991,3864124.69
Great_Lakes,4/19/20 0:00,Organic,1.839769212,206113.06
Great_Lakes,4/26/20 0:00,Conventional,1.354150338,4237052.27
Great_Lakes,4/26/20 0:00,Organic,1.843428235,197535.24
Great_Lakes,5/3/20 0:00,Conventional,1.060083977,5562356.95
Great_Lakes,5/3/20 0:00,Organic,1.675243688,233700.56
Great_Lakes,5/10/20 0:00,Conventional,1.159564689,5229536.96
Great_Lakes,5/10/20 0:00,Organic,1.800478963,210601.96
Great_Lakes,5/17/20 0:00,Conventional,1.30043166,4290058.52
Great_Lakes,5/17/20 0:00,Organic,1.883197706,170786.38
Great_Lakes,5/24/20 0:00,Conventional,1.226240494,4853867.45
Great_Lakes,5/24/20 0:00,Organic,1.927712916,152736.64
Great_Lakes,5/31/20 0:00,Conventional,1.12695483,5041721.59
Great_Lakes,5/31/20 0:00,Organic,1.83999391,171763.54
Great_Lakes,6/7/20 0:00,Conventional,1.101860126,4976372.53
Great_Lakes,6/7/20 0:00,Organic,1.857691467,167158.71
Great_Lakes,6/14/20 0:00,Conventional,1.21928734,4241648.3
Great_Lakes,6/14/20 0:00,Organic,1.864339281,180260.63
Great_Lakes,6/21/20 0:00,Conventional,1.221863768,4251696.37
Great_Lakes,6/21/20 0:00,Organic,1.832969143,185198.85
Great_Lakes,6/28/20 0:00,Conventional,0.961632286,5329835.83
Great_Lakes,6/28/20 0:00,Organic,1.777836014,162545.45
Great_Lakes,7/5/20 0:00,Conventional,1.101484288,4773384.16
Great_Lakes,7/5/20 0:00,Organic,1.775835668,178326.81
Great_Lakes,7/12/20 0:00,Conventional,1.103407273,4167420.67
Great_Lakes,7/12/20 0:00,Organic,1.818281593,167185.5
Great_Lakes,7/19/20 0:00,Conventional,1.01709061,4944125.91
Great_Lakes,7/19/20 0:00,Organic,1.822857259,165968.62
Great_Lakes,7/26/20 0:00,Conventional,0.967716343,4859798.03
Great_Lakes,7/26/20 0:00,Organic,1.737548752,169224.39
Great_Lakes,8/2/20 0:00,Conventional,0.993718919,4541276.95
Great_Lakes,8/2/20 0:00,Organic,1.719673019,170249.92
Great_Lakes,8/9/20 0:00,Conventional,1.04713989,4098713.9
Great_Lakes,8/9/20 0:00,Organic,1.792381948,160762.53
Great_Lakes,8/16/20 0:00,Conventional,0.922898656,4526211.93
Great_Lakes,8/16/20 0:00,Organic,1.755714912,159570.88
Great_Lakes,8/23/20 0:00,Conventional,0.934394354,4483126.77
Great_Lakes,8/23/20 0:00,Organic,1.742015263,141023.24
Great_Lakes,8/30/20 0:00,Conventional,0.988936034,4168205.88
Great_Lakes,8/30/20 0:00,Organic,1.702131745,148360.76
Great_Lakes,9/6/20 0:00,Conventional,1.07030399,3913646.37
Great_Lakes,9/6/20 0:00,Organic,1.46475371,185408.21
Great_Lakes,9/13/20 0:00,Conventional,1.034858738,3899449.84
Great_Lakes,9/13/20 0:00,Organic,1.526469879,166879.64
Great_Lakes,9/20/20 0:00,Conventional,0.933623527,4112019.29
Great_Lakes,9/20/20 0:00,Organic,1.69452243,137255.32
Great_Lakes,9/27/20 0:00,Conventional,1.091391286,3539674.25
Great_Lakes,9/27/20 0:00,Organic,1.763669457,132831.67
Great_Lakes,10/4/20 0:00,Conventional,1.022737667,3838179.8
Great_Lakes,10/4/20 0:00,Organic,1.675236581,139014.34
Great_Lakes,10/11/20 0:00,Conventional,1.041664113,3811580.51
Great_Lakes,10/11/20 0:00,Organic,1.621542179,138760.26
Great_Lakes,10/18/20 0:00,Conventional,1.070860269,3669730.49
Great_Lakes,10/18/20 0:00,Organic,1.61821636,138685.9
Great_Lakes,10/25/20 0:00,Conventional,0.989886714,3986590.52
Great_Lakes,10/25/20 0:00,Organic,1.593320699,137124.88
Great_Lakes,11/1/20 0:00,Conventional,0.934114572,4259467.76
Great_Lakes,11/1/20 0:00,Organic,1.424133689,186513.08
Great_Lakes,11/8/20 0:00,Conventional,1.013962215,3655506.92
Great_Lakes,11/8/20 0:00,Organic,1.430362283,182936.03
Great_Lakes,11/15/20 0:00,Conventional,1.045305319,3773600.41
Great_Lakes,11/15/20 0:00,Organic,1.516186501,151968.66
Great_Lakes,11/22/20 0:00,Conventional,0.998558109,3523213.05
Great_Lakes,11/22/20 0:00,Organic,1.618231544,136981.24
Great_Lakes,11/29/20 0:00,Conventional,0.947051723,3106347.92
Great_Lakes,11/29/20 0:00,Organic,1.660600677,120917.57
Great_Lakes,12/6/20 0:00,Conventional,0.962735001,3779814.93
Great_Lakes,12/6/20 0:00,Organic,1.631828535,151192.6
Great_Lakes,12/13/20 0:00,Conventional,0.937762175,3925843.85
Great_Lakes,12/13/20 0:00,Organic,1.512060003,143802.74
Great_Lakes,12/20/20 0:00,Conventional,0.920920925,3718806.9
Great_Lakes,12/20/20 0:00,Organic,1.596854703,130970.08
Great_Lakes,12/27/20 0:00,Conventional,0.959250377,3278256.56
Great_Lakes,12/27/20 0:00,Organic,1.5102727,136516.45
Great_Lakes,1/4/21 0:00,Conventional,0.863859431,4767200.53
Great_Lakes,1/4/21 0:00,Organic,1.505937576,156469.36
Great_Lakes,1/10/21 0:00,Conventional,0.998266563,4285299.61
Great_Lakes,1/10/21 0:00,Organic,1.49906509,177313.35
Great_Lakes,1/17/21 0:00,Conventional,0.940249749,5124476.6
Great_Lakes,1/17/21 0:00,Organic,1.569606691,172884.83
Great_Lakes,1/24/21 0:00,Conventional,0.927500663,4910477.29
Great_Lakes,1/24/21 0:00,Organic,1.377884988,187392.53
Great_Lakes,1/31/21 0:00,Conventional,1.066378557,4078760.76
Great_Lakes,1/31/21 0:00,Organic,1.476034814,205883.31
Great_Lakes,2/7/21 0:00,Conventional,0.795778642,5534257.18
Great_Lakes,2/7/21 0:00,Organic,1.31632422,252031.91
Great_Lakes,2/14/21 0:00,Conventional,0.93675792,3994364.42
Great_Lakes,2/14/21 0:00,Organic,1.344604612,214777.21
Great_Lakes,2/21/21 0:00,Conventional,1.013468202,4056889.29
Great_Lakes,2/21/21 0:00,Organic,1.390532215,191243.72
Great_Lakes,2/28/21 0:00,Conventional,0.831189026,4981711.21
Great_Lakes,2/28/21 0:00,Organic,1.475879768,173799.88
Great_Lakes,3/7/21 0:00,Conventional,0.952201269,4599545.35
Great_Lakes,3/7/21 0:00,Organic,1.367636108,215017.66
Great_Lakes,3/14/21 0:00,Conventional,1.003684082,4254442.37
Great_Lakes,3/14/21 0:00,Organic,1.496030309,171290.84
Great_Lakes,3/21/21 0:00,Conventional,1.074392674,4053700
Great_Lakes,3/21/21 0:00,Organic,1.504557505,170650.08
Great_Lakes,3/28/21 0:00,Conventional,1.177818988,3948736.95
Great_Lakes,3/28/21 0:00,Organic,1.381919581,178466.32
Great_Lakes,4/4/21 0:00,Conventional,1.278066693,3880915.1
Great_Lakes,4/4/21 0:00,Organic,1.597712523,185329.44
Great_Lakes,4/11/21 0:00,Conventional,1.270459274,3528735.24
Great_Lakes,4/11/21 0:00,Organic,1.687046738,178601.55
Great_Lakes,4/18/21 0:00,Conventional,1.262672212,3823999.24
Great_Lakes,4/18/21 0:00,Organic,1.618417207,199766.01
Great_Lakes,4/25/21 0:00,Conventional,1.128825004,4256479.3
Great_Lakes,4/25/21 0:00,Organic,1.643699852,196049.7
Great_Lakes,5/2/21 0:00,Conventional,1.060005807,4856414.1
Great_Lakes,5/2/21 0:00,Organic,1.582630213,200875.67
Great_Lakes,5/9/21 0:00,Conventional,1.078343324,4504114.73
Great_Lakes,5/9/21 0:00,Organic,1.554986955,234420.57
Great_Lakes,5/16/21 0:00,Conventional,1.124557051,4032665.23
Great_Lakes,5/16/21 0:00,Organic,1.531200311,199345.96
Great_Lakes,5/23/21 0:00,Conventional,1.082200104,4284126.73
Great_Lakes,5/23/21 0:00,Organic,1.518867184,190547.92
Great_Lakes,5/30/21 0:00,Conventional,1.245710322,3919605.53
Great_Lakes,5/30/21 0:00,Organic,1.718458592,167869.14
Great_Lakes,6/6/21 0:00,Conventional,1.132014681,4096487.31
Great_Lakes,6/6/21 0:00,Organic,1.721530345,168223.74
Great_Lakes,6/13/21 0:00,Conventional,1.170113026,4020492.73
Great_Lakes,6/13/21 0:00,Organic,1.523706508,203526.08
Great_Lakes,6/20/21 0:00,Conventional,1.161668511,4393130.99
Great_Lakes,6/20/21 0:00,Organic,1.504343085,162528.82
Great_Lakes,6/27/21 0:00,Conventional,1.210094146,3657826.35
Great_Lakes,6/27/21 0:00,Organic,1.455874554,161639.78
Great_Lakes,7/4/21 0:00,Conventional,1.184716906,4176666.73
Great_Lakes,7/4/21 0:00,Organic,1.616560214,144713.22
Great_Lakes,7/11/21 0:00,Conventional,1.132922194,3761638.2
Great_Lakes,7/11/21 0:00,Organic,1.517889316,148463.6
Great_Lakes,7/18/21 0:00,Conventional,0.974761155,4679164.36
Great_Lakes,7/18/21 0:00,Organic,1.507930706,180116.91
Great_Lakes,7/25/21 0:00,Conventional,1.042659777,4121562.86
Great_Lakes,7/25/21 0:00,Organic,1.628735564,166248.41
Great_Lakes,8/1/21 0:00,Conventional,1.161587504,3480808.06
Great_Lakes,8/1/21 0:00,Organic,1.654285181,174219.4
Great_Lakes,8/8/21 0:00,Conventional,1.165899451,3564039.44
Great_Lakes,8/8/21 0:00,Organic,1.763305706,162371.08
Great_Lakes,8/15/21 0:00,Conventional,1.049757509,4036107.86
Great_Lakes,8/15/21 0:00,Organic,1.652200136,169426.97
Great_Lakes,8/22/21 0:00,Conventional,1.110083942,3687235.16
Great_Lakes,8/22/21 0:00,Organic,1.599276079,182496.45
Great_Lakes,8/29/21 0:00,Conventional,1.183639248,3480916.55
Great_Lakes,8/29/21 0:00,Organic,1.757539251,174008.55
Great_Lakes,9/5/21 0:00,Conventional,1.131019553,3742690.13
Great_Lakes,9/5/21 0:00,Organic,1.645707358,181079.74
Great_Lakes,9/12/21 0:00,Conventional,1.094684423,3615640.41
Great_Lakes,9/12/21 0:00,Organic,1.657086274,172547.04
Great_Lakes,9/19/21 0:00,Conventional,1.136051824,3502369.95
Great_Lakes,9/19/21 0:00,Organic,1.633130993,168383.38
Great_Lakes,9/26/21 0:00,Conventional,1.216406407,3183910.5
Great_Lakes,9/26/21 0:00,Organic,1.599710122,160113.84
Great_Lakes,10/3/21 0:00,Conventional,1.105501151,3683586.14
Great_Lakes,10/3/21 0:00,Organic,1.653400051,137990.92
Great_Lakes,10/10/21 0:00,Conventional,1.202356986,3369119.16
Great_Lakes,10/10/21 0:00,Organic,1.538911358,172080.29
Great_Lakes,10/17/21 0:00,Conventional,1.175524195,3472236.38
Great_Lakes,10/17/21 0:00,Organic,1.694545453,151316.59
Great_Lakes,10/24/21 0:00,Conventional,1.215459098,3337709.48
Great_Lakes,10/24/21 0:00,Organic,1.697888364,155646.19
Great_Lakes,10/31/21 0:00,Conventional,1.077823218,3703431.5
Great_Lakes,10/31/21 0:00,Organic,1.525970482,187872.13
Great_Lakes,11/7/21 0:00,Conventional,1.150453477,3335437.85
Great_Lakes,11/7/21 0:00,Organic,1.675301472,167498.56
Great_Lakes,11/14/21 0:00,Conventional,1.046645841,3878394.04
Great_Lakes,11/14/21 0:00,Organic,1.52727493,176872.46
Great_Lakes,11/21/21 0:00,Conventional,1.163804527,3095468.3
Great_Lakes,11/21/21 0:00,Organic,1.480008378,165468.14
Great_Lakes,11/28/21 0:00,Conventional,1.064335197,3030195.46
Great_Lakes,11/28/21 0:00,Organic,1.71925058,130296.86
Great_Lakes,1/3/22 0:00,Conventional,0.940627899,4903981.56
Great_Lakes,1/3/22 0:00,Organic,1.602071652,161488.19
Great_Lakes,1/9/22 0:00,Conventional,1.079471904,4211116.2
Great_Lakes,1/9/22 0:00,Organic,1.574685195,165225.36
Great_Lakes,1/16/22 0:00,Conventional,1.133069484,4222604.01
Great_Lakes,1/16/22 0:00,Organic,1.455725911,199455.55
Great_Lakes,1/23/22 0:00,Conventional,1.205796938,3972117.03
Great_Lakes,1/23/22 0:00,Organic,1.581405211,188249.43
Great_Lakes,1/30/22 0:00,Conventional,1.083074346,4578795.46
Great_Lakes,1/30/22 0:00,Organic,1.591293723,194887.95
Great_Lakes,2/6/22 0:00,Conventional,1.181169375,4174432.06
Great_Lakes,2/6/22 0:00,Organic,1.588056493,180767.51
Great_Lakes,2/13/22 0:00,Conventional,1.171541825,5958123.19
Great_Lakes,2/13/22 0:00,Organic,1.775455723,141343.06
Great_Lakes,2/20/22 0:00,Conventional,1.246402122,4006188.79
Great_Lakes,2/20/22 0:00,Organic,1.82234386,133320.33
Great_Lakes,2/27/22 0:00,Conventional,1.300882202,3990377.03
Great_Lakes,2/27/22 0:00,Organic,1.75993336,146658.89
Great_Lakes,3/6/22 0:00,Conventional,1.370028459,3724685.98
Great_Lakes,3/6/22 0:00,Organic,1.777535063,148630.48
Great_Lakes,3/13/22 0:00,Conventional,1.313802121,3935453.23
Great_Lakes,3/13/22 0:00,Organic,1.831659282,180791.64
Great_Lakes,3/20/22 0:00,Conventional,1.340040837,3760310.11
Great_Lakes,3/20/22 0:00,Organic,1.874331216,159884.47
Great_Lakes,3/27/22 0:00,Conventional,1.453277312,3606213.25
Great_Lakes,3/27/22 0:00,Organic,1.925702902,160753.25
Great_Lakes,4/3/22 0:00,Conventional,1.300191817,4160554.2
Great_Lakes,4/3/22 0:00,Organic,1.860048146,168739.15
Great_Lakes,4/10/22 0:00,Conventional,1.351861906,4447412.45
Great_Lakes,4/10/22 0:00,Organic,1.816636028,168165.97
Great_Lakes,4/17/22 0:00,Conventional,1.474616663,3967244.05
Great_Lakes,4/17/22 0:00,Organic,1.91389009,163136.25
Great_Lakes,4/24/22 0:00,Conventional,1.448218508,3529794
Great_Lakes,4/24/22 0:00,Organic,1.99153478,141290.83
Great_Lakes,5/1/22 0:00,Conventional,1.317115889,4463753
Great_Lakes,5/1/22 0:00,Organic,2.017315044,139264.92
Great_Lakes,5/8/22 0:00,Conventional,1.309870712,4668944
Great_Lakes,5/8/22 0:00,Organic,1.872976768,156480.93
Great_Lakes,5/15/22 0:00,Conventional,1.557275969,3397891
Great_Lakes,5/15/22 0:00,Organic,1.972553547,151794.48
Midsouth,1/7/19 0:00,Conventional,1.130640196,3530466.96
Midsouth,1/7/19 0:00,Organic,1.496156514,246555.82
Midsouth,1/13/19 0:00,Conventional,1.106019815,3771688.05
Midsouth,1/13/19 0:00,Organic,1.524578443,252460.59
Midsouth,1/20/19 0:00,Conventional,1.068367208,3749158.05
Midsouth,1/20/19 0:00,Organic,1.566933206,215075.5
Midsouth,1/27/19 0:00,Conventional,1.122107117,3482342.27
Midsouth,1/27/19 0:00,Organic,1.557875109,212398.35
Midsouth,2/3/19 0:00,Conventional,0.936186744,4632197.97
Midsouth,2/3/19 0:00,Organic,1.53912877,211729.88
Midsouth,2/10/19 0:00,Conventional,1.020586119,3626976.82
Midsouth,2/10/19 0:00,Organic,1.447758908,230404.09
Midsouth,2/17/19 0:00,Conventional,1.064810674,3387987.37
Midsouth,2/17/19 0:00,Organic,1.497686162,200556.27
Midsouth,2/24/19 0:00,Conventional,1.078943138,3447710.42
Midsouth,2/24/19 0:00,Organic,1.491890156,206778.73
Midsouth,3/3/19 0:00,Conventional,1.127444745,3401426.84
Midsouth,3/3/19 0:00,Organic,1.458624857,228807.34
Midsouth,3/10/19 0:00,Conventional,1.08219325,3592513.24
Midsouth,3/10/19 0:00,Organic,1.387592625,246791.66
Midsouth,3/17/19 0:00,Conventional,0.999383807,3938034.21
Midsouth,3/17/19 0:00,Organic,1.448420765,217837.8
Midsouth,3/24/19 0:00,Conventional,1.103215013,3569473.42
Midsouth,3/24/19 0:00,Organic,1.516029157,203306.3
Midsouth,3/31/19 0:00,Conventional,1.099402854,3518285.55
Midsouth,3/31/19 0:00,Organic,1.610394608,186639.82
Midsouth,4/7/19 0:00,Conventional,0.996469261,4157898.28
Midsouth,4/7/19 0:00,Organic,1.562898186,201334.48
Midsouth,4/14/19 0:00,Conventional,1.200760774,3547752.9
Midsouth,4/14/19 0:00,Organic,1.660127547,176384.31
Midsouth,4/21/19 0:00,Conventional,1.410125924,3171363.86
Midsouth,4/21/19 0:00,Organic,1.838903858,174225.59
Midsouth,4/28/19 0:00,Conventional,1.480032748,3012040.34
Midsouth,4/28/19 0:00,Organic,1.876009242,166513.14
Midsouth,5/5/19 0:00,Conventional,1.259716346,4212423.07
Midsouth,5/5/19 0:00,Organic,1.86330571,159769.67
Midsouth,5/12/19 0:00,Conventional,1.262616444,3690906.7
Midsouth,5/12/19 0:00,Organic,1.750182516,171689.45
Midsouth,5/19/19 0:00,Conventional,1.252030296,3634909.81
Midsouth,5/19/19 0:00,Organic,1.879661516,143415.65
Midsouth,5/26/19 0:00,Conventional,1.417712719,3423428.51
Midsouth,5/26/19 0:00,Organic,1.827669359,174303.65
Midsouth,6/2/19 0:00,Conventional,1.251897574,3742548.21
Midsouth,6/2/19 0:00,Organic,1.738465986,163484.35
Midsouth,6/9/19 0:00,Conventional,1.286045549,3468454.43
Midsouth,6/9/19 0:00,Organic,1.685842827,154172.13
Midsouth,6/16/19 0:00,Conventional,1.468104104,3054414.23
Midsouth,6/16/19 0:00,Organic,1.791702583,155468.98
Midsouth,6/23/19 0:00,Conventional,1.50329613,3035999.88
Midsouth,6/23/19 0:00,Organic,1.943890201,133454.48
Midsouth,6/30/19 0:00,Conventional,1.502268632,3065001.64
Midsouth,6/30/19 0:00,Organic,1.949332306,155595.67
Midsouth,7/7/19 0:00,Conventional,1.521142217,3221577.53
Midsouth,7/7/19 0:00,Organic,2.015409086,155038.77
Midsouth,7/14/19 0:00,Conventional,1.542245057,2929710.63
Midsouth,7/14/19 0:00,Organic,2.080847494,140167.11
Midsouth,7/21/19 0:00,Conventional,1.562150908,2835451.59
Midsouth,7/21/19 0:00,Organic,1.992463518,153697.36
Midsouth,7/28/19 0:00,Conventional,1.557732417,2779012.18
Midsouth,7/28/19 0:00,Organic,2.133378417,146396.61
Midsouth,8/4/19 0:00,Conventional,1.51151123,2895543.99
Midsouth,8/4/19 0:00,Organic,2.086777973,164204.87
Midsouth,8/11/19 0:00,Conventional,1.402871425,3102640.38
Midsouth,8/11/19 0:00,Organic,2.08342572,164270.23
Midsouth,8/18/19 0:00,Conventional,1.428336078,3035121.34
Midsouth,8/18/19 0:00,Organic,1.972853148,174724.87
Midsouth,8/25/19 0:00,Conventional,1.342415918,3155709.58
Midsouth,8/25/19 0:00,Organic,1.948833428,172518.52
Midsouth,9/1/19 0:00,Conventional,1.271933631,3346651.74
Midsouth,9/1/19 0:00,Organic,1.89211278,173876.44
Midsouth,9/8/19 0:00,Conventional,1.309412087,3216680.27
Midsouth,9/8/19 0:00,Organic,1.86871683,184186.59
Midsouth,9/15/19 0:00,Conventional,1.382793869,2897132.73
Midsouth,9/15/19 0:00,Organic,1.76855339,198011.03
Midsouth,9/22/19 0:00,Conventional,1.38236243,2856476.23
Midsouth,9/22/19 0:00,Organic,1.567179259,226063.48
Midsouth,9/29/19 0:00,Conventional,1.34559152,2948706.4
Midsouth,9/29/19 0:00,Organic,1.688611475,205998.94
Midsouth,10/6/19 0:00,Conventional,1.277379998,3094519.98
Midsouth,10/6/19 0:00,Organic,1.660547103,182044.98
Midsouth,10/13/19 0:00,Conventional,1.240401453,2959626.58
Midsouth,10/13/19 0:00,Organic,1.69169357,168946.75
Midsouth,10/20/19 0:00,Conventional,1.265352988,2703181.7
Midsouth,10/20/19 0:00,Organic,1.697703093,164742.15
Midsouth,10/27/19 0:00,Conventional,1.118738836,3145402.6
Midsouth,10/27/19 0:00,Organic,1.662631631,160793.48
Midsouth,11/3/19 0:00,Conventional,1.197497574,2755242.18
Midsouth,11/3/19 0:00,Organic,1.632424781,165536.76
Midsouth,11/10/19 0:00,Conventional,1.209564907,2722637.17
Midsouth,11/10/19 0:00,Organic,1.643107669,163869.78
Midsouth,11/17/19 0:00,Conventional,1.113482015,2918588.83
Midsouth,11/17/19 0:00,Organic,1.675470815,141625.11
Midsouth,11/24/19 0:00,Conventional,1.159124791,2637823.6
Midsouth,11/24/19 0:00,Organic,1.788536784,122532.32
Midsouth,12/1/19 0:00,Conventional,1.195655286,2316199.5
Midsouth,12/1/19 0:00,Organic,1.765897727,124897.46
Midsouth,12/8/19 0:00,Conventional,1.13338409,2768760.46
Midsouth,12/8/19 0:00,Organic,1.708877012,136147.78
Midsouth,12/15/19 0:00,Conventional,1.171231007,2629846.4
Midsouth,12/15/19 0:00,Organic,1.589658664,144529.97
Midsouth,12/22/19 0:00,Conventional,1.157612977,2588452.76
Midsouth,12/22/19 0:00,Organic,1.710738458,129898.68
Midsouth,12/29/19 0:00,Conventional,1.020236879,2861040.33
Midsouth,12/29/19 0:00,Organic,1.482850083,146158.03
Midsouth,1/6/20 0:00,Conventional,1.017148323,3636728.38
Midsouth,1/6/20 0:00,Organic,1.436105556,188625.84
Midsouth,1/12/20 0:00,Conventional,1.075301078,3573428.37
Midsouth,1/12/20 0:00,Organic,1.508822921,180235.4
Midsouth,1/19/20 0:00,Conventional,1.036974188,3905542.68
Midsouth,1/19/20 0:00,Organic,1.523741616,172205.89
Midsouth,1/26/20 0:00,Conventional,1.100410815,3601330.68
Midsouth,1/26/20 0:00,Organic,1.569643923,183375.09
Midsouth,2/2/20 0:00,Conventional,0.932481316,4664255.7
Midsouth,2/2/20 0:00,Organic,1.524677922,190027.56
Midsouth,2/9/20 0:00,Conventional,1.031678716,3847582.07
Midsouth,2/9/20 0:00,Organic,1.605057501,175158.52
Midsouth,2/16/20 0:00,Conventional,1.108446107,3467418.31
Midsouth,2/16/20 0:00,Organic,1.584068721,177686.8
Midsouth,2/23/20 0:00,Conventional,1.100498486,3654882.61
Midsouth,2/23/20 0:00,Organic,1.569374139,185738.45
Midsouth,3/1/20 0:00,Conventional,1.10384222,3731693.44
Midsouth,3/1/20 0:00,Organic,1.594980658,171677.23
Midsouth,3/8/20 0:00,Conventional,1.198186422,3627420.4
Midsouth,3/8/20 0:00,Organic,1.613192116,183940.47
Midsouth,3/15/20 0:00,Conventional,1.189535253,4444939.65
Midsouth,3/15/20 0:00,Organic,1.621491304,231615.39
Midsouth,3/22/20 0:00,Conventional,1.235674165,4253393.86
Midsouth,3/22/20 0:00,Organic,1.601187457,221042.76
Midsouth,3/29/20 0:00,Conventional,1.238233619,4061844.26
Midsouth,3/29/20 0:00,Organic,1.72234166,166259.7
Midsouth,4/5/20 0:00,Conventional,1.156743105,4491661.78
Midsouth,4/5/20 0:00,Organic,1.780517314,207338.4
Midsouth,4/12/20 0:00,Conventional,1.228892576,4262317.9
Midsouth,4/12/20 0:00,Organic,1.758397372,204166.43
Midsouth,4/19/20 0:00,Conventional,1.238602237,4183371.69
Midsouth,4/19/20 0:00,Organic,1.7487345,223850.88
Midsouth,4/26/20 0:00,Conventional,1.235494341,4417722.13
Midsouth,4/26/20 0:00,Organic,1.740454154,227767.6
Midsouth,5/3/20 0:00,Conventional,1.057265237,5575457.19
Midsouth,5/3/20 0:00,Organic,1.598205738,248365.75
Midsouth,5/10/20 0:00,Conventional,1.135199931,4954625.11
Midsouth,5/10/20 0:00,Organic,1.747312025,228922.22
Midsouth,5/17/20 0:00,Conventional,1.183228427,4618059.86
Midsouth,5/17/20 0:00,Organic,1.758333854,211954.09
Midsouth,5/24/20 0:00,Conventional,1.155027651,4872648.68
Midsouth,5/24/20 0:00,Organic,1.672771051,216190.67
Midsouth,5/31/20 0:00,Conventional,1.167795453,4702901.95
Midsouth,5/31/20 0:00,Organic,1.778057313,200695.13
Midsouth,6/7/20 0:00,Conventional,1.187187879,4619097.49
Midsouth,6/7/20 0:00,Organic,1.775425071,208855.65
Midsouth,6/14/20 0:00,Conventional,1.160269036,4654604.25
Midsouth,6/14/20 0:00,Organic,1.776471183,209093.22
Midsouth,6/21/20 0:00,Conventional,1.17063317,4420635.51
Midsouth,6/21/20 0:00,Organic,1.802285209,197703.27
Midsouth,6/28/20 0:00,Conventional,1.167650091,4247505.82
Midsouth,6/28/20 0:00,Organic,1.772921559,211711.84
Midsouth,7/5/20 0:00,Conventional,1.170684608,4527439.44
Midsouth,7/5/20 0:00,Organic,1.785538666,210947.32
Midsouth,7/12/20 0:00,Conventional,1.132341752,4214226.74
Midsouth,7/12/20 0:00,Organic,1.760530558,207197.36
Midsouth,7/19/20 0:00,Conventional,1.073572801,4358430.37
Midsouth,7/19/20 0:00,Organic,1.566352557,244590.83
Midsouth,7/26/20 0:00,Conventional,1.052127751,4297514.86
Midsouth,7/26/20 0:00,Organic,1.538405423,247381.88
Midsouth,8/2/20 0:00,Conventional,0.991221689,4505604.69
Midsouth,8/2/20 0:00,Organic,1.713766218,199572.89
Midsouth,8/9/20 0:00,Conventional,1.037939132,4199387.89
Midsouth,8/9/20 0:00,Organic,1.689401357,203662.96
Midsouth,8/16/20 0:00,Conventional,1.079353457,4032353.12
Midsouth,8/16/20 0:00,Organic,1.701502779,213271.73
Midsouth,8/23/20 0:00,Conventional,1.042475028,4214563.7
Midsouth,8/23/20 0:00,Organic,1.687237779,195243.28
Midsouth,8/30/20 0:00,Conventional,1.00286002,4235696.76
Midsouth,8/30/20 0:00,Organic,1.666101552,195685.86
Midsouth,9/6/20 0:00,Conventional,1.034497138,4179874.22
Midsouth,9/6/20 0:00,Organic,1.674991178,179261.83
Midsouth,9/13/20 0:00,Conventional,1.022792767,4148920.94
Midsouth,9/13/20 0:00,Organic,1.687103687,171375.94
Midsouth,9/20/20 0:00,Conventional,1.043274864,3854031.8
Midsouth,9/20/20 0:00,Organic,1.609780125,184295.31
Midsouth,9/27/20 0:00,Conventional,0.967984405,4111562.83
Midsouth,9/27/20 0:00,Organic,1.626166849,186620.82
Midsouth,10/4/20 0:00,Conventional,1.058252054,3731425.09
Midsouth,10/4/20 0:00,Organic,1.638479023,186288.71
Midsouth,10/11/20 0:00,Conventional,1.055727098,3605872.4
Midsouth,10/11/20 0:00,Organic,1.623472446,190444.17
Midsouth,10/18/20 0:00,Conventional,1.011966231,3780090.23
Midsouth,10/18/20 0:00,Organic,1.600190366,188138.54
Midsouth,10/25/20 0:00,Conventional,0.969097583,3792997.52
Midsouth,10/25/20 0:00,Organic,1.551921352,189941.36
Midsouth,11/1/20 0:00,Conventional,1.028903806,3629056.05
Midsouth,11/1/20 0:00,Organic,1.580928336,182208.06
Midsouth,11/8/20 0:00,Conventional,1.031252329,3581293.51
Midsouth,11/8/20 0:00,Organic,1.550993402,177808.17
Midsouth,11/15/20 0:00,Conventional,1.017461854,3622395.62
Midsouth,11/15/20 0:00,Organic,1.562730339,179938.25
Midsouth,11/22/20 0:00,Conventional,1.012530344,3402279.4
Midsouth,11/22/20 0:00,Organic,1.436431788,199962.7
Midsouth,11/29/20 0:00,Conventional,1.022916333,2930951.89
Midsouth,11/29/20 0:00,Organic,1.440821981,178485.15
Midsouth,12/6/20 0:00,Conventional,0.970873715,3552771.73
Midsouth,12/6/20 0:00,Organic,1.337813484,216662.29
Midsouth,12/13/20 0:00,Conventional,0.948745665,3667527.55
Midsouth,12/13/20 0:00,Organic,1.382309758,202113.32
Midsouth,12/20/20 0:00,Conventional,1.002747983,3386005.06
Midsouth,12/20/20 0:00,Organic,1.410229918,192665.47
Midsouth,12/27/20 0:00,Conventional,0.961857011,3173693.59
Midsouth,12/27/20 0:00,Organic,1.401291556,189626.25
Midsouth,1/4/21 0:00,Conventional,0.91054891,4336569.06
Midsouth,1/4/21 0:00,Organic,1.253645806,250974.17
Midsouth,1/10/21 0:00,Conventional,0.964635326,4291025.26
Midsouth,1/10/21 0:00,Organic,1.340853605,265461.37
Midsouth,1/17/21 0:00,Conventional,1.007753364,4263386.86
Midsouth,1/17/21 0:00,Organic,1.376553822,267346.14
Midsouth,1/24/21 0:00,Conventional,0.963670259,4425454.98
Midsouth,1/24/21 0:00,Organic,1.299800286,277712.3
Midsouth,1/31/21 0:00,Conventional,0.977609287,4532997.18
Midsouth,1/31/21 0:00,Organic,1.285322189,280072.17
Midsouth,2/7/21 0:00,Conventional,0.887153714,5237336.68
Midsouth,2/7/21 0:00,Organic,1.266544248,282898.28
Midsouth,2/14/21 0:00,Conventional,0.972658917,4348166.42
Midsouth,2/14/21 0:00,Organic,1.291691662,272104.53
Midsouth,2/21/21 0:00,Conventional,1.031891239,3996437.96
Midsouth,2/21/21 0:00,Organic,1.322073561,275299.36
Midsouth,2/28/21 0:00,Conventional,1.016403764,4198390.18
Midsouth,2/28/21 0:00,Organic,1.239639709,295436.14
Midsouth,3/7/21 0:00,Conventional,1.016598177,4362405.1
Midsouth,3/7/21 0:00,Organic,1.257624792,291037.49
Midsouth,3/14/21 0:00,Conventional,0.997474751,4453267.36
Midsouth,3/14/21 0:00,Organic,1.267659076,292010.96
Midsouth,3/21/21 0:00,Conventional,1.065293022,4324930.92
Midsouth,3/21/21 0:00,Organic,1.242020352,291946.27
Midsouth,3/28/21 0:00,Conventional,1.09828713,4321996.18
Midsouth,3/28/21 0:00,Organic,1.315246449,286174.64
Midsouth,4/4/21 0:00,Conventional,1.169739076,4086127.51
Midsouth,4/4/21 0:00,Organic,1.409194065,292823.6
Midsouth,4/11/21 0:00,Conventional,1.196665664,4015137.8
Midsouth,4/11/21 0:00,Organic,1.438892017,303416.01
Midsouth,4/18/21 0:00,Conventional,1.165997238,4249880.56
Midsouth,4/18/21 0:00,Organic,1.422192818,324390.72
Midsouth,4/25/21 0:00,Conventional,1.218851518,4101316.94
Midsouth,4/25/21 0:00,Organic,1.461124042,302518.87
Midsouth,5/2/21 0:00,Conventional,1.039808916,4738524.78
Midsouth,5/2/21 0:00,Organic,1.387149765,312093.74
Midsouth,5/9/21 0:00,Conventional,1.113133152,4434382.31
Midsouth,5/9/21 0:00,Organic,1.436676308,294220.06
Midsouth,5/16/21 0:00,Conventional,1.231560504,3911698.09
Midsouth,5/16/21 0:00,Organic,1.459464839,279607.97
Midsouth,5/23/21 0:00,Conventional,1.205209136,4093961.43
Midsouth,5/23/21 0:00,Organic,1.385730888,304932.31
Midsouth,5/30/21 0:00,Conventional,1.216073535,4112189.68
Midsouth,5/30/21 0:00,Organic,1.419995773,297147.01
Midsouth,6/6/21 0:00,Conventional,1.223526927,3971786.44
Midsouth,6/6/21 0:00,Organic,1.424257391,316494.02
Midsouth,6/13/21 0:00,Conventional,1.161762135,4009614.45
Midsouth,6/13/21 0:00,Organic,1.437064966,316491.44
Midsouth,6/20/21 0:00,Conventional,1.202456581,3850283.11
Midsouth,6/20/21 0:00,Organic,1.419292492,230863.19
Midsouth,6/27/21 0:00,Conventional,1.224626816,3655374.53
Midsouth,6/27/21 0:00,Organic,1.604510574,165711.25
Midsouth,7/4/21 0:00,Conventional,1.221518489,3888103.96
Midsouth,7/4/21 0:00,Organic,1.703178826,163518.94
Midsouth,7/11/21 0:00,Conventional,1.174045018,3752812.05
Midsouth,7/11/21 0:00,Organic,1.706492699,153864.36
Midsouth,7/18/21 0:00,Conventional,1.121232253,3889260.94
Midsouth,7/18/21 0:00,Organic,1.710624802,210688.21
Midsouth,7/25/21 0:00,Conventional,1.161968315,3647619.65
Midsouth,7/25/21 0:00,Organic,1.770360123,195148.66
Midsouth,8/1/21 0:00,Conventional,1.142426517,3620534.77
Midsouth,8/1/21 0:00,Organic,1.743162968,193948.04
Midsouth,8/8/21 0:00,Conventional,1.194462071,3427457.56
Midsouth,8/8/21 0:00,Organic,1.667671223,206266.22
Midsouth,8/15/21 0:00,Conventional,1.138388064,3794385.82
Midsouth,8/15/21 0:00,Organic,1.742032369,212850.54
Midsouth,8/22/21 0:00,Conventional,1.083140399,3910827.11
Midsouth,8/22/21 0:00,Organic,1.738806207,227329.76
Midsouth,8/29/21 0:00,Conventional,1.114383462,3821465.31
Midsouth,8/29/21 0:00,Organic,1.694283007,227512.49
Midsouth,9/5/21 0:00,Conventional,1.066124134,3580414.98
Midsouth,9/5/21 0:00,Organic,1.681649036,228377.23
Midsouth,9/12/21 0:00,Conventional,1.185512908,3585845.84
Midsouth,9/12/21 0:00,Organic,1.725707158,218537.96
Midsouth,9/19/21 0:00,Conventional,1.15735391,3629818.83
Midsouth,9/19/21 0:00,Organic,1.676179393,231612.54
Midsouth,9/26/21 0:00,Conventional,1.177712897,3516936.12
Midsouth,9/26/21 0:00,Organic,1.628724143,205167.9
Midsouth,10/3/21 0:00,Conventional,1.228716634,3496678.32
Midsouth,10/3/21 0:00,Organic,1.711545586,190711.04
Midsouth,10/10/21 0:00,Conventional,1.233400523,3525481.43
Midsouth,10/10/21 0:00,Organic,1.684054196,205710.86
Midsouth,10/17/21 0:00,Conventional,1.252231529,3456567.16
Midsouth,10/17/21 0:00,Organic,1.745552953,195163.34
Midsouth,10/24/21 0:00,Conventional,1.243735375,3391197.91
Midsouth,10/24/21 0:00,Organic,1.747422389,201503.24
Midsouth,10/31/21 0:00,Conventional,1.180864365,3518532.79
Midsouth,10/31/21 0:00,Organic,1.620270577,210845.27
Midsouth,11/7/21 0:00,Conventional,1.184130716,3408383.38
Midsouth,11/7/21 0:00,Organic,1.720995494,182889.49
Midsouth,11/14/21 0:00,Conventional,1.214519828,3357595.12
Midsouth,11/14/21 0:00,Organic,1.678431857,196127.27
Midsouth,11/21/21 0:00,Conventional,1.246354132,3122165.16
Midsouth,11/21/21 0:00,Organic,1.743347365,179636.35
Midsouth,11/28/21 0:00,Conventional,1.251872498,2808796.83
Midsouth,11/28/21 0:00,Organic,1.724487171,163824.42
Midsouth,1/3/22 0:00,Conventional,1.096527159,4040403.36
Midsouth,1/3/22 0:00,Organic,1.673893831,215685.84
Midsouth,1/9/22 0:00,Conventional,1.108097461,4263565.8
Midsouth,1/9/22 0:00,Organic,1.523334893,263868.48
Midsouth,1/16/22 0:00,Conventional,1.224143835,4242944.8
Midsouth,1/16/22 0:00,Organic,1.608059137,230045.16
Midsouth,1/23/22 0:00,Conventional,1.303678822,3634375.94
Midsouth,1/23/22 0:00,Organic,1.665594396,215227.92
Midsouth,1/30/22 0:00,Conventional,1.269750903,3915618.04
Midsouth,1/30/22 0:00,Organic,1.689426085,243724.28
Midsouth,2/6/22 0:00,Conventional,1.296830581,3903254.22
Midsouth,2/6/22 0:00,Organic,1.751552489,223758.07
Midsouth,2/13/22 0:00,Conventional,1.207536511,4768171.83
Midsouth,2/13/22 0:00,Organic,1.653450184,238167.11
Midsouth,2/20/22 0:00,Conventional,1.230383905,4261383.97
Midsouth,2/20/22 0:00,Organic,1.708075438,233531.81
Midsouth,2/27/22 0:00,Conventional,1.304508996,3854303.55
Midsouth,2/27/22 0:00,Organic,1.750685342,213610.14
Midsouth,3/6/22 0:00,Conventional,1.328973752,3774324.88
Midsouth,3/6/22 0:00,Organic,1.768094225,196590.67
Midsouth,3/13/22 0:00,Conventional,1.30995492,4030701.04
Midsouth,3/13/22 0:00,Organic,1.791794238,230802.63
Midsouth,3/20/22 0:00,Conventional,1.352512372,3859258.34
Midsouth,3/20/22 0:00,Organic,1.741438676,236291.28
Midsouth,3/27/22 0:00,Conventional,1.370550779,3899909.73
Midsouth,3/27/22 0:00,Organic,1.836973654,223400.25
Midsouth,4/3/22 0:00,Conventional,1.378254611,4002223.19
Midsouth,4/3/22 0:00,Organic,1.7598973,245106.74
Midsouth,4/10/22 0:00,Conventional,1.369831766,3944202.15
Midsouth,4/10/22 0:00,Organic,1.769080904,241916.9
Midsouth,4/17/22 0:00,Conventional,1.474938679,3762268.11
Midsouth,4/17/22 0:00,Organic,1.824725731,222734.7
Midsouth,4/24/22 0:00,Conventional,1.503954305,3561182
Midsouth,4/24/22 0:00,Organic,1.8424073,213226.68
Midsouth,5/1/22 0:00,Conventional,1.36027356,4215963
Midsouth,5/1/22 0:00,Organic,1.984500528,177774.93
Midsouth,5/8/22 0:00,Conventional,1.411750148,4214279
Midsouth,5/8/22 0:00,Organic,1.904468651,211255.73
Midsouth,5/15/22 0:00,Conventional,1.514582961,3542902
Midsouth,5/15/22 0:00,Organic,1.891661697,214679.93
Northeast,1/7/19 0:00,Conventional,1.323335118,4638696.54
Northeast,1/7/19 0:00,Organic,1.656665754,287093.63
Northeast,1/13/19 0:00,Conventional,1.21335635,5033625.91
Northeast,1/13/19 0:00,Organic,1.599038578,323225.28
Northeast,1/20/19 0:00,Conventional,1.241988431,5494796.31
Northeast,1/20/19 0:00,Organic,1.578703634,335365.08
Northeast,1/27/19 0:00,Conventional,1.307029196,4190892.91
Northeast,1/27/19 0:00,Organic,1.48586814,415874.8
Northeast,2/3/19 0:00,Conventional,1.164729652,6822710.98
Northeast,2/3/19 0:00,Organic,1.597432296,270959.86
Northeast,2/10/19 0:00,Conventional,1.116619864,5440057.44
Northeast,2/10/19 0:00,Organic,1.447169999,343273.93
Northeast,2/17/19 0:00,Conventional,1.233720224,4319201.26
Northeast,2/17/19 0:00,Organic,1.458630729,301641.71
Northeast,2/24/19 0:00,Conventional,1.249770864,4500494.34
Northeast,2/24/19 0:00,Organic,1.475033279,322462.5
Northeast,3/3/19 0:00,Conventional,1.285603145,4551534.66
Northeast,3/3/19 0:00,Organic,1.51442875,395834.36
Northeast,3/10/19 0:00,Conventional,1.205867374,5343241.03
Northeast,3/10/19 0:00,Organic,1.521061156,312808.64
Northeast,3/17/19 0:00,Conventional,1.273942551,4633701.23
Northeast,3/17/19 0:00,Organic,1.469061564,375266.92
Northeast,3/24/19 0:00,Conventional,1.253728084,6020568.55
Northeast,3/24/19 0:00,Organic,1.611019299,272447.12
Northeast,3/31/19 0:00,Conventional,1.27996905,4568962.34
Northeast,3/31/19 0:00,Organic,1.589656585,281343.43
Northeast,4/7/19 0:00,Conventional,1.253527535,5238622.4
Northeast,4/7/19 0:00,Organic,1.604542981,286704.01
Northeast,4/14/19 0:00,Conventional,1.21652408,5382626.6
Northeast,4/14/19 0:00,Organic,1.543628642,476969.98
Northeast,4/21/19 0:00,Conventional,1.616392121,3817851.4
Northeast,4/21/19 0:00,Organic,1.942002114,246292.93
Northeast,4/28/19 0:00,Conventional,1.603740404,3616021.92
Northeast,4/28/19 0:00,Organic,2.012640631,217447.32
Northeast,5/5/19 0:00,Conventional,1.514486976,5258017.95
Northeast,5/5/19 0:00,Organic,2.078500614,214306.36
Northeast,5/12/19 0:00,Conventional,1.587951603,4986183.49
Northeast,5/12/19 0:00,Organic,1.936472046,234764.09
Northeast,5/19/19 0:00,Conventional,1.601864662,4378181.82
Northeast,5/19/19 0:00,Organic,2.044427401,199554.99
Northeast,5/26/19 0:00,Conventional,1.62360914,4598313.07
Northeast,5/26/19 0:00,Organic,2.068563222,193856.63
Northeast,6/2/19 0:00,Conventional,1.616981977,4460845.55
Northeast,6/2/19 0:00,Organic,2.097980722,189308.9
Northeast,6/9/19 0:00,Conventional,1.582997969,4670584.38
Northeast,6/9/19 0:00,Organic,2.063480751,193764.57
Northeast,6/16/19 0:00,Conventional,1.50746907,4681101.33
Northeast,6/16/19 0:00,Organic,2.057295333,214304.3
Northeast,6/23/19 0:00,Conventional,1.583515915,4199090.95
Northeast,6/23/19 0:00,Organic,2.161029019,185889.91
Northeast,6/30/19 0:00,Conventional,1.518762461,4387690.28
Northeast,6/30/19 0:00,Organic,2.13942946,181468.15
Northeast,7/7/19 0:00,Conventional,1.583174919,4665589.16
Northeast,7/7/19 0:00,Organic,2.258107574,175810.98
Northeast,7/14/19 0:00,Conventional,1.546477073,4216033.32
Northeast,7/14/19 0:00,Organic,2.30490751,160094.42
Northeast,7/21/19 0:00,Conventional,1.632378326,3928835.17
Northeast,7/21/19 0:00,Organic,2.318319722,166601.27
Northeast,7/28/19 0:00,Conventional,1.642712857,3945227.95
Northeast,7/28/19 0:00,Organic,2.336655772,162146.99
Northeast,8/4/19 0:00,Conventional,1.62437619,3991759.25
Northeast,8/4/19 0:00,Organic,2.342983504,178388.43
Northeast,8/11/19 0:00,Conventional,1.596819038,4033995.85
Northeast,8/11/19 0:00,Organic,2.277967773,180426.63
Northeast,8/18/19 0:00,Conventional,1.521049491,4384921.45
Northeast,8/18/19 0:00,Organic,2.074999,205230.96
Northeast,8/25/19 0:00,Conventional,1.496973544,4030327.88
Northeast,8/25/19 0:00,Organic,2.029048766,216181.91
Northeast,9/1/19 0:00,Conventional,1.52942619,4603589.35
Northeast,9/1/19 0:00,Organic,1.96935944,218746.19
Northeast,9/8/19 0:00,Conventional,1.532965903,4446135.76
Northeast,9/8/19 0:00,Organic,1.975755177,220149.33
Northeast,9/15/19 0:00,Conventional,1.530348393,3969102.84
Northeast,9/15/19 0:00,Organic,1.808703616,245655.54
Northeast,9/22/19 0:00,Conventional,1.473827064,3932795.56
Northeast,9/22/19 0:00,Organic,1.844221855,231816
Northeast,9/29/19 0:00,Conventional,1.44739708,4195255.49
Northeast,9/29/19 0:00,Organic,1.751344955,263278.62
Northeast,10/6/19 0:00,Conventional,1.390581537,4172266.31
Northeast,10/6/19 0:00,Organic,1.812606889,216806.16
Northeast,10/13/19 0:00,Conventional,1.447475192,4372479.22
Northeast,10/13/19 0:00,Organic,1.925685952,178173.24
Northeast,10/20/19 0:00,Conventional,1.326752521,4209316.91
Northeast,10/20/19 0:00,Organic,1.83814272,170515.8
Northeast,10/27/19 0:00,Conventional,1.408238164,3922359.44
Northeast,10/27/19 0:00,Organic,1.745604899,194542.94
Northeast,11/3/19 0:00,Conventional,1.359670488,3748062.43
Northeast,11/3/19 0:00,Organic,1.723606075,203853.26
Northeast,11/10/19 0:00,Conventional,1.297508186,4098487.66
Northeast,11/10/19 0:00,Organic,1.784112124,187664.77
Northeast,11/17/19 0:00,Conventional,1.312754197,4154243.39
Northeast,11/17/19 0:00,Organic,1.563950175,274302.04
Northeast,11/24/19 0:00,Conventional,1.281162697,4144985.18
Northeast,11/24/19 0:00,Organic,1.807119855,169770.74
Northeast,12/1/19 0:00,Conventional,1.343814705,3482114.64
Northeast,12/1/19 0:00,Organic,1.835500264,158872.53
Northeast,12/8/19 0:00,Conventional,1.242470009,4275993.5
Northeast,12/8/19 0:00,Organic,1.777910652,175261.35
Northeast,12/15/19 0:00,Conventional,1.276914449,3877849.9
Northeast,12/15/19 0:00,Organic,1.628568023,219276.34
Northeast,12/22/19 0:00,Conventional,1.368630492,3564966.51
Northeast,12/22/19 0:00,Organic,1.520707697,268479.36
Northeast,12/29/19 0:00,Conventional,1.280710273,3654480.19
Northeast,12/29/19 0:00,Organic,1.723122683,171935.97
Northeast,1/6/20 0:00,Conventional,1.201642223,5569395.33
Northeast,1/6/20 0:00,Organic,1.655929522,228683.27
Northeast,1/12/20 0:00,Conventional,1.315759576,4783627.16
Northeast,1/12/20 0:00,Organic,1.690224682,242068.06
Northeast,1/19/20 0:00,Conventional,1.250497426,5111692.77
Northeast,1/19/20 0:00,Organic,1.570342691,292190.87
Northeast,1/26/20 0:00,Conventional,1.253270844,4924219.1
Northeast,1/26/20 0:00,Organic,1.719955603,248090.89
Northeast,2/2/20 0:00,Conventional,1.24396392,6785819.39
Northeast,2/2/20 0:00,Organic,1.647071224,263590.92
Northeast,2/9/20 0:00,Conventional,1.254000577,5706359.8
Northeast,2/9/20 0:00,Organic,1.70787387,222704.01
Northeast,2/16/20 0:00,Conventional,1.373165233,4351008.5
Northeast,2/16/20 0:00,Organic,1.591505949,246875.72
Northeast,2/23/20 0:00,Conventional,1.381146035,4593642.8
Northeast,2/23/20 0:00,Organic,1.692088272,225022.86
Northeast,3/1/20 0:00,Conventional,1.47763928,4353055.02
Northeast,3/1/20 0:00,Organic,1.760398049,373646.31
Northeast,3/8/20 0:00,Conventional,1.460285481,4884494.51
Northeast,3/8/20 0:00,Organic,1.849303046,269425.42
Northeast,3/15/20 0:00,Conventional,1.478916374,5659760.85
Northeast,3/15/20 0:00,Organic,1.897042508,298619.64
Northeast,3/22/20 0:00,Conventional,1.528332061,5487483.6
Northeast,3/22/20 0:00,Organic,1.91623469,262244.33
Northeast,3/29/20 0:00,Conventional,1.478540416,5356472.36
Northeast,3/29/20 0:00,Organic,1.88959805,242647.44
Northeast,4/5/20 0:00,Conventional,1.520965238,5533343.38
Northeast,4/5/20 0:00,Organic,1.990120523,276067.42
Northeast,4/12/20 0:00,Conventional,1.513304273,5438826.86
Northeast,4/12/20 0:00,Organic,1.969220861,290051.86
Northeast,4/19/20 0:00,Conventional,1.505933322,5188359.51
Northeast,4/19/20 0:00,Organic,1.961680161,268889.29
Northeast,4/26/20 0:00,Conventional,1.368115803,6464638.95
Northeast,4/26/20 0:00,Organic,1.908595599,255579.23
Northeast,5/3/20 0:00,Conventional,1.483404713,6167453.6
Northeast,5/3/20 0:00,Organic,1.991091083,250032.53
Northeast,5/10/20 0:00,Conventional,1.443697848,7166398.15
Northeast,5/10/20 0:00,Organic,2.018115773,290829.7
Northeast,5/17/20 0:00,Conventional,1.492046035,6086535.29
Northeast,5/17/20 0:00,Organic,1.90781763,317750.48
Northeast,5/24/20 0:00,Conventional,1.486860731,6450173.54
Northeast,5/24/20 0:00,Organic,1.942424753,315287.63
Northeast,5/31/20 0:00,Conventional,1.343871203,7441930.15
Northeast,5/31/20 0:00,Organic,1.952128943,276314.54
Northeast,6/7/20 0:00,Conventional,1.432751287,6346242.56
Northeast,6/7/20 0:00,Organic,1.954299804,287647.35
Northeast,6/14/20 0:00,Conventional,1.232825939,8090607.96
Northeast,6/14/20 0:00,Organic,1.932302735,269451.66
Northeast,6/21/20 0:00,Conventional,1.444900222,6071595.58
Northeast,6/21/20 0:00,Organic,1.943808043,269088.24
Northeast,6/28/20 0:00,Conventional,1.427753076,5947762.02
Northeast,6/28/20 0:00,Organic,1.96899714,252446.23
Northeast,7/5/20 0:00,Conventional,1.287096127,6738013.57
Northeast,7/5/20 0:00,Organic,1.956622291,257407.94
Northeast,7/12/20 0:00,Conventional,1.276331631,6307263.19
Northeast,7/12/20 0:00,Organic,1.998483223,241302.51
Northeast,7/19/20 0:00,Conventional,1.208151627,6552354.22
Northeast,7/19/20 0:00,Organic,1.967078627,244844.26
Northeast,7/26/20 0:00,Conventional,1.234709862,6335383.5
Northeast,7/26/20 0:00,Organic,1.748816246,279211.77
Northeast,8/2/20 0:00,Conventional,1.219221477,5955072.57
Northeast,8/2/20 0:00,Organic,1.871450173,245778.11
Northeast,8/9/20 0:00,Conventional,1.152531802,6303675.27
Northeast,8/9/20 0:00,Organic,1.942570985,225659.34
Northeast,8/16/20 0:00,Conventional,1.19263051,6318796.89
Northeast,8/16/20 0:00,Organic,1.889289368,245846.65
Northeast,8/23/20 0:00,Conventional,1.159534226,5946698.82
Northeast,8/23/20 0:00,Organic,1.862964706,237427.98
Northeast,8/30/20 0:00,Conventional,1.151610568,5966713.35
Northeast,8/30/20 0:00,Organic,1.900899672,232608.01
Northeast,9/6/20 0:00,Conventional,1.184115153,5811611.33
Northeast,9/6/20 0:00,Organic,1.894414881,239011.83
Northeast,9/13/20 0:00,Conventional,1.178343929,5522584.51
Northeast,9/13/20 0:00,Organic,1.911849662,233837.8
Northeast,9/20/20 0:00,Conventional,1.155290542,5537656.46
Northeast,9/20/20 0:00,Organic,1.822535022,246494.94
Northeast,9/27/20 0:00,Conventional,1.176325684,5374255.97
Northeast,9/27/20 0:00,Organic,1.835396985,221631.79
Northeast,10/4/20 0:00,Conventional,1.184133601,5265131.88
Northeast,10/4/20 0:00,Organic,1.778063294,225940.74
Northeast,10/11/20 0:00,Conventional,1.155547975,5425096.56
Northeast,10/11/20 0:00,Organic,1.820715992,213921.16
Northeast,10/18/20 0:00,Conventional,1.142201226,5152334.08
Northeast,10/18/20 0:00,Organic,1.783003185,214604.99
Northeast,10/25/20 0:00,Conventional,1.142728766,5270073.94
Northeast,10/25/20 0:00,Organic,1.739891495,228034.06
Northeast,11/1/20 0:00,Conventional,1.167636889,5174887.18
Northeast,11/1/20 0:00,Organic,1.687043672,229789.31
Northeast,11/8/20 0:00,Conventional,1.157698093,5123504.54
Northeast,11/8/20 0:00,Organic,1.78156474,229554.54
Northeast,11/15/20 0:00,Conventional,1.177734117,5335074.41
Northeast,11/15/20 0:00,Organic,1.823706806,216821.55
Northeast,11/22/20 0:00,Conventional,1.102469561,5184400.16
Northeast,11/22/20 0:00,Organic,1.733017165,218528.99
Northeast,11/29/20 0:00,Conventional,1.13977171,4326533.16
Northeast,11/29/20 0:00,Organic,1.720188195,190414.53
Northeast,12/6/20 0:00,Conventional,1.114191649,5216542.29
Northeast,12/6/20 0:00,Organic,1.715130022,222212.7
Northeast,12/13/20 0:00,Conventional,1.093282535,5225107.54
Northeast,12/13/20 0:00,Organic,1.67700449,245890.86
Northeast,12/20/20 0:00,Conventional,1.170648727,4914379.53
Northeast,12/20/20 0:00,Organic,1.719643359,236304.81
Northeast,12/27/20 0:00,Conventional,1.129388225,4631551.2
Northeast,12/27/20 0:00,Organic,1.636882866,230521.65
Northeast,1/4/21 0:00,Conventional,1.059885724,5841773.93
Northeast,1/4/21 0:00,Organic,1.60383111,255627.24
Northeast,1/10/21 0:00,Conventional,1.127282147,5873961.35
Northeast,1/10/21 0:00,Organic,1.488627563,387107.47
Northeast,1/17/21 0:00,Conventional,1.112925786,6211663.95
Northeast,1/17/21 0:00,Organic,1.610486115,340200.93
Northeast,1/24/21 0:00,Conventional,1.038968173,6683198.35
Northeast,1/24/21 0:00,Organic,1.583978862,359263.78
Northeast,1/31/21 0:00,Conventional,1.052122452,6552456.01
Northeast,1/31/21 0:00,Organic,1.555845649,357446.94
Northeast,2/7/21 0:00,Conventional,1.037253876,7307710.79
Northeast,2/7/21 0:00,Organic,1.524879266,368275.65
Northeast,2/14/21 0:00,Conventional,1.049859829,6768884.69
Northeast,2/14/21 0:00,Organic,1.544027958,321258.26
Northeast,2/21/21 0:00,Conventional,1.113391082,5834726.52
Northeast,2/21/21 0:00,Organic,1.544267283,335010.68
Northeast,2/28/21 0:00,Conventional,1.104564893,6047197.1
Northeast,2/28/21 0:00,Organic,1.571591843,356134.66
Northeast,3/7/21 0:00,Conventional,1.10959718,6286313.71
Northeast,3/7/21 0:00,Organic,1.629209242,327770.84
Northeast,3/14/21 0:00,Conventional,1.127781835,6194480
Northeast,3/14/21 0:00,Organic,1.637816593,320071.31
Northeast,3/21/21 0:00,Conventional,1.098451217,6296841.29
Northeast,3/21/21 0:00,Organic,1.62809865,315356.05
Northeast,3/28/21 0:00,Conventional,1.19294567,6136962.96
Northeast,3/28/21 0:00,Organic,1.688022972,298664.32
Northeast,4/4/21 0:00,Conventional,1.226318028,6139765.35
Northeast,4/4/21 0:00,Organic,1.749776222,295556.83
Northeast,4/11/21 0:00,Conventional,1.238105462,5757796.58
Northeast,4/11/21 0:00,Organic,1.735689239,293037.39
Northeast,4/18/21 0:00,Conventional,1.262092626,6006487.18
Northeast,4/18/21 0:00,Organic,1.736095129,327111.4
Northeast,4/25/21 0:00,Conventional,1.273465652,5880251.59
Northeast,4/25/21 0:00,Organic,1.76934492,313351.54
Northeast,5/2/21 0:00,Conventional,1.229401458,6339120.89
Northeast,5/2/21 0:00,Organic,1.762967833,318372.42
Northeast,5/9/21 0:00,Conventional,1.196951955,6651274.26
Northeast,5/9/21 0:00,Organic,1.786850676,306461.24
Northeast,5/16/21 0:00,Conventional,1.25163547,5518699.95
Northeast,5/16/21 0:00,Organic,1.790780587,287308.28
Northeast,5/23/21 0:00,Conventional,1.248497081,6131590.88
Northeast,5/23/21 0:00,Organic,1.771853714,306096.01
Northeast,5/30/21 0:00,Conventional,1.307990491,5874217.59
Northeast,5/30/21 0:00,Organic,1.786865954,300787.9
Northeast,6/6/21 0:00,Conventional,1.25996693,5859002
Northeast,6/6/21 0:00,Organic,1.806163278,291990.2
Northeast,6/13/21 0:00,Conventional,1.276275797,5808503.07
Northeast,6/13/21 0:00,Organic,1.814500635,289025.11
Northeast,6/20/21 0:00,Conventional,1.300727311,5781677.95
Northeast,6/20/21 0:00,Organic,1.724512919,226844.08
Northeast,6/27/21 0:00,Conventional,1.289636108,5547303.69
Northeast,6/27/21 0:00,Organic,1.770567027,210980.93
Northeast,7/4/21 0:00,Conventional,1.287112565,6012034.46
Northeast,7/4/21 0:00,Organic,1.766404014,215021.07
Northeast,7/11/21 0:00,Conventional,1.284525223,5537737.26
Northeast,7/11/21 0:00,Organic,1.85121426,191807.4
Northeast,7/18/21 0:00,Conventional,1.245617491,5530574.05
Northeast,7/18/21 0:00,Organic,1.873999483,249625.13
Northeast,7/25/21 0:00,Conventional,1.257554748,5194448.3
Northeast,7/25/21 0:00,Organic,1.879344691,253791.51
Northeast,8/1/21 0:00,Conventional,1.21252306,5385473.32
Northeast,8/1/21 0:00,Organic,1.916719218,247481.01
Northeast,8/8/21 0:00,Conventional,1.229007594,5230867.13
Northeast,8/8/21 0:00,Organic,1.88480079,243722.88
Northeast,8/15/21 0:00,Conventional,1.205045963,5314302.27
Northeast,8/15/21 0:00,Organic,1.794984724,261748
Northeast,8/22/21 0:00,Conventional,1.217055074,5215303.08
Northeast,8/22/21 0:00,Organic,1.774965619,281343.15
Northeast,8/29/21 0:00,Conventional,1.14274261,5229290.82
Northeast,8/29/21 0:00,Organic,1.783301023,278860.22
Northeast,9/5/21 0:00,Conventional,1.170594716,4839754.19
Northeast,9/5/21 0:00,Organic,1.813436531,294082.79
Northeast,9/12/21 0:00,Conventional,1.200725639,4731258.1
Northeast,9/12/21 0:00,Organic,1.794225044,284431.03
Northeast,9/19/21 0:00,Conventional,1.295801996,4311495.21
Northeast,9/19/21 0:00,Organic,1.751057384,300556.23
Northeast,9/26/21 0:00,Conventional,1.294222901,4590427.98
Northeast,9/26/21 0:00,Organic,1.794122649,258127.73
Northeast,10/3/21 0:00,Conventional,1.339004863,4535898.92
Northeast,10/3/21 0:00,Organic,1.817148182,240126.77
Northeast,10/10/21 0:00,Conventional,1.304922083,4987293.11
Northeast,10/10/21 0:00,Organic,1.834459628,239404.77
Northeast,10/17/21 0:00,Conventional,1.363163834,4669704.8
Northeast,10/17/21 0:00,Organic,1.814551697,242536.9
Northeast,10/24/21 0:00,Conventional,1.371915265,4471564.9
Northeast,10/24/21 0:00,Organic,1.758550206,262931.71
Northeast,10/31/21 0:00,Conventional,1.335352791,4630711.77
Northeast,10/31/21 0:00,Organic,1.760642936,261881.97
Northeast,11/7/21 0:00,Conventional,1.299708882,4907030.11
Northeast,11/7/21 0:00,Organic,1.792713319,246896.89
Northeast,11/14/21 0:00,Conventional,1.337185056,4607623.99
Northeast,11/14/21 0:00,Organic,1.791494763,254244.56
Northeast,11/21/21 0:00,Conventional,1.328563917,4703862.06
Northeast,11/21/21 0:00,Organic,1.800245929,243089.66
Northeast,11/28/21 0:00,Conventional,1.363147945,3914344.44
Northeast,11/28/21 0:00,Organic,1.805672959,216548.73
Northeast,1/3/22 0:00,Conventional,1.256217667,5397153.96
Northeast,1/3/22 0:00,Organic,1.777734784,227030.67
Northeast,1/9/22 0:00,Conventional,1.372697887,5333437.47
Northeast,1/9/22 0:00,Organic,1.679581473,356138.16
Northeast,1/16/22 0:00,Conventional,1.348573984,5893124.13
Northeast,1/16/22 0:00,Organic,1.754481015,300293.07
Northeast,1/23/22 0:00,Conventional,1.41942692,5224821.87
Northeast,1/23/22 0:00,Organic,1.73989593,294230.85
Northeast,1/30/22 0:00,Conventional,1.432087818,6317471.13
Northeast,1/30/22 0:00,Organic,1.707670986,319162.01
Northeast,2/6/22 0:00,Conventional,1.462482043,5148079.95
Northeast,2/6/22 0:00,Organic,1.765991906,290233.79
Northeast,2/13/22 0:00,Conventional,1.396732051,7199010.06
Northeast,2/13/22 0:00,Organic,1.788413067,278958.5
Northeast,2/20/22 0:00,Conventional,1.452032302,5562127.46
Northeast,2/20/22 0:00,Organic,1.851788382,259559.41
Northeast,2/27/22 0:00,Conventional,1.483255747,5777474.43
Northeast,2/27/22 0:00,Organic,1.876656851,222305.81
Northeast,3/6/22 0:00,Conventional,1.549523289,4725949.41
Northeast,3/6/22 0:00,Organic,1.845751928,220957.89
Northeast,3/13/22 0:00,Conventional,1.576057165,4851490.54
Northeast,3/13/22 0:00,Organic,1.854256278,268685.19
Northeast,3/20/22 0:00,Conventional,1.589549354,4713341.46
Northeast,3/20/22 0:00,Organic,1.912427384,255638.36
Northeast,3/27/22 0:00,Conventional,1.570967639,5634786.4
Northeast,3/27/22 0:00,Organic,1.880937617,262212.66
Northeast,4/3/22 0:00,Conventional,1.573017184,4921443.78
Northeast,4/3/22 0:00,Organic,1.8997633,270976.42
Northeast,4/10/22 0:00,Conventional,1.459877247,4815619.45
Northeast,4/10/22 0:00,Organic,1.918193823,268504.14
Northeast,4/17/22 0:00,Conventional,1.553121106,4332703.97
Northeast,4/17/22 0:00,Organic,1.892091647,266109.05
Northeast,4/24/22 0:00,Conventional,1.544431617,4882593
Northeast,4/24/22 0:00,Organic,1.980931907,220151.61
Northeast,5/1/22 0:00,Conventional,1.476641658,5868075
Northeast,5/1/22 0:00,Organic,1.91727154,265520.45
Northeast,5/8/22 0:00,Conventional,1.616569572,5584043
Northeast,5/8/22 0:00,Organic,1.891883261,280534.91
Northeast,5/15/22 0:00,Conventional,1.644873485,4668815
Northeast,5/15/22 0:00,Organic,1.921468682,253026.49
Northern_New_England,1/7/19 0:00,Conventional,1.247699577,448144.26
Northern_New_England,1/7/19 0:00,Organic,1.646244543,22186.21
Northern_New_England,1/13/19 0:00,Conventional,1.278872274,391376.19
Northern_New_England,1/13/19 0:00,Organic,1.458691529,29780.04
Northern_New_England,1/20/19 0:00,Conventional,1.074732678,662778.95
Northern_New_England,1/20/19 0:00,Organic,1.669761253,21883.95
Northern_New_England,1/27/19 0:00,Conventional,1.259558081,350737.33
Northern_New_England,1/27/19 0:00,Organic,1.485091371,17946.7
Northern_New_England,2/3/19 0:00,Conventional,0.943754339,695229.78
Northern_New_England,2/3/19 0:00,Organic,1.514568777,18544.8
Northern_New_England,2/10/19 0:00,Conventional,1.016155011,508888.47
Northern_New_England,2/10/19 0:00,Organic,1.337201562,19118.51
Northern_New_England,2/17/19 0:00,Conventional,1.256404647,388047.37
Northern_New_England,2/17/19 0:00,Organic,1.489996704,18414.84
Northern_New_England,2/24/19 0:00,Conventional,1.249671705,404779.64
Northern_New_England,2/24/19 0:00,Organic,1.522181937,18617.79
Northern_New_England,3/3/19 0:00,Conventional,1.300867007,379372.81
Northern_New_England,3/3/19 0:00,Organic,1.348944734,24139.16
Northern_New_England,3/10/19 0:00,Conventional,0.977379716,617836.64
Northern_New_England,3/10/19 0:00,Organic,1.478797969,19175.63
Northern_New_England,3/17/19 0:00,Conventional,1.297006312,366304.17
Northern_New_England,3/17/19 0:00,Organic,1.505762673,19259
Northern_New_England,3/24/19 0:00,Conventional,1.132904724,460268.63
Northern_New_England,3/24/19 0:00,Organic,1.322725545,24897.87
Northern_New_England,3/31/19 0:00,Conventional,1.286070308,379703.51
Northern_New_England,3/31/19 0:00,Organic,1.525518346,19404.7
Northern_New_England,4/7/19 0:00,Conventional,0.99410253,639133.89
Northern_New_England,4/7/19 0:00,Organic,1.597975169,16325.8
Northern_New_England,4/14/19 0:00,Conventional,1.33828496,364628.59
Northern_New_England,4/14/19 0:00,Organic,1.586083413,18245.08
Northern_New_England,4/21/19 0:00,Conventional,1.427655141,387369.24
Northern_New_England,4/21/19 0:00,Organic,1.757273895,19485.91
Northern_New_England,4/28/19 0:00,Conventional,1.4745153,354422.42
Northern_New_England,4/28/19 0:00,Organic,1.835157054,15061.41
Northern_New_England,5/5/19 0:00,Conventional,1.17936822,639745.06
Northern_New_England,5/5/19 0:00,Organic,1.920657644,15418.54
Northern_New_England,5/12/19 0:00,Conventional,1.464980346,446140.02
Northern_New_England,5/12/19 0:00,Organic,1.850555462,20370.36
Northern_New_England,5/19/19 0:00,Conventional,1.595479034,401798.15
Northern_New_England,5/19/19 0:00,Organic,1.540188269,25508.87
Northern_New_England,5/26/19 0:00,Conventional,1.595972545,425983.53
Northern_New_England,5/26/19 0:00,Organic,1.960421533,16629.46
Northern_New_England,6/2/19 0:00,Conventional,1.616378344,415854.44
Northern_New_England,6/2/19 0:00,Organic,1.931132066,15706.01
Northern_New_England,6/9/19 0:00,Conventional,1.48958105,474186
Northern_New_England,6/9/19 0:00,Organic,1.877594191,16715.05
Northern_New_England,6/16/19 0:00,Conventional,1.167432147,619046.45
Northern_New_England,6/16/19 0:00,Organic,1.898316386,18498.15
Northern_New_England,6/23/19 0:00,Conventional,1.569471027,397995.85
Northern_New_England,6/23/19 0:00,Organic,1.886839076,16512.11
Northern_New_England,6/30/19 0:00,Conventional,1.495747238,418661.79
Northern_New_England,6/30/19 0:00,Organic,1.885784637,17060.43
Northern_New_England,7/7/19 0:00,Conventional,1.517783384,449996.74
Northern_New_England,7/7/19 0:00,Organic,1.961071019,19875.28
Northern_New_England,7/14/19 0:00,Conventional,1.618663779,408837.8
Northern_New_England,7/14/19 0:00,Organic,2.026279426,16796.87
Northern_New_England,7/21/19 0:00,Conventional,1.807255782,388986.4
Northern_New_England,7/21/19 0:00,Organic,2.189294082,16010.23
Northern_New_England,7/28/19 0:00,Conventional,1.840539639,381209.12
Northern_New_England,7/28/19 0:00,Organic,2.200469574,13700.9
Northern_New_England,8/4/19 0:00,Conventional,1.780272224,412542.38
Northern_New_England,8/4/19 0:00,Organic,2.179717125,15177.06
Northern_New_England,8/11/19 0:00,Conventional,1.759361628,406340.99
Northern_New_England,8/11/19 0:00,Organic,2.286543259,13863.07
Northern_New_England,8/18/19 0:00,Conventional,1.549343364,510628.93
Northern_New_England,8/18/19 0:00,Organic,2.130214117,12189.28
Northern_New_England,8/25/19 0:00,Conventional,1.329944714,416527.56
Northern_New_England,8/25/19 0:00,Organic,2.353456493,12786.79
Northern_New_England,9/1/19 0:00,Conventional,1.499702653,372091.75
Northern_New_England,9/1/19 0:00,Organic,2.136750655,16310.32
Northern_New_England,9/8/19 0:00,Conventional,1.517356509,409573.42
Northern_New_England,9/8/19 0:00,Organic,2.242653619,12955.06
Northern_New_England,9/15/19 0:00,Conventional,1.555594334,390265.59
Northern_New_England,9/15/19 0:00,Organic,2.155833933,10907.91
Northern_New_England,9/22/19 0:00,Conventional,1.412585186,390877.05
Northern_New_England,9/22/19 0:00,Organic,2.242162875,10577.25
Northern_New_England,9/29/19 0:00,Conventional,1.168514586,546201.79
Northern_New_England,9/29/19 0:00,Organic,1.873863609,12532.9
Northern_New_England,10/6/19 0:00,Conventional,1.146778736,474688.84
Northern_New_England,10/6/19 0:00,Organic,1.801859958,12428.02
Northern_New_England,10/13/19 0:00,Conventional,1.412956975,307152.85
Northern_New_England,10/13/19 0:00,Organic,2.100039023,10789.12
Northern_New_England,10/20/19 0:00,Conventional,1.10770296,498095.77
Northern_New_England,10/20/19 0:00,Organic,2.047898156,10505.39
Northern_New_England,10/27/19 0:00,Conventional,1.365856144,318863.7
Northern_New_England,10/27/19 0:00,Organic,2.088023085,12666.85
Northern_New_England,11/3/19 0:00,Conventional,1.334404606,316866.25
Northern_New_England,11/3/19 0:00,Organic,2.252126868,11114.15
Northern_New_England,11/10/19 0:00,Conventional,1.339156289,351593.47
Northern_New_England,11/10/19 0:00,Organic,2.292468694,10691.01
Northern_New_England,11/17/19 0:00,Conventional,1.017859312,564634.07
Northern_New_England,11/17/19 0:00,Organic,2.288525515,9354.43
Northern_New_England,11/24/19 0:00,Conventional,1.208571414,315865.3
Northern_New_England,11/24/19 0:00,Organic,2.27356379,9957.06
Northern_New_England,12/1/19 0:00,Conventional,1.303041522,289890.66
Northern_New_England,12/1/19 0:00,Organic,2.204868929,9334.44
Northern_New_England,12/8/19 0:00,Conventional,1.314806946,355321.55
Northern_New_England,12/8/19 0:00,Organic,2.232139414,11085.23
Northern_New_England,12/15/19 0:00,Conventional,0.96021754,533314.72
Northern_New_England,12/15/19 0:00,Organic,2.198711231,9543.67
Northern_New_England,12/22/19 0:00,Conventional,1.318247972,328760.69
Northern_New_England,12/22/19 0:00,Organic,2.216691526,9909.09
Northern_New_England,12/29/19 0:00,Conventional,0.941615714,471199.2
Northern_New_England,12/29/19 0:00,Organic,2.018658987,9911.74
Northern_New_England,1/6/20 0:00,Conventional,0.916955768,635758.39
Northern_New_England,1/6/20 0:00,Organic,1.830698754,12809.64
Northern_New_England,1/12/20 0:00,Conventional,1.266067771,424626.34
Northern_New_England,1/12/20 0:00,Organic,1.775790398,14286.35
Northern_New_England,1/19/20 0:00,Conventional,0.983384921,617654.05
Northern_New_England,1/19/20 0:00,Organic,1.859634678,11702.26
Northern_New_England,1/26/20 0:00,Conventional,1.181456036,439388.67
Northern_New_England,1/26/20 0:00,Organic,1.764166165,13672.28
Northern_New_England,2/2/20 0:00,Conventional,1.020993282,632232.56
Northern_New_England,2/2/20 0:00,Organic,1.874507423,11398.76
Northern_New_England,2/9/20 0:00,Conventional,1.079746716,489995.76
Northern_New_England,2/9/20 0:00,Organic,1.625420485,17182.19
Northern_New_England,2/16/20 0:00,Conventional,1.326876724,380714.45
Northern_New_England,2/16/20 0:00,Organic,1.730506447,14644.42
Northern_New_England,2/23/20 0:00,Conventional,1.25640451,447372.11
Northern_New_England,2/23/20 0:00,Organic,1.732458546,15055.87
Northern_New_England,3/1/20 0:00,Conventional,1.389206602,391844.1
Northern_New_England,3/1/20 0:00,Organic,1.717427134,17482.27
Northern_New_England,3/8/20 0:00,Conventional,1.289225439,458234.16
Northern_New_England,3/8/20 0:00,Organic,1.829060103,16136.16
Northern_New_England,3/15/20 0:00,Conventional,1.349550172,527896.06
Northern_New_England,3/15/20 0:00,Organic,1.882175063,18747.91
Northern_New_England,3/22/20 0:00,Conventional,1.372129677,535235.16
Northern_New_England,3/22/20 0:00,Organic,1.868396513,17036.32
Northern_New_England,3/29/20 0:00,Conventional,1.159472371,583428.06
Northern_New_England,3/29/20 0:00,Organic,1.856092141,13132.82
Northern_New_England,4/5/20 0:00,Conventional,1.370259281,462994.66
Northern_New_England,4/5/20 0:00,Organic,1.924732288,19620.08
Northern_New_England,4/12/20 0:00,Conventional,1.38045703,490547.85
Northern_New_England,4/12/20 0:00,Organic,1.942533546,20621.56
Northern_New_England,4/19/20 0:00,Conventional,1.411775637,456686.26
Northern_New_England,4/19/20 0:00,Organic,1.957821533,17990.71
Northern_New_England,4/26/20 0:00,Conventional,1.429057267,517831.89
Northern_New_England,4/26/20 0:00,Organic,1.869510839,18229.9
Northern_New_England,5/3/20 0:00,Conventional,1.395200702,541116.87
Northern_New_England,5/3/20 0:00,Organic,1.946444768,20365.82
Northern_New_England,5/10/20 0:00,Conventional,1.159882142,762830.54
Northern_New_England,5/10/20 0:00,Organic,1.958094066,19658.76
Northern_New_England,5/17/20 0:00,Conventional,1.395798006,524196.96
Northern_New_England,5/17/20 0:00,Organic,1.932028198,19149.86
Northern_New_England,5/24/20 0:00,Conventional,1.38065205,565483.74
Northern_New_England,5/24/20 0:00,Organic,1.987113662,22399.08
Northern_New_England,5/31/20 0:00,Conventional,1.403821901,568622.96
Northern_New_England,5/31/20 0:00,Organic,1.982768389,22898.81
Northern_New_England,6/7/20 0:00,Conventional,1.380068488,548076.94
Northern_New_England,6/7/20 0:00,Organic,1.971329929,20424.39
Northern_New_England,6/14/20 0:00,Conventional,1.002479777,830915.04
Northern_New_England,6/14/20 0:00,Organic,1.984582901,17986.34
Northern_New_England,6/21/20 0:00,Conventional,1.358186526,533733.33
Northern_New_England,6/21/20 0:00,Organic,1.94369682,19427.6
Northern_New_England,6/28/20 0:00,Conventional,1.376681641,547139.13
Northern_New_England,6/28/20 0:00,Organic,2.008991953,20002.91
Northern_New_England,7/5/20 0:00,Conventional,1.35604013,585284.68
Northern_New_England,7/5/20 0:00,Organic,2.035958367,21390.27
Northern_New_England,7/12/20 0:00,Conventional,1.344749008,543070.36
Northern_New_England,7/12/20 0:00,Organic,2.004104225,20138.2
Northern_New_England,7/19/20 0:00,Conventional,1.243111953,549329.22
Northern_New_England,7/19/20 0:00,Organic,2.06625454,18863.6
Northern_New_England,7/26/20 0:00,Conventional,1.294746138,568655.96
Northern_New_England,7/26/20 0:00,Organic,1.757768734,21833.83
Northern_New_England,8/2/20 0:00,Conventional,1.136958038,539205.81
Northern_New_England,8/2/20 0:00,Organic,1.97256608,16706.66
Northern_New_England,8/9/20 0:00,Conventional,1.008969642,705437.01
Northern_New_England,8/9/20 0:00,Organic,2.049637797,12974.09
Northern_New_England,8/16/20 0:00,Conventional,1.151457687,552941.26
Northern_New_England,8/16/20 0:00,Organic,1.998262017,16777.03
Northern_New_England,8/23/20 0:00,Conventional,1.079170751,506844.68
Northern_New_England,8/23/20 0:00,Organic,1.893815151,18144.99
Northern_New_England,8/30/20 0:00,Conventional,0.938145106,652503.62
Northern_New_England,8/30/20 0:00,Organic,1.98250255,14125.87
Northern_New_England,9/6/20 0:00,Conventional,1.189459454,465810.37
Northern_New_England,9/6/20 0:00,Organic,2.00279518,15801.06
Northern_New_England,9/13/20 0:00,Conventional,1.156054362,455024.23
Northern_New_England,9/13/20 0:00,Organic,1.812334178,18494.52
Northern_New_England,9/20/20 0:00,Conventional,0.984401652,558869.72
Northern_New_England,9/20/20 0:00,Organic,1.955695083,13092.88
Northern_New_England,9/27/20 0:00,Conventional,1.087700432,467994.68
Northern_New_England,9/27/20 0:00,Organic,1.908068922,14237.94
Northern_New_England,10/4/20 0:00,Conventional,1.196386464,432348.63
Northern_New_England,10/4/20 0:00,Organic,2.04371363,12658.71
Northern_New_England,10/11/20 0:00,Conventional,1.177850957,451151.23
Northern_New_England,10/11/20 0:00,Organic,1.928990857,13613.43
Northern_New_England,10/18/20 0:00,Conventional,1.088612213,456989.85
Northern_New_England,10/18/20 0:00,Organic,1.954860624,13966.65
Northern_New_England,10/25/20 0:00,Conventional,0.975244832,543647.74
Northern_New_England,10/25/20 0:00,Organic,1.916666068,13496.91
Northern_New_England,11/1/20 0:00,Conventional,1.225330819,422912.79
Northern_New_England,11/1/20 0:00,Organic,1.850785223,14247.08
Northern_New_England,11/8/20 0:00,Conventional,1.059820282,470628.08
Northern_New_England,11/8/20 0:00,Organic,1.752024508,14317.35
Northern_New_England,11/15/20 0:00,Conventional,1.215269297,453405.11
Northern_New_England,11/15/20 0:00,Organic,1.803062861,14735.7
Northern_New_England,11/22/20 0:00,Conventional,0.981795073,497077.19
Northern_New_England,11/22/20 0:00,Organic,1.814894304,13157.07
Northern_New_England,11/29/20 0:00,Conventional,1.117263493,347796.33
Northern_New_England,11/29/20 0:00,Organic,1.797497058,12075.91
Northern_New_England,12/6/20 0:00,Conventional,1.077157014,493236.47
Northern_New_England,12/6/20 0:00,Organic,1.803517793,14438.23
Northern_New_England,12/13/20 0:00,Conventional,0.913138567,533993.74
Northern_New_England,12/13/20 0:00,Organic,1.837154131,12780.46
Northern_New_England,12/20/20 0:00,Conventional,1.187798921,407620.74
Northern_New_England,12/20/20 0:00,Organic,1.823894455,13518.12
Northern_New_England,12/27/20 0:00,Conventional,1.121474772,403439.3
Northern_New_England,12/27/20 0:00,Organic,1.825725382,15116.26
Northern_New_England,1/4/21 0:00,Conventional,0.937388466,647812.66
Northern_New_England,1/4/21 0:00,Organic,1.804586444,14617.1
Northern_New_England,1/10/21 0:00,Conventional,1.12514792,536667.79
Northern_New_England,1/10/21 0:00,Organic,1.794609081,18415.05
Northern_New_England,1/17/21 0:00,Conventional,1.125189622,553072.59
Northern_New_England,1/17/21 0:00,Organic,1.818500218,17579.59
Northern_New_England,1/24/21 0:00,Conventional,0.910299432,670659.88
Northern_New_England,1/24/21 0:00,Organic,1.719153463,18573.75
Northern_New_England,1/31/21 0:00,Conventional,0.9196036,525443.41
Northern_New_England,1/31/21 0:00,Organic,1.457145682,34852.63
Northern_New_England,2/7/21 0:00,Conventional,0.879488582,737615.85
Northern_New_England,2/7/21 0:00,Organic,1.552478142,19335.5
Northern_New_England,2/14/21 0:00,Conventional,0.994154605,609573.23
Northern_New_England,2/14/21 0:00,Organic,1.64130727,18737.98
Northern_New_England,2/21/21 0:00,Conventional,1.070293388,514781.37
Northern_New_England,2/21/21 0:00,Organic,1.69130667,16662.55
Northern_New_England,2/28/21 0:00,Conventional,1.109980881,491222.65
Northern_New_England,2/28/21 0:00,Organic,1.807804241,17980.02
Northern_New_England,3/7/21 0:00,Conventional,1.068348713,542878.24
Northern_New_England,3/7/21 0:00,Organic,1.828615745,19117.07
Northern_New_England,3/14/21 0:00,Conventional,1.052064496,547687.87
Northern_New_England,3/14/21 0:00,Organic,1.774662005,18845.17
Northern_New_England,3/21/21 0:00,Conventional,0.974750985,623806.95
Northern_New_England,3/21/21 0:00,Organic,1.794783201,19215.7
Northern_New_England,3/28/21 0:00,Conventional,1.098299599,525478.96
Northern_New_England,3/28/21 0:00,Organic,1.844709548,17852.35
Northern_New_England,4/4/21 0:00,Conventional,1.151344866,556985.3
Northern_New_England,4/4/21 0:00,Organic,1.926763089,18204.1
Northern_New_England,4/11/21 0:00,Conventional,1.098731019,580105.98
Northern_New_England,4/11/21 0:00,Organic,1.934206375,15787.5
Northern_New_England,4/18/21 0:00,Conventional,1.154073985,548300.74
Northern_New_England,4/18/21 0:00,Organic,1.907358796,18897.97
Northern_New_England,4/25/21 0:00,Conventional,1.114587945,545124.02
Northern_New_England,4/25/21 0:00,Organic,2.001347622,17028.17
Northern_New_England,5/2/21 0:00,Conventional,1.147696262,529290.14
Northern_New_England,5/2/21 0:00,Organic,2.053657845,18182.08
Northern_New_England,5/9/21 0:00,Conventional,0.980596771,708985.81
Northern_New_England,5/9/21 0:00,Organic,2.076187269,17610.52
Northern_New_England,5/16/21 0:00,Conventional,1.144433237,500900.27
Northern_New_England,5/16/21 0:00,Organic,2.072917103,16681.48
Northern_New_England,5/23/21 0:00,Conventional,1.128653081,581029.75
Northern_New_England,5/23/21 0:00,Organic,2.03334766,17084.73
Northern_New_England,5/30/21 0:00,Conventional,1.246122504,544408.36
Northern_New_England,5/30/21 0:00,Organic,2.080695939,18460.94
Northern_New_England,6/6/21 0:00,Conventional,1.047098932,614863.39
Northern_New_England,6/6/21 0:00,Organic,2.101906919,16352.65
Northern_New_England,6/13/21 0:00,Conventional,1.214069018,536796.37
Northern_New_England,6/13/21 0:00,Organic,2.086103278,17327.73
Northern_New_England,6/20/21 0:00,Conventional,1.260663029,534086.89
Northern_New_England,6/20/21 0:00,Organic,2.025363204,15921.25
Northern_New_England,6/27/21 0:00,Conventional,1.106823488,626270.83
Northern_New_England,6/27/21 0:00,Organic,2.261267619,12562.79
Northern_New_England,7/4/21 0:00,Conventional,1.253221429,580998.24
Northern_New_England,7/4/21 0:00,Organic,2.218214689,17212.55
Northern_New_England,7/11/21 0:00,Conventional,1.210755999,535946.7
Northern_New_England,7/11/21 0:00,Organic,2.289592961,14513.7
Northern_New_England,7/18/21 0:00,Conventional,1.174527244,551303.8
Northern_New_England,7/18/21 0:00,Organic,2.160696998,18089.58
Northern_New_England,7/25/21 0:00,Conventional,1.174949103,519516.99
Northern_New_England,7/25/21 0:00,Organic,2.105181706,18837.2
Northern_New_England,8/1/21 0:00,Conventional,1.168872362,471773.06
Northern_New_England,8/1/21 0:00,Organic,2.167889061,21736
Northern_New_England,8/8/21 0:00,Conventional,0.988914145,623236.76
Northern_New_England,8/8/21 0:00,Organic,2.080817364,19567.48
Northern_New_England,8/15/21 0:00,Conventional,1.205541495,453008.17
Northern_New_England,8/15/21 0:00,Organic,2.17676087,18362.22
Northern_New_England,8/22/21 0:00,Conventional,1.209690285,463313.72
Northern_New_England,8/22/21 0:00,Organic,1.973908355,20135.95
Northern_New_England,8/29/21 0:00,Conventional,0.938614816,621596.61
Northern_New_England,8/29/21 0:00,Organic,2.103794592,15811.74
Northern_New_England,9/5/21 0:00,Conventional,1.174533876,424391.82
Northern_New_England,9/5/21 0:00,Organic,2.112210022,18596.95
Northern_New_England,9/12/21 0:00,Conventional,1.225632329,398536.58
Northern_New_England,9/12/21 0:00,Organic,2.174167896,15398.73
Northern_New_England,9/19/21 0:00,Conventional,1.248428048,382202.72
Northern_New_England,9/19/21 0:00,Organic,2.170903951,15668.45
Northern_New_England,9/26/21 0:00,Conventional,1.283143566,358028.19
Northern_New_England,9/26/21 0:00,Organic,2.191327358,14382.84
Northern_New_England,10/3/21 0:00,Conventional,1.296512864,400572.43
Northern_New_England,10/3/21 0:00,Organic,2.114028063,12462.02
Northern_New_England,10/10/21 0:00,Conventional,1.323674854,400599.1
Northern_New_England,10/10/21 0:00,Organic,2.15373533,13076.13
Northern_New_England,10/17/21 0:00,Conventional,1.312723973,418754.4
Northern_New_England,10/17/21 0:00,Organic,2.127904491,14100.1
Northern_New_England,10/24/21 0:00,Conventional,1.309611816,407331.93
Northern_New_England,10/24/21 0:00,Organic,2.132531825,13638.49
Northern_New_England,10/31/21 0:00,Conventional,1.300076741,410999.83
Northern_New_England,10/31/21 0:00,Organic,1.903298173,15365.98
Northern_New_England,11/7/21 0:00,Conventional,1.02084658,530658.49
Northern_New_England,11/7/21 0:00,Organic,2.095042201,12037.07
Northern_New_England,11/14/21 0:00,Conventional,1.21483123,453673.02
Northern_New_England,11/14/21 0:00,Organic,2.045557323,13965.27
Northern_New_England,11/21/21 0:00,Conventional,1.262600734,404932.02
Northern_New_England,11/21/21 0:00,Organic,2.056634736,12068.69
Northern_New_England,11/28/21 0:00,Conventional,1.346973473,334740.33
Northern_New_England,11/28/21 0:00,Organic,2.089380332,10715.05
Northern_New_England,1/3/22 0:00,Conventional,1.052108751,599149.77
Northern_New_England,1/3/22 0:00,Organic,1.969356857,14360.86
Northern_New_England,1/9/22 0:00,Conventional,1.286336156,477727.78
Northern_New_England,1/9/22 0:00,Organic,1.980351373,17324.5
Northern_New_England,1/16/22 0:00,Conventional,1.191520176,537420.9
Northern_New_England,1/16/22 0:00,Organic,1.957572646,15907.85
Northern_New_England,1/23/22 0:00,Conventional,1.189532476,513115.27
Northern_New_England,1/23/22 0:00,Organic,1.956232138,15799.07
Northern_New_England,1/30/22 0:00,Conventional,1.107560209,648414.08
Northern_New_England,1/30/22 0:00,Organic,1.902688696,15810.46
Northern_New_England,2/6/22 0:00,Conventional,1.333875206,443503.96
Northern_New_England,2/6/22 0:00,Organic,1.966109776,14581.45
Northern_New_England,2/13/22 0:00,Conventional,1.018520851,692550.48
Northern_New_England,2/13/22 0:00,Organic,1.939149201,15748.48
Northern_New_England,2/20/22 0:00,Conventional,1.245448963,500468.31
Northern_New_England,2/20/22 0:00,Organic,2.010293682,18969.08
Northern_New_England,2/27/22 0:00,Conventional,1.40838922,443982.82
Northern_New_England,2/27/22 0:00,Organic,2.037105439,15058.02
Northern_New_England,3/6/22 0:00,Conventional,1.390358177,448155.54
Northern_New_England,3/6/22 0:00,Organic,1.956706292,14869.53
Northern_New_England,3/13/22 0:00,Conventional,1.424689866,457579.63
Northern_New_England,3/13/22 0:00,Organic,1.929478291,18019.3
Northern_New_England,3/20/22 0:00,Conventional,1.454566992,437195.27
Northern_New_England,3/20/22 0:00,Organic,2.003793866,15621.53
Northern_New_England,3/27/22 0:00,Conventional,1.43208247,442988.03
Northern_New_England,3/27/22 0:00,Organic,2.000754821,15799.88
Northern_New_England,4/3/22 0:00,Conventional,1.460097895,456193.8
Northern_New_England,4/3/22 0:00,Organic,1.918351785,16497.38
Northern_New_England,4/10/22 0:00,Conventional,1.139633497,643638.94
Northern_New_England,4/10/22 0:00,Organic,2.231581597,13446.54
Northern_New_England,4/17/22 0:00,Conventional,1.456132481,458124.13
Northern_New_England,4/17/22 0:00,Organic,2.157266978,14925.62
Northern_New_England,4/24/22 0:00,Conventional,1.163586423,528259
Northern_New_England,4/24/22 0:00,Organic,2.144130483,12513.48
Northern_New_England,5/1/22 0:00,Conventional,1.531556978,437938
Northern_New_England,5/1/22 0:00,Organic,2.334887784,14501.73
Northern_New_England,5/8/22 0:00,Conventional,1.496001406,563323
Northern_New_England,5/8/22 0:00,Organic,2.303570029,16278.73
Northern_New_England,5/15/22 0:00,Conventional,1.513707018,445830
Northern_New_England,5/15/22 0:00,Organic,2.36597319,12914.38
Plains,1/7/19 0:00,Conventional,1.082642399,2078634.2
Plains,1/7/19 0:00,Organic,1.517463096,58472.57
Plains,1/13/19 0:00,Conventional,1.024001668,2254970.04
Plains,1/13/19 0:00,Organic,1.55788171,55060.03
Plains,1/20/19 0:00,Conventional,1.018587388,2270144.07
Plains,1/20/19 0:00,Organic,1.532197977,47688.29
Plains,1/27/19 0:00,Conventional,1.071944853,2101377.47
Plains,1/27/19 0:00,Organic,1.564423241,42629.51
Plains,2/3/19 0:00,Conventional,0.877923291,2854456.7
Plains,2/3/19 0:00,Organic,1.527060069,41443.59
Plains,2/10/19 0:00,Conventional,0.94194818,2194167.21
Plains,2/10/19 0:00,Organic,1.626959761,38201.11
Plains,2/17/19 0:00,Conventional,1.022279322,1992844.43
Plains,2/17/19 0:00,Organic,1.500759523,46962.39
Plains,2/24/19 0:00,Conventional,1.043883127,2070262.22
Plains,2/24/19 0:00,Organic,1.463535329,66334.7
Plains,3/3/19 0:00,Conventional,1.099398738,1969134.41
Plains,3/3/19 0:00,Organic,1.655973465,43348.61
Plains,3/10/19 0:00,Conventional,1.025855365,2160367.91
Plains,3/10/19 0:00,Organic,1.407640004,54851.53
Plains,3/17/19 0:00,Conventional,0.982623257,2200627.14
Plains,3/17/19 0:00,Organic,1.539883053,42599.45
Plains,3/24/19 0:00,Conventional,0.968240631,2270643.75
Plains,3/24/19 0:00,Organic,1.349508172,80136.02
Plains,3/31/19 0:00,Conventional,0.987987263,2207931.99
Plains,3/31/19 0:00,Organic,1.601589685,40316
Plains,4/7/19 0:00,Conventional,1.073424917,2096896.37
Plains,4/7/19 0:00,Organic,1.489426373,64903.91
Plains,4/14/19 0:00,Conventional,1.163244155,2006875.42
Plains,4/14/19 0:00,Organic,1.581423393,70040.92
Plains,4/21/19 0:00,Conventional,1.324368197,1823395.23
Plains,4/21/19 0:00,Organic,1.96082934,55804.2
Plains,4/28/19 0:00,Conventional,1.46665097,1507806.53
Plains,4/28/19 0:00,Organic,1.985792049,69413.93
Plains,5/5/19 0:00,Conventional,1.285057285,2233767.62
Plains,5/5/19 0:00,Organic,1.777191401,68623.85
Plains,5/12/19 0:00,Conventional,1.279081724,2060873.72
Plains,5/12/19 0:00,Organic,1.647530892,77600.64
Plains,5/19/19 0:00,Conventional,1.301565702,1857674.17
Plains,5/19/19 0:00,Organic,1.575134619,84097.9
Plains,5/26/19 0:00,Conventional,1.275213097,1913803.43
Plains,5/26/19 0:00,Organic,1.532206486,90639.7
Plains,6/2/19 0:00,Conventional,1.203243353,2031218.44
Plains,6/2/19 0:00,Organic,1.539778832,95073.91
Plains,6/9/19 0:00,Conventional,1.223865523,1952291.06
Plains,6/9/19 0:00,Organic,1.58162145,82761.38
Plains,6/16/19 0:00,Conventional,1.317466136,1776742.99
Plains,6/16/19 0:00,Organic,1.571529517,74902.69
Plains,6/23/19 0:00,Conventional,1.235987695,1944893.31
Plains,6/23/19 0:00,Organic,1.555339566,67715.85
Plains,6/30/19 0:00,Conventional,1.310713948,1901130.25
Plains,6/30/19 0:00,Organic,1.877429287,42069.6
Plains,7/7/19 0:00,Conventional,1.456692726,1868938.26
Plains,7/7/19 0:00,Organic,2.214195644,37179.62
Plains,7/14/19 0:00,Conventional,1.495628847,1627656.37
Plains,7/14/19 0:00,Organic,2.221108692,41077.69
Plains,7/21/19 0:00,Conventional,1.502359643,1592243.42
Plains,7/21/19 0:00,Organic,2.268386579,39175.58
Plains,7/28/19 0:00,Conventional,1.480627563,1589412.28
Plains,7/28/19 0:00,Organic,2.261978375,38423.03
Plains,8/4/19 0:00,Conventional,1.424817352,1569927.36
Plains,8/4/19 0:00,Organic,2.280657247,38286.67
Plains,8/11/19 0:00,Conventional,1.407831099,1535322.13
Plains,8/11/19 0:00,Organic,2.224105293,36402.82
Plains,8/18/19 0:00,Conventional,1.428769589,1526819.23
Plains,8/18/19 0:00,Organic,2.208937904,35471.23
Plains,8/25/19 0:00,Conventional,1.398295602,1503724.52
Plains,8/25/19 0:00,Organic,2.182406957,39566.35
Plains,9/1/19 0:00,Conventional,1.37415381,1557931.09
Plains,9/1/19 0:00,Organic,2.166773012,34858.33
Plains,9/8/19 0:00,Conventional,1.321378649,1664867.58
Plains,9/8/19 0:00,Organic,2.18729108,34050.52
Plains,9/15/19 0:00,Conventional,1.313070826,1587676.44
Plains,9/15/19 0:00,Organic,1.978218907,38872.65
Plains,9/22/19 0:00,Conventional,1.276188579,1633658.24
Plains,9/22/19 0:00,Organic,1.932206643,37170.43
Plains,9/29/19 0:00,Conventional,1.287982643,1525619.51
Plains,9/29/19 0:00,Organic,1.9192779,38306.55
Plains,10/6/19 0:00,Conventional,1.273487987,1492423.9
Plains,10/6/19 0:00,Organic,1.845860693,39314.72
Plains,10/13/19 0:00,Conventional,1.150527457,1663270.85
Plains,10/13/19 0:00,Organic,1.876425641,31766.14
Plains,10/20/19 0:00,Conventional,1.174007918,1491955.44
Plains,10/20/19 0:00,Organic,1.926648656,35285.43
Plains,10/27/19 0:00,Conventional,1.09798752,1640810.49
Plains,10/27/19 0:00,Organic,1.795359935,36632.95
Plains,11/3/19 0:00,Conventional,1.068692259,1613060.51
Plains,11/3/19 0:00,Organic,1.730567404,38775.67
Plains,11/10/19 0:00,Conventional,1.14033444,1503983.62
Plains,11/10/19 0:00,Organic,1.844883736,28939.79
Plains,11/17/19 0:00,Conventional,1.121442568,1453118.23
Plains,11/17/19 0:00,Organic,1.883680512,28223.45
Plains,11/24/19 0:00,Conventional,1.125351801,1436431.92
Plains,11/24/19 0:00,Organic,1.497830677,38431.62
Plains,12/1/19 0:00,Conventional,1.052967551,1451737.85
Plains,12/1/19 0:00,Organic,1.724152078,26011.47
Plains,12/8/19 0:00,Conventional,1.030636267,1573952.57
Plains,12/8/19 0:00,Organic,0.77211354,95758.07
Plains,12/15/19 0:00,Conventional,1.072026474,1508932.85
Plains,12/15/19 0:00,Organic,1.109332194,61117.82
Plains,12/22/19 0:00,Conventional,1.10528611,1431252.47
Plains,12/22/19 0:00,Organic,1.201672118,51644.69
Plains,12/29/19 0:00,Conventional,1.003157774,1634838.18
Plains,12/29/19 0:00,Organic,1.3850976,42109.54
Plains,1/6/20 0:00,Conventional,1.048165899,1973838.16
Plains,1/6/20 0:00,Organic,1.474596406,43310.59
Plains,1/12/20 0:00,Conventional,1.050338609,1981888.3
Plains,1/12/20 0:00,Organic,1.476458801,44222.36
Plains,1/19/20 0:00,Conventional,0.998153725,2080849.29
Plains,1/19/20 0:00,Organic,1.408788666,60818.3
Plains,1/26/20 0:00,Conventional,1.141497456,1762947.01
Plains,1/26/20 0:00,Organic,1.708476358,38277.71
Plains,2/2/20 0:00,Conventional,0.891651357,2736589.06
Plains,2/2/20 0:00,Organic,1.663321739,38941.85
Plains,2/9/20 0:00,Conventional,0.96601463,2107761.62
Plains,2/9/20 0:00,Organic,1.599790239,38133.61
Plains,2/16/20 0:00,Conventional,1.097292762,1801339.45
Plains,2/16/20 0:00,Organic,1.603728749,40879.32
Plains,2/23/20 0:00,Conventional,1.058916728,2007363.17
Plains,2/23/20 0:00,Organic,1.463878965,60468.93
Plains,3/1/20 0:00,Conventional,1.154647805,1881737.58
Plains,3/1/20 0:00,Organic,1.689643137,49907.85
Plains,3/8/20 0:00,Conventional,1.083036666,2085103.46
Plains,3/8/20 0:00,Organic,1.797951741,48121.18
Plains,3/15/20 0:00,Conventional,1.257015921,2082955.19
Plains,3/15/20 0:00,Organic,1.853562847,52701.72
Plains,3/22/20 0:00,Conventional,1.262779201,2276455.47
Plains,3/22/20 0:00,Organic,1.541366155,82218.83
Plains,3/29/20 0:00,Conventional,1.226178602,2070510.66
Plains,3/29/20 0:00,Organic,1.731722013,45694.81
Plains,4/5/20 0:00,Conventional,1.24493626,2145634.83
Plains,4/5/20 0:00,Organic,1.690166648,52102.04
Plains,4/12/20 0:00,Conventional,1.26902902,2054230.34
Plains,4/12/20 0:00,Organic,1.728545377,78924.96
Plains,4/19/20 0:00,Conventional,1.143958508,2157736.68
Plains,4/19/20 0:00,Organic,1.734714426,74252.54
Plains,4/26/20 0:00,Conventional,1.157607842,2261356.9
Plains,4/26/20 0:00,Organic,1.722880834,68839.1
Plains,5/3/20 0:00,Conventional,1.060538701,2631216.97
Plains,5/3/20 0:00,Organic,1.756329171,53137.8
Plains,5/10/20 0:00,Conventional,1.085903577,2629133.33
Plains,5/10/20 0:00,Organic,1.711301698,62740
Plains,5/17/20 0:00,Conventional,1.137276246,2315596.18
Plains,5/17/20 0:00,Organic,1.68937262,64439.27
Plains,5/24/20 0:00,Conventional,1.123499438,2460729.38
Plains,5/24/20 0:00,Organic,1.576936182,80583.63
Plains,5/31/20 0:00,Conventional,1.042654939,2525661.09
Plains,5/31/20 0:00,Organic,1.569693509,70462.14
Plains,6/7/20 0:00,Conventional,1.072555845,2520447.1
Plains,6/7/20 0:00,Organic,1.67331267,62516.73
Plains,6/14/20 0:00,Conventional,1.113044455,2369694.87
Plains,6/14/20 0:00,Organic,1.686118958,55864.13
Plains,6/21/20 0:00,Conventional,1.007635638,2580983.38
Plains,6/21/20 0:00,Organic,1.675634595,61892.31
Plains,6/28/20 0:00,Conventional,1.002495403,2410779.26
Plains,6/28/20 0:00,Organic,1.600343212,65251.72
Plains,7/5/20 0:00,Conventional,1.023948944,2621960.04
Plains,7/5/20 0:00,Organic,1.615749972,72501.73
Plains,7/12/20 0:00,Conventional,1.018650459,2260289.09
Plains,7/12/20 0:00,Organic,1.57624926,64892.39
Plains,7/19/20 0:00,Conventional,1.035100342,2181151.51
Plains,7/19/20 0:00,Organic,1.380628566,74261.35
Plains,7/26/20 0:00,Conventional,0.974055362,2320896.16
Plains,7/26/20 0:00,Organic,1.394011256,70678.46
Plains,8/2/20 0:00,Conventional,0.982773311,2163203.68
Plains,8/2/20 0:00,Organic,1.407935927,59931.43
Plains,8/9/20 0:00,Conventional,0.976201255,2150044.3
Plains,8/9/20 0:00,Organic,1.450895639,51305.43
Plains,8/16/20 0:00,Conventional,0.915772105,2387263.31
Plains,8/16/20 0:00,Organic,1.545028726,49870.73
Plains,8/23/20 0:00,Conventional,0.95722351,2132877.5
Plains,8/23/20 0:00,Organic,1.520218984,48756.87
Plains,8/30/20 0:00,Conventional,0.969976255,2099959.46
Plains,8/30/20 0:00,Organic,1.539210388,53257.25
Plains,9/6/20 0:00,Conventional,0.965841297,2115132.67
Plains,9/6/20 0:00,Organic,1.619512097,62193.04
Plains,9/13/20 0:00,Conventional,0.966681394,2085141.89
Plains,9/13/20 0:00,Organic,1.489098918,62803.34
Plains,9/20/20 0:00,Conventional,0.962032778,1905026.87
Plains,9/20/20 0:00,Organic,1.536504065,54737.83
Plains,9/27/20 0:00,Conventional,0.941416978,2018889.86
Plains,9/27/20 0:00,Organic,1.574099331,44935.47
Plains,10/4/20 0:00,Conventional,1.006856486,1831661.53
Plains,10/4/20 0:00,Organic,1.557261793,44172.26
Plains,10/11/20 0:00,Conventional,0.956743956,1947685.24
Plains,10/11/20 0:00,Organic,1.556644569,45503.14
Plains,10/18/20 0:00,Conventional,0.957222004,1856649.33
Plains,10/18/20 0:00,Organic,1.471093518,44569.14
Plains,10/25/20 0:00,Conventional,0.945824236,1829470.04
Plains,10/25/20 0:00,Organic,1.411667566,43352.89
Plains,11/1/20 0:00,Conventional,0.868567109,1966826.76
Plains,11/1/20 0:00,Organic,1.389654812,45218.72
Plains,11/8/20 0:00,Conventional,0.938553286,1839848.67
Plains,11/8/20 0:00,Organic,1.319482352,66129.28
Plains,11/15/20 0:00,Conventional,0.931439987,1871906.33
Plains,11/15/20 0:00,Organic,1.480734878,48267.55
Plains,11/22/20 0:00,Conventional,0.909704196,1810083.76
Plains,11/22/20 0:00,Organic,1.401902172,41809.57
Plains,11/29/20 0:00,Conventional,0.883246391,1614428.3
Plains,11/29/20 0:00,Organic,1.47133077,34762.83
Plains,12/6/20 0:00,Conventional,0.807810511,2078153.47
Plains,12/6/20 0:00,Organic,1.36853147,42610.61
Plains,12/13/20 0:00,Conventional,0.856078763,1970717.48
Plains,12/13/20 0:00,Organic,1.350337113,42177.8
Plains,12/20/20 0:00,Conventional,0.838164304,1870165.09
Plains,12/20/20 0:00,Organic,1.388248192,40344.73
Plains,12/27/20 0:00,Conventional,0.845850506,1776741.23
Plains,12/27/20 0:00,Organic,1.429913174,36166.83
Plains,1/4/21 0:00,Conventional,0.785545678,2371391.81
Plains,1/4/21 0:00,Organic,1.405435215,44473.78
Plains,1/10/21 0:00,Conventional,0.919398298,2216093.34
Plains,1/10/21 0:00,Organic,1.37468799,52136.03
Plains,1/17/21 0:00,Conventional,0.859684495,2277500.29
Plains,1/17/21 0:00,Organic,1.328390594,52457.77
Plains,1/24/21 0:00,Conventional,0.928236379,2205793.85
Plains,1/24/21 0:00,Organic,1.402707548,45474.84
Plains,1/31/21 0:00,Conventional,0.947362538,2110768.72
Plains,1/31/21 0:00,Organic,1.394291227,46539.82
Plains,2/7/21 0:00,Conventional,0.834592352,2819024.83
Plains,2/7/21 0:00,Organic,1.37517328,47808.32
Plains,2/14/21 0:00,Conventional,0.89147778,2151095.44
Plains,2/14/21 0:00,Organic,1.362677616,45383.13
Plains,2/21/21 0:00,Conventional,0.894770416,2038537.26
Plains,2/21/21 0:00,Organic,1.298891498,56856.53
Plains,2/28/21 0:00,Conventional,0.899749186,2062042.32
Plains,2/28/21 0:00,Organic,1.438538215,51517.01
Plains,3/7/21 0:00,Conventional,0.955722287,2130430.51
Plains,3/7/21 0:00,Organic,1.309703744,73986.36
Plains,3/14/21 0:00,Conventional,0.974796149,2074424.03
Plains,3/14/21 0:00,Organic,1.510564386,60818.14
Plains,3/21/21 0:00,Conventional,0.927741457,2147499.45
Plains,3/21/21 0:00,Organic,1.34420504,59211.83
Plains,3/28/21 0:00,Conventional,1.089059283,2047905.65
Plains,3/28/21 0:00,Organic,1.456011771,51269.39
Plains,4/4/21 0:00,Conventional,1.154849577,2030794.04
Plains,4/4/21 0:00,Organic,1.556201838,50862.29
Plains,4/11/21 0:00,Conventional,1.097260146,2084420.57
Plains,4/11/21 0:00,Organic,1.592963791,49846.94
Plains,4/18/21 0:00,Conventional,1.172588182,2056873.61
Plains,4/18/21 0:00,Organic,1.594385445,51255.8
Plains,4/25/21 0:00,Conventional,1.205224159,1961028.27
Plains,4/25/21 0:00,Organic,1.680399836,53670.1
Plains,5/2/21 0:00,Conventional,1.115925702,2254852.39
Plains,5/2/21 0:00,Organic,1.690768122,50765.18
Plains,5/9/21 0:00,Conventional,1.081011289,2309211.88
Plains,5/9/21 0:00,Organic,1.698571009,47959.95
Plains,5/16/21 0:00,Conventional,1.145254434,1929268.9
Plains,5/16/21 0:00,Organic,1.830041801,47085.5
Plains,5/23/21 0:00,Conventional,1.150509251,1989535.62
Plains,5/23/21 0:00,Organic,1.77852481,46804.34
Plains,5/30/21 0:00,Conventional,1.110484798,2055573.04
Plains,5/30/21 0:00,Organic,1.759227167,48259.31
Plains,6/6/21 0:00,Conventional,1.171497007,2055335.71
Plains,6/6/21 0:00,Organic,1.81454759,47287.09
Plains,6/13/21 0:00,Conventional,1.157876484,2088546.67
Plains,6/13/21 0:00,Organic,1.79947884,47770.98
Plains,6/20/21 0:00,Conventional,1.117167722,2102503.9
Plains,6/20/21 0:00,Organic,1.593252856,38296.13
Plains,6/27/21 0:00,Conventional,1.064643641,2166584.54
Plains,6/27/21 0:00,Organic,1.607738192,37740.69
Plains,7/4/21 0:00,Conventional,1.049632314,2384515.4
Plains,7/4/21 0:00,Organic,1.597167273,38788.14
Plains,7/11/21 0:00,Conventional,0.982775183,2252549.63
Plains,7/11/21 0:00,Organic,1.578189257,27298.93
Plains,7/18/21 0:00,Conventional,0.993770077,2146361.14
Plains,7/18/21 0:00,Organic,1.744548642,44762.32
Plains,7/25/21 0:00,Conventional,0.98073914,2144165.72
Plains,7/25/21 0:00,Organic,1.700074736,46227.7
Plains,8/1/21 0:00,Conventional,1.058105826,1923428.02
Plains,8/1/21 0:00,Organic,1.666985847,47123.73
Plains,8/8/21 0:00,Conventional,1.080662235,1876894.58
Plains,8/8/21 0:00,Organic,1.556457098,54409.22
Plains,8/15/21 0:00,Conventional,1.027109478,1962020.37
Plains,8/15/21 0:00,Organic,1.638043631,44953.03
Plains,8/22/21 0:00,Conventional,1.106987922,1787362.68
Plains,8/22/21 0:00,Organic,1.662727222,45728.66
Plains,8/29/21 0:00,Conventional,1.128275171,1748106.06
Plains,8/29/21 0:00,Organic,1.606199283,59995.29
Plains,9/5/21 0:00,Conventional,1.112603753,1790266.34
Plains,9/5/21 0:00,Organic,1.512379111,61529.91
Plains,9/12/21 0:00,Conventional,1.13549387,1744228.56
Plains,9/12/21 0:00,Organic,1.663805174,63298.16
Plains,9/19/21 0:00,Conventional,1.122681638,1743283.99
Plains,9/19/21 0:00,Organic,1.721994063,48532.09
Plains,9/26/21 0:00,Conventional,1.159390986,1693947.07
Plains,9/26/21 0:00,Organic,1.65461032,49436.74
Plains,10/3/21 0:00,Conventional,1.187237327,1682244.08
Plains,10/3/21 0:00,Organic,1.759722489,43560.65
Plains,10/10/21 0:00,Conventional,1.213080323,1681596.79
Plains,10/10/21 0:00,Organic,1.814787637,39858.05
Plains,10/17/21 0:00,Conventional,1.156338891,1664493.81
Plains,10/17/21 0:00,Organic,1.753866291,43697.15
Plains,10/24/21 0:00,Conventional,1.131330267,1697948.57
Plains,10/24/21 0:00,Organic,1.752799749,40360.61
Plains,10/31/21 0:00,Conventional,1.067710479,1783393.03
Plains,10/31/21 0:00,Organic,1.752521974,38987.15
Plains,11/7/21 0:00,Conventional,1.127112205,1642656.85
Plains,11/7/21 0:00,Organic,1.793380446,40487.77
Plains,11/14/21 0:00,Conventional,1.147917033,1672248.08
Plains,11/14/21 0:00,Organic,1.793719572,43391.58
Plains,11/21/21 0:00,Conventional,1.084551843,1666179.76
Plains,11/21/21 0:00,Organic,1.823035055,39583.81
Plains,11/28/21 0:00,Conventional,1.193388953,1384182.57
Plains,11/28/21 0:00,Organic,1.845492306,36219.06
Plains,1/3/22 0:00,Conventional,1.018229638,1950985.34
Plains,1/3/22 0:00,Organic,1.62493365,49345.02
Plains,1/9/22 0:00,Conventional,1.213142197,1726734.37
Plains,1/9/22 0:00,Organic,1.628020098,54779.24
Plains,1/16/22 0:00,Conventional,1.264119091,1886878.31
Plains,1/16/22 0:00,Organic,1.740967804,51743.33
Plains,1/23/22 0:00,Conventional,1.284293231,1810913.41
Plains,1/23/22 0:00,Organic,1.658772812,48018.66
Plains,1/30/22 0:00,Conventional,1.256459763,1842460.11
Plains,1/30/22 0:00,Organic,1.585713245,54380.07
Plains,2/6/22 0:00,Conventional,1.234608765,1835463.52
Plains,2/6/22 0:00,Organic,1.641781573,50426.78
Plains,2/13/22 0:00,Conventional,1.165925058,2314973.9
Plains,2/13/22 0:00,Organic,1.665734294,50959.57
Plains,2/20/22 0:00,Conventional,1.206987876,2021018.1
Plains,2/20/22 0:00,Organic,1.674241231,50805.65
Plains,2/27/22 0:00,Conventional,1.24417765,1918399.01
Plains,2/27/22 0:00,Organic,1.69983324,52062.17
Plains,3/6/22 0:00,Conventional,1.356631223,1797072.66
Plains,3/6/22 0:00,Organic,1.72937315,48742.71
Plains,3/13/22 0:00,Conventional,1.404127983,1724575.69
Plains,3/13/22 0:00,Organic,1.7694186,57175.53
Plains,3/20/22 0:00,Conventional,1.376801712,1795683.89
Plains,3/20/22 0:00,Organic,1.782684121,51740.53
Plains,3/27/22 0:00,Conventional,1.418774313,1802220.7
Plains,3/27/22 0:00,Organic,1.732416428,48798.68
Plains,4/3/22 0:00,Conventional,1.409476258,1871105.29
Plains,4/3/22 0:00,Organic,1.736575849,52412.28
Plains,4/10/22 0:00,Conventional,1.409838402,1902032.98
Plains,4/10/22 0:00,Organic,1.732845402,53471.42
Plains,4/17/22 0:00,Conventional,1.477461197,1826120.68
Plains,4/17/22 0:00,Organic,1.773280962,55662.48
Plains,4/24/22 0:00,Conventional,1.48606744,1609575
Plains,4/24/22 0:00,Organic,1.924262256,50701.43
Plains,5/1/22 0:00,Conventional,1.505870693,1808049
Plains,5/1/22 0:00,Organic,2.093920755,46294.69
Plains,5/8/22 0:00,Conventional,1.472751849,1893211
Plains,5/8/22 0:00,Organic,2.037631131,53819.6
Plains,5/15/22 0:00,Conventional,1.541429251,1560202
Plains,5/15/22 0:00,Organic,1.991358495,61445.09
SouthCentral,1/7/19 0:00,Conventional,0.840955676,6286791.07
SouthCentral,1/7/19 0:00,Organic,1.644445234,139712.11
SouthCentral,1/13/19 0:00,Conventional,0.842279464,6697545.95
SouthCentral,1/13/19 0:00,Organic,1.666739824,130785.63
SouthCentral,1/20/19 0:00,Conventional,0.866962191,6611870.34
SouthCentral,1/20/19 0:00,Organic,1.636191604,133322.22
SouthCentral,1/27/19 0:00,Conventional,0.834145589,6607935.31
SouthCentral,1/27/19 0:00,Organic,1.552231076,136544.09
SouthCentral,2/3/19 0:00,Conventional,0.762335853,8011024.11
SouthCentral,2/3/19 0:00,Organic,1.500650971,132413.58
SouthCentral,2/10/19 0:00,Conventional,0.767411976,6581704
SouthCentral,2/10/19 0:00,Organic,1.422452242,167627.69
SouthCentral,2/17/19 0:00,Conventional,0.80651099,6102300.61
SouthCentral,2/17/19 0:00,Organic,1.461052556,124403.25
SouthCentral,2/24/19 0:00,Conventional,0.805729784,6333741.93
SouthCentral,2/24/19 0:00,Organic,1.400919365,127570.15
SouthCentral,3/3/19 0:00,Conventional,0.826502017,6227619.21
SouthCentral,3/3/19 0:00,Organic,1.500363391,150547.89
SouthCentral,3/10/19 0:00,Conventional,0.782261154,6765613
SouthCentral,3/10/19 0:00,Organic,1.458641594,145940.43
SouthCentral,3/17/19 0:00,Conventional,0.748648136,6650806.78
SouthCentral,3/17/19 0:00,Organic,1.490765406,138895.77
SouthCentral,3/24/19 0:00,Conventional,0.823102731,6533170.19
SouthCentral,3/24/19 0:00,Organic,1.467174818,155101.19
SouthCentral,3/31/19 0:00,Conventional,0.797210757,6847326.15
SouthCentral,3/31/19 0:00,Organic,1.287069875,146743.86
SouthCentral,4/7/19 0:00,Conventional,0.894158914,6367391.6
SouthCentral,4/7/19 0:00,Organic,1.394713037,160497.9
SouthCentral,4/14/19 0:00,Conventional,1.004055989,6125091.52
SouthCentral,4/14/19 0:00,Organic,1.317483998,173823.78
SouthCentral,4/21/19 0:00,Conventional,1.119621676,5870332.09
SouthCentral,4/21/19 0:00,Organic,1.73212317,158243.75
SouthCentral,4/28/19 0:00,Conventional,1.151307204,5287218.09
SouthCentral,4/28/19 0:00,Organic,1.794155353,146264.45
SouthCentral,5/5/19 0:00,Conventional,1.075698083,6371212.53
SouthCentral,5/5/19 0:00,Organic,1.745715294,123425.61
SouthCentral,5/12/19 0:00,Conventional,0.996664279,6311546.98
SouthCentral,5/12/19 0:00,Organic,1.670386659,104460.59
SouthCentral,5/19/19 0:00,Conventional,1.033962935,5501510.05
SouthCentral,5/19/19 0:00,Organic,1.787123023,121630.36
SouthCentral,5/26/19 0:00,Conventional,1.069134555,5635088.04
SouthCentral,5/26/19 0:00,Organic,1.860099333,118894.79
SouthCentral,6/2/19 0:00,Conventional,1.101955324,5555912.06
SouthCentral,6/2/19 0:00,Organic,1.757960941,125085.36
SouthCentral,6/9/19 0:00,Conventional,1.136482352,5531981.25
SouthCentral,6/9/19 0:00,Organic,1.649798143,104882.22
SouthCentral,6/16/19 0:00,Conventional,1.191856245,5172421.22
SouthCentral,6/16/19 0:00,Organic,1.809341298,98525.97
SouthCentral,6/23/19 0:00,Conventional,1.163796404,5481338.34
SouthCentral,6/23/19 0:00,Organic,1.828196262,89583.12
SouthCentral,6/30/19 0:00,Conventional,1.241967331,5115310.31
SouthCentral,6/30/19 0:00,Organic,1.911191328,87957.72
SouthCentral,7/7/19 0:00,Conventional,1.366445728,5055901.84
SouthCentral,7/7/19 0:00,Organic,1.821334128,82370.66
SouthCentral,7/14/19 0:00,Conventional,1.363599522,4604491.24
SouthCentral,7/14/19 0:00,Organic,1.831382326,90680.22
SouthCentral,7/21/19 0:00,Conventional,1.310974701,4364058.7
SouthCentral,7/21/19 0:00,Organic,1.872154874,80453.73
SouthCentral,7/28/19 0:00,Conventional,1.276725121,4585111.02
SouthCentral,7/28/19 0:00,Organic,1.954029611,95296.68
SouthCentral,8/4/19 0:00,Conventional,1.241709006,4707607.98
SouthCentral,8/4/19 0:00,Organic,2.006519206,97568.73
SouthCentral,8/11/19 0:00,Conventional,1.181011998,4885958.94
SouthCentral,8/11/19 0:00,Organic,1.996347612,112431.08
SouthCentral,8/18/19 0:00,Conventional,1.207559908,4845324.23
SouthCentral,8/18/19 0:00,Organic,1.953806443,116512.11
SouthCentral,8/25/19 0:00,Conventional,0.984241864,6150788.49
SouthCentral,8/25/19 0:00,Organic,1.910466864,111121.27
SouthCentral,9/1/19 0:00,Conventional,1.047636892,5215139.03
SouthCentral,9/1/19 0:00,Organic,1.857579016,113268.69
SouthCentral,9/8/19 0:00,Conventional,1.051728298,5339438.63
SouthCentral,9/8/19 0:00,Organic,1.824663181,126123.01
SouthCentral,9/15/19 0:00,Conventional,1.074410942,5374932.73
SouthCentral,9/15/19 0:00,Organic,1.586709001,117306.52
SouthCentral,9/22/19 0:00,Conventional,1.039163032,5149822.76
SouthCentral,9/22/19 0:00,Organic,1.709909519,119000.47
SouthCentral,9/29/19 0:00,Conventional,1.041296158,4945132.6
SouthCentral,9/29/19 0:00,Organic,1.696422122,108878.91
SouthCentral,10/6/19 0:00,Conventional,1.012614911,5445206.97
SouthCentral,10/6/19 0:00,Organic,1.601335862,123757.45
SouthCentral,10/13/19 0:00,Conventional,0.98579125,5475453.52
SouthCentral,10/13/19 0:00,Organic,1.54447946,110421.81
SouthCentral,10/20/19 0:00,Conventional,0.909833094,5183092.63
SouthCentral,10/20/19 0:00,Organic,1.468023473,103323.91
SouthCentral,10/27/19 0:00,Conventional,0.897324074,5289803.6
SouthCentral,10/27/19 0:00,Organic,1.462852783,92119.94
SouthCentral,11/3/19 0:00,Conventional,0.85111135,5327908.64
SouthCentral,11/3/19 0:00,Organic,1.432831639,91279.11
SouthCentral,11/10/19 0:00,Conventional,0.879408171,5012157.22
SouthCentral,11/10/19 0:00,Organic,1.648599703,84914.49
SouthCentral,11/17/19 0:00,Conventional,0.719419078,5902134.59
SouthCentral,11/17/19 0:00,Organic,1.688318963,81476.34
SouthCentral,11/24/19 0:00,Conventional,0.830456502,4642536.91
SouthCentral,11/24/19 0:00,Organic,1.605464701,76907.97
SouthCentral,12/1/19 0:00,Conventional,0.782148946,4816967.57
SouthCentral,12/1/19 0:00,Organic,1.646353485,87444.99
SouthCentral,12/8/19 0:00,Conventional,0.748596665,5314901.83
SouthCentral,12/8/19 0:00,Organic,1.505552859,80908.81
SouthCentral,12/15/19 0:00,Conventional,0.806279222,4871343.46
SouthCentral,12/15/19 0:00,Organic,1.14787078,110319.29
SouthCentral,12/22/19 0:00,Conventional,0.759267077,5162670.35
SouthCentral,12/22/19 0:00,Organic,1.238650671,104619.64
SouthCentral,12/29/19 0:00,Conventional,0.711035336,5337891.98
SouthCentral,12/29/19 0:00,Organic,1.3842342,81484.05
SouthCentral,1/6/20 0:00,Conventional,0.816119675,5349861.91
SouthCentral,1/6/20 0:00,Organic,1.39591179,92341.69
SouthCentral,1/12/20 0:00,Conventional,0.704596186,6553540.14
SouthCentral,1/12/20 0:00,Organic,1.36150479,111985.28
SouthCentral,1/19/20 0:00,Conventional,0.632036148,7005946.34
SouthCentral,1/19/20 0:00,Organic,1.365583886,106827.77
SouthCentral,1/26/20 0:00,Conventional,0.774351933,5834968.78
SouthCentral,1/26/20 0:00,Organic,1.504148534,121220.59
SouthCentral,2/2/20 0:00,Conventional,0.627061631,8148600.19
SouthCentral,2/2/20 0:00,Organic,1.508208807,119058.3
SouthCentral,2/9/20 0:00,Conventional,0.694904311,6778985.8
SouthCentral,2/9/20 0:00,Organic,1.484205267,125035.38
SouthCentral,2/16/20 0:00,Conventional,0.733053868,6006633.63
SouthCentral,2/16/20 0:00,Organic,1.428462231,112888.76
SouthCentral,2/23/20 0:00,Conventional,0.79150304,5883742.01
SouthCentral,2/23/20 0:00,Organic,1.436975988,106447.7
SouthCentral,3/1/20 0:00,Conventional,0.806695391,6173544.22
SouthCentral,3/1/20 0:00,Organic,1.560153043,113923.4
SouthCentral,3/8/20 0:00,Conventional,0.872246535,6010667.21
SouthCentral,3/8/20 0:00,Organic,1.513344309,109877.3
SouthCentral,3/15/20 0:00,Conventional,0.915913476,7185793.45
SouthCentral,3/15/20 0:00,Organic,1.549466602,139285.03
SouthCentral,3/22/20 0:00,Conventional,0.922870291,7247820.44
SouthCentral,3/22/20 0:00,Organic,1.559197026,143083.57
SouthCentral,3/29/20 0:00,Conventional,0.989943189,6022694.96
SouthCentral,3/29/20 0:00,Organic,1.570993537,122068.03
SouthCentral,4/5/20 0:00,Conventional,0.926880763,6993572.35
SouthCentral,4/5/20 0:00,Organic,1.584675995,129274.77
SouthCentral,4/12/20 0:00,Conventional,0.904182377,6950361.81
SouthCentral,4/12/20 0:00,Organic,1.609623316,131155.48
SouthCentral,4/19/20 0:00,Conventional,0.890989127,7177668.96
SouthCentral,4/19/20 0:00,Organic,1.61829282,155257.38
SouthCentral,4/26/20 0:00,Conventional,0.974423583,6612121.72
SouthCentral,4/26/20 0:00,Organic,1.612526721,138738.6
SouthCentral,5/3/20 0:00,Conventional,0.918103547,7081346.74
SouthCentral,5/3/20 0:00,Organic,1.610363414,137588.71
SouthCentral,5/10/20 0:00,Conventional,0.858257972,7624949.77
SouthCentral,5/10/20 0:00,Organic,1.609072085,156460.28
SouthCentral,5/17/20 0:00,Conventional,0.925446596,7010073.82
SouthCentral,5/17/20 0:00,Organic,1.618879222,141116.01
SouthCentral,5/24/20 0:00,Conventional,0.876868389,7609471.93
SouthCentral,5/24/20 0:00,Organic,1.555000724,142711.64
SouthCentral,5/31/20 0:00,Conventional,0.832158468,7346134.37
SouthCentral,5/31/20 0:00,Organic,1.55173576,144841.51
SouthCentral,6/7/20 0:00,Conventional,0.766036615,7550440.8
SouthCentral,6/7/20 0:00,Organic,1.582689966,150827.18
SouthCentral,6/14/20 0:00,Conventional,0.815849585,6918642.6
SouthCentral,6/14/20 0:00,Organic,1.533130664,137784.04
SouthCentral,6/21/20 0:00,Conventional,0.846618283,6773164.81
SouthCentral,6/21/20 0:00,Organic,1.47582233,141144.03
SouthCentral,6/28/20 0:00,Conventional,0.844593722,6180721.69
SouthCentral,6/28/20 0:00,Organic,1.448982268,145913.3
SouthCentral,7/5/20 0:00,Conventional,0.821155724,7185225.89
SouthCentral,7/5/20 0:00,Organic,1.47301806,152161.54
SouthCentral,7/12/20 0:00,Conventional,0.802057146,6566526.73
SouthCentral,7/12/20 0:00,Organic,1.524670949,122234.55
SouthCentral,7/19/20 0:00,Conventional,0.808707405,6551263.9
SouthCentral,7/19/20 0:00,Organic,1.532393485,123540.14
SouthCentral,7/26/20 0:00,Conventional,0.816277622,6268529.37
SouthCentral,7/26/20 0:00,Organic,1.47229744,118479.58
SouthCentral,8/2/20 0:00,Conventional,0.803015181,6103007.14
SouthCentral,8/2/20 0:00,Organic,1.488302453,115649.03
SouthCentral,8/9/20 0:00,Conventional,0.82447035,6333975.28
SouthCentral,8/9/20 0:00,Organic,1.531509126,130429.84
SouthCentral,8/16/20 0:00,Conventional,0.786633989,6592524.48
SouthCentral,8/16/20 0:00,Organic,1.561793911,137078.1
SouthCentral,8/23/20 0:00,Conventional,0.749245553,6936698.79
SouthCentral,8/23/20 0:00,Organic,1.501074383,129882.96
SouthCentral,8/30/20 0:00,Conventional,0.745326874,6562450.55
SouthCentral,8/30/20 0:00,Organic,1.527848058,115808.43
SouthCentral,9/6/20 0:00,Conventional,0.765886324,6659126.68
SouthCentral,9/6/20 0:00,Organic,1.577528536,87710.26
SouthCentral,9/13/20 0:00,Conventional,0.755699199,6408260.78
SouthCentral,9/13/20 0:00,Organic,1.548494988,110353.4
SouthCentral,9/20/20 0:00,Conventional,0.759274764,6269231.91
SouthCentral,9/20/20 0:00,Organic,1.514796212,110143.59
SouthCentral,9/27/20 0:00,Conventional,0.747182692,6076495.64
SouthCentral,9/27/20 0:00,Organic,1.432030285,113146.61
SouthCentral,10/4/20 0:00,Conventional,0.75396021,6016796.52
SouthCentral,10/4/20 0:00,Organic,1.386250463,112896.61
SouthCentral,10/11/20 0:00,Conventional,0.744539271,6067225.57
SouthCentral,10/11/20 0:00,Organic,1.382207938,110327.7
SouthCentral,10/18/20 0:00,Conventional,0.760275187,5683118.06
SouthCentral,10/18/20 0:00,Organic,1.329957026,114631.36
SouthCentral,10/25/20 0:00,Conventional,0.750962648,5842990.24
SouthCentral,10/25/20 0:00,Organic,1.400967471,117262.51
SouthCentral,11/1/20 0:00,Conventional,0.70596866,6023390.13
SouthCentral,11/1/20 0:00,Organic,1.28998511,107427.41
SouthCentral,11/8/20 0:00,Conventional,0.712832877,5942347.44
SouthCentral,11/8/20 0:00,Organic,1.304037576,112158.19
SouthCentral,11/15/20 0:00,Conventional,0.673769149,6488118.94
SouthCentral,11/15/20 0:00,Organic,1.342147139,121452.68
SouthCentral,11/22/20 0:00,Conventional,0.66041341,5839556.94
SouthCentral,11/22/20 0:00,Organic,1.307614472,115365.52
SouthCentral,11/29/20 0:00,Conventional,0.635158032,5296527.54
SouthCentral,11/29/20 0:00,Organic,1.326388478,96314.87
SouthCentral,12/6/20 0:00,Conventional,0.661376243,5747297.21
SouthCentral,12/6/20 0:00,Organic,1.346758492,117611.64
SouthCentral,12/13/20 0:00,Conventional,0.664199052,5993901.56
SouthCentral,12/13/20 0:00,Organic,1.30811922,122745.23
SouthCentral,12/20/20 0:00,Conventional,0.674896501,5629350.89
SouthCentral,12/20/20 0:00,Organic,1.351490486,118166.49
SouthCentral,12/27/20 0:00,Conventional,0.671505385,5450518.72
SouthCentral,12/27/20 0:00,Organic,1.354627706,111025.28
SouthCentral,1/4/21 0:00,Conventional,0.6193928,6636434.6
SouthCentral,1/4/21 0:00,Organic,1.283569109,132420.25
SouthCentral,1/10/21 0:00,Conventional,0.640815095,6931739.6
SouthCentral,1/10/21 0:00,Organic,1.195924349,209537.73
SouthCentral,1/17/21 0:00,Conventional,0.694374905,6459681.34
SouthCentral,1/17/21 0:00,Organic,1.352525219,158593.98
SouthCentral,1/24/21 0:00,Conventional,0.683369927,6581957.61
SouthCentral,1/24/21 0:00,Organic,1.164968794,195200.82
SouthCentral,1/31/21 0:00,Conventional,0.701977139,6749012.07
SouthCentral,1/31/21 0:00,Organic,1.319951479,157044.33
SouthCentral,2/7/21 0:00,Conventional,0.649054034,7989053.02
SouthCentral,2/7/21 0:00,Organic,1.278772416,151241.85
SouthCentral,2/14/21 0:00,Conventional,0.692704241,7275889.21
SouthCentral,2/14/21 0:00,Organic,1.315687247,203052.01
SouthCentral,2/21/21 0:00,Conventional,0.697496005,4874564.28
SouthCentral,2/21/21 0:00,Organic,1.269768843,175822.04
SouthCentral,2/28/21 0:00,Conventional,0.69478296,6652833.17
SouthCentral,2/28/21 0:00,Organic,1.312122658,166174.93
SouthCentral,3/7/21 0:00,Conventional,0.699884046,6722150.24
SouthCentral,3/7/21 0:00,Organic,1.185917906,197241.71
SouthCentral,3/14/21 0:00,Conventional,0.737287195,6546235.81
SouthCentral,3/14/21 0:00,Organic,1.290919333,151506.77
SouthCentral,3/21/21 0:00,Conventional,0.734092818,6603749.49
SouthCentral,3/21/21 0:00,Organic,1.231656031,159616.02
SouthCentral,3/28/21 0:00,Conventional,0.873180379,5945950.99
SouthCentral,3/28/21 0:00,Organic,1.401167321,151142.17
SouthCentral,4/4/21 0:00,Conventional,0.882717316,6269843.59
SouthCentral,4/4/21 0:00,Organic,1.352225267,179886.55
SouthCentral,4/11/21 0:00,Conventional,0.908249901,5804564.23
SouthCentral,4/11/21 0:00,Organic,1.444412609,153913.52
SouthCentral,4/18/21 0:00,Conventional,0.916829204,5934476.45
SouthCentral,4/18/21 0:00,Organic,1.435714153,157228.66
SouthCentral,4/25/21 0:00,Conventional,0.877688839,6055123.34
SouthCentral,4/25/21 0:00,Organic,1.560551885,179123.8
SouthCentral,5/2/21 0:00,Conventional,0.90834936,6055182.55
SouthCentral,5/2/21 0:00,Organic,1.569655603,174551.2
SouthCentral,5/9/21 0:00,Conventional,0.913748246,6134840.85
SouthCentral,5/9/21 0:00,Organic,1.515730447,160190.11
SouthCentral,5/16/21 0:00,Conventional,0.899116839,5837563.98
SouthCentral,5/16/21 0:00,Organic,1.591581002,156387.94
SouthCentral,5/23/21 0:00,Conventional,0.877656072,5846648.25
SouthCentral,5/23/21 0:00,Organic,1.486100056,151010.96
SouthCentral,5/30/21 0:00,Conventional,0.88782807,6239812.43
SouthCentral,5/30/21 0:00,Organic,1.526518934,143251.54
SouthCentral,6/6/21 0:00,Conventional,0.879095696,6211700.33
SouthCentral,6/6/21 0:00,Organic,1.522977352,143746.09
SouthCentral,6/13/21 0:00,Conventional,0.833092007,6527756.67
SouthCentral,6/13/21 0:00,Organic,1.555036785,131924.89
SouthCentral,6/20/21 0:00,Conventional,0.907405512,6140038.16
SouthCentral,6/20/21 0:00,Organic,1.480898133,133691.65
SouthCentral,6/27/21 0:00,Conventional,0.857225199,6235987.64
SouthCentral,6/27/21 0:00,Organic,1.459161394,133062.07
SouthCentral,7/4/21 0:00,Conventional,0.863582102,6424619.49
SouthCentral,7/4/21 0:00,Organic,1.460887733,135205.11
SouthCentral,7/11/21 0:00,Conventional,0.80718718,6347765.11
SouthCentral,7/11/21 0:00,Organic,1.492475836,99825.35
SouthCentral,7/18/21 0:00,Conventional,0.794260641,6364008.15
SouthCentral,7/18/21 0:00,Organic,1.485728608,118151.33
SouthCentral,7/25/21 0:00,Conventional,0.792361091,6355038.08
SouthCentral,7/25/21 0:00,Organic,1.503479917,121773.44
SouthCentral,8/1/21 0:00,Conventional,0.871654625,5524743.55
SouthCentral,8/1/21 0:00,Organic,1.545122936,130474.29
SouthCentral,8/8/21 0:00,Conventional,0.831288243,5942275.09
SouthCentral,8/8/21 0:00,Organic,1.580925811,144294.05
SouthCentral,8/15/21 0:00,Conventional,0.827015565,5794435.41
SouthCentral,8/15/21 0:00,Organic,1.572182274,98641.13
SouthCentral,8/22/21 0:00,Conventional,0.817748485,5862786.62
SouthCentral,8/22/21 0:00,Organic,1.526982506,98761.14
SouthCentral,8/29/21 0:00,Conventional,0.851094585,6010887.49
SouthCentral,8/29/21 0:00,Organic,1.488280797,151341.16
SouthCentral,9/5/21 0:00,Conventional,0.87640207,5932952.36
SouthCentral,9/5/21 0:00,Organic,1.545818198,155750.81
SouthCentral,9/12/21 0:00,Conventional,0.912895515,5598834.44
SouthCentral,9/12/21 0:00,Organic,1.542644134,139846.79
SouthCentral,9/19/21 0:00,Conventional,0.947433068,5532932.97
SouthCentral,9/19/21 0:00,Organic,1.506956811,137980.98
SouthCentral,9/26/21 0:00,Conventional,0.92828506,5617715.65
SouthCentral,9/26/21 0:00,Organic,1.515982585,137158.8
SouthCentral,10/3/21 0:00,Conventional,0.994753771,4486453.66
SouthCentral,10/3/21 0:00,Organic,1.523744079,126859.1
SouthCentral,10/10/21 0:00,Conventional,0.992609962,4685807.53
SouthCentral,10/10/21 0:00,Organic,1.628873785,134572.15
SouthCentral,10/17/21 0:00,Conventional,0.995640944,4524473.59
SouthCentral,10/17/21 0:00,Organic,1.528042188,122500.52
SouthCentral,10/24/21 0:00,Conventional,0.970115917,4624042.34
SouthCentral,10/24/21 0:00,Organic,1.546307223,127046.32
SouthCentral,10/31/21 0:00,Conventional,0.874641192,5087420.31
SouthCentral,10/31/21 0:00,Organic,1.568730883,139543.09
SouthCentral,11/7/21 0:00,Conventional,0.96354646,4397320.01
SouthCentral,11/7/21 0:00,Organic,1.555234292,141295.25
SouthCentral,11/14/21 0:00,Conventional,0.951335426,4539683.85
SouthCentral,11/14/21 0:00,Organic,1.516214731,137569.04
SouthCentral,11/21/21 0:00,Conventional,0.976214678,4138436.22
SouthCentral,11/21/21 0:00,Organic,1.537077335,121534.71
SouthCentral,11/28/21 0:00,Conventional,0.962109563,3767222.16
SouthCentral,11/28/21 0:00,Organic,1.561009663,106767.1
SouthCentral,1/3/22 0:00,Conventional,0.859506893,5306150.57
SouthCentral,1/3/22 0:00,Organic,1.441908141,141130.22
SouthCentral,1/9/22 0:00,Conventional,0.996252109,4795388.56
SouthCentral,1/9/22 0:00,Organic,1.432041651,156538.04
SouthCentral,1/16/22 0:00,Conventional,1.06718596,5092528.08
SouthCentral,1/16/22 0:00,Organic,1.456067818,155621.56
SouthCentral,1/23/22 0:00,Conventional,1.07483289,4886704.65
SouthCentral,1/23/22 0:00,Organic,1.456346957,179162.41
SouthCentral,1/30/22 0:00,Conventional,1.111615286,4950732.42
SouthCentral,1/30/22 0:00,Organic,1.455492796,158956.32
SouthCentral,2/6/22 0:00,Conventional,1.11758425,4924113.88
SouthCentral,2/6/22 0:00,Organic,1.477549441,160388.3
SouthCentral,2/13/22 0:00,Conventional,0.952527779,6198826.48
SouthCentral,2/13/22 0:00,Organic,1.52569901,147444.65
SouthCentral,2/20/22 0:00,Conventional,1.022521655,5446539.64
SouthCentral,2/20/22 0:00,Organic,1.595117806,146635.49
SouthCentral,2/27/22 0:00,Conventional,1.083684467,4813430.22
SouthCentral,2/27/22 0:00,Organic,1.506386014,151947.58
SouthCentral,3/6/22 0:00,Conventional,1.130951444,4742829.47
SouthCentral,3/6/22 0:00,Organic,1.534551617,141104.41
SouthCentral,3/13/22 0:00,Conventional,1.174975777,4719031.66
SouthCentral,3/13/22 0:00,Organic,1.549942184,141313.25
SouthCentral,3/20/22 0:00,Conventional,1.15540804,4818642.04
SouthCentral,3/20/22 0:00,Organic,1.549200948,148891.74
SouthCentral,3/27/22 0:00,Conventional,1.152080589,4915401.17
SouthCentral,3/27/22 0:00,Organic,1.558759048,161079.01
SouthCentral,4/3/22 0:00,Conventional,1.169446582,4984449.71
SouthCentral,4/3/22 0:00,Organic,1.555426483,168881.41
SouthCentral,4/10/22 0:00,Conventional,1.11875461,5326489.93
SouthCentral,4/10/22 0:00,Organic,1.607607307,170264.11
SouthCentral,4/17/22 0:00,Conventional,1.203002669,4845766.46
SouthCentral,4/17/22 0:00,Organic,1.61722983,185903.74
SouthCentral,4/24/22 0:00,Conventional,1.258087211,4366431
SouthCentral,4/24/22 0:00,Organic,1.66902508,139874.76
SouthCentral,5/1/22 0:00,Conventional,1.219013671,4856190
SouthCentral,5/1/22 0:00,Organic,1.932480726,112773.14
SouthCentral,5/8/22 0:00,Conventional,1.191777211,4900989
SouthCentral,5/8/22 0:00,Organic,1.842084183,121745.62
SouthCentral,5/15/22 0:00,Conventional,1.269882685,4150433
SouthCentral,5/15/22 0:00,Organic,1.921052583,153761.6
Southeast,1/7/19 0:00,Conventional,1.082463926,4507165.26
Southeast,1/7/19 0:00,Organic,1.531842996,171521.13
Southeast,1/13/19 0:00,Conventional,0.984844346,5282139.53
Southeast,1/13/19 0:00,Organic,1.436429418,195475.72
Southeast,1/20/19 0:00,Conventional,1.035889564,4661030.98
Southeast,1/20/19 0:00,Organic,1.590075587,160168.56
Southeast,1/27/19 0:00,Conventional,0.979619736,5454155.19
Southeast,1/27/19 0:00,Organic,1.539023295,167576.07
Southeast,2/3/19 0:00,Conventional,0.905889726,6505478.2
Southeast,2/3/19 0:00,Organic,1.32880818,173409.98
Southeast,2/10/19 0:00,Conventional,0.906973911,5307061.12
Southeast,2/10/19 0:00,Organic,1.295717735,174195.61
Southeast,2/17/19 0:00,Conventional,0.961481027,5044613.37
Southeast,2/17/19 0:00,Organic,1.436046728,144248.44
Southeast,2/24/19 0:00,Conventional,1.056055672,4444200.46
Southeast,2/24/19 0:00,Organic,1.43068346,154690.29
Southeast,3/3/19 0:00,Conventional,0.987777097,5269759.71
Southeast,3/3/19 0:00,Organic,1.50919455,164088.69
Southeast,3/10/19 0:00,Conventional,1.057211396,4593190.89
Southeast,3/10/19 0:00,Organic,1.49818077,174269.16
Southeast,3/17/19 0:00,Conventional,0.962638168,5423383.28
Southeast,3/17/19 0:00,Organic,1.50360329,151656.76
Southeast,3/24/19 0:00,Conventional,1.073573442,4515985.39
Southeast,3/24/19 0:00,Organic,1.345149061,194801.1
Southeast,3/31/19 0:00,Conventional,0.98124305,5264988.03
Southeast,3/31/19 0:00,Organic,1.58231128,144687.79
Southeast,4/7/19 0:00,Conventional,1.037781977,4850337.87
Southeast,4/7/19 0:00,Organic,1.588796055,146761.78
Southeast,4/14/19 0:00,Conventional,1.244170153,4462559.34
Southeast,4/14/19 0:00,Organic,1.536701002,151291.16
Southeast,4/21/19 0:00,Conventional,1.3709884,4026424.37
Southeast,4/21/19 0:00,Organic,1.603318592,143994.12
Southeast,4/28/19 0:00,Conventional,1.403996521,4000204.97
Southeast,4/28/19 0:00,Organic,1.751151165,144595.75
Southeast,5/5/19 0:00,Conventional,1.348573642,5193891.45
Southeast,5/5/19 0:00,Organic,1.767595254,114474.37
Southeast,5/12/19 0:00,Conventional,1.282998601,4292895.44
Southeast,5/12/19 0:00,Organic,1.665241586,141413.22
Southeast,5/19/19 0:00,Conventional,1.327157624,4080005.9
Southeast,5/19/19 0:00,Organic,1.684020125,140951.28
Southeast,5/26/19 0:00,Conventional,1.299051334,4299154.03
Southeast,5/26/19 0:00,Organic,1.671911917,144558.47
Southeast,6/2/19 0:00,Conventional,1.262993016,4337890.05
Southeast,6/2/19 0:00,Organic,1.461064579,114663.04
Southeast,6/9/19 0:00,Conventional,1.275045539,4326464.55
Southeast,6/9/19 0:00,Organic,1.377147736,113430.07
Southeast,6/16/19 0:00,Conventional,1.336220091,4003857.2
Southeast,6/16/19 0:00,Organic,1.512348896,96074.94
Southeast,6/23/19 0:00,Conventional,1.44868114,3832324.9
Southeast,6/23/19 0:00,Organic,1.712662651,85245.26
Southeast,6/30/19 0:00,Conventional,1.440055011,3878627.63
Southeast,6/30/19 0:00,Organic,2.111063497,71120.52
Southeast,7/7/19 0:00,Conventional,1.476988587,3858044.7
Southeast,7/7/19 0:00,Organic,1.971035814,93561.51
Southeast,7/14/19 0:00,Conventional,1.483376889,3600337.3
Southeast,7/14/19 0:00,Organic,1.993481189,84222.63
Southeast,7/21/19 0:00,Conventional,1.523081008,3424882.17
Southeast,7/21/19 0:00,Organic,1.950064021,113532.92
Southeast,7/28/19 0:00,Conventional,1.405033098,3542245.76
Southeast,7/28/19 0:00,Organic,1.890270481,134554.34
Southeast,8/4/19 0:00,Conventional,1.356636799,3713547.86
Southeast,8/4/19 0:00,Organic,1.947139609,137898.35
Southeast,8/11/19 0:00,Conventional,1.238985464,3622870.92
Southeast,8/11/19 0:00,Organic,1.919182764,142395.67
Southeast,8/18/19 0:00,Conventional,1.214219302,3671462.74
Southeast,8/18/19 0:00,Organic,1.82693906,151478.18
Southeast,8/25/19 0:00,Conventional,1.189395546,4214888.71
Southeast,8/25/19 0:00,Organic,1.806924098,130330.51
Southeast,9/1/19 0:00,Conventional,1.127206956,4068274.02
Southeast,9/1/19 0:00,Organic,1.723882424,136019.58
Southeast,9/8/19 0:00,Conventional,1.139916208,3583962.58
Southeast,9/8/19 0:00,Organic,1.703716401,134932.89
Southeast,9/15/19 0:00,Conventional,1.179325233,4215096.07
Southeast,9/15/19 0:00,Organic,1.636457937,156075.4
Southeast,9/22/19 0:00,Conventional,1.15878556,4098630.91
Southeast,9/22/19 0:00,Organic,1.587858063,157162.3
Southeast,9/29/19 0:00,Conventional,1.149085288,4191096.71
Southeast,9/29/19 0:00,Organic,1.615052079,143969.2
Southeast,10/6/19 0:00,Conventional,1.027071027,4613827.19
Southeast,10/6/19 0:00,Organic,1.545860785,144087.89
Southeast,10/13/19 0:00,Conventional,1.1133688,4123115.47
Southeast,10/13/19 0:00,Organic,1.513792801,147986.01
Southeast,10/20/19 0:00,Conventional,1.009843598,4334698.53
Southeast,10/20/19 0:00,Organic,1.461759609,173335.35
Southeast,10/27/19 0:00,Conventional,0.970560734,4381197.44
Southeast,10/27/19 0:00,Organic,1.422300449,146369.84
Southeast,11/3/19 0:00,Conventional,0.971938399,4239645.2
Southeast,11/3/19 0:00,Organic,1.4091064,150721.36
Southeast,11/10/19 0:00,Conventional,0.983656201,4268916.26
Southeast,11/10/19 0:00,Organic,1.538520654,130071.41
Southeast,11/17/19 0:00,Conventional,0.972583817,4056186.57
Southeast,11/17/19 0:00,Organic,1.603749614,109559.56
Southeast,11/24/19 0:00,Conventional,0.970585373,3754779.14
Southeast,11/24/19 0:00,Organic,1.533540225,117938.95
Southeast,12/1/19 0:00,Conventional,0.957179552,3548671.96
Southeast,12/1/19 0:00,Organic,1.508186736,111068.15
Southeast,12/8/19 0:00,Conventional,0.930500015,4082117.36
Southeast,12/8/19 0:00,Organic,1.503295997,122569.96
Southeast,12/15/19 0:00,Conventional,0.937866496,3896331.72
Southeast,12/15/19 0:00,Organic,1.489210418,116823.59
Southeast,12/22/19 0:00,Conventional,0.93738577,3810822.29
Southeast,12/22/19 0:00,Organic,1.50289276,113528.74
Southeast,12/29/19 0:00,Conventional,0.9009155,4476333.62
Southeast,12/29/19 0:00,Organic,1.442212229,123222.44
Southeast,1/6/20 0:00,Conventional,0.917904854,5303741.29
Southeast,1/6/20 0:00,Organic,1.38768294,149964.85
Southeast,1/12/20 0:00,Conventional,0.922719233,5332186.04
Southeast,1/12/20 0:00,Organic,1.267211459,183062.08
Southeast,1/19/20 0:00,Conventional,0.917250427,5480456.23
Southeast,1/19/20 0:00,Organic,1.301096056,157320.44
Southeast,1/26/20 0:00,Conventional,0.932704926,5554505.62
Southeast,1/26/20 0:00,Organic,1.352192628,159565.37
Southeast,2/2/20 0:00,Conventional,0.900638119,6469837.5
Southeast,2/2/20 0:00,Organic,1.34516422,165541.95
Southeast,2/9/20 0:00,Conventional,0.988425923,5102212.7
Southeast,2/9/20 0:00,Organic,1.370771891,156817.55
Southeast,2/16/20 0:00,Conventional,0.976632018,4773160.73
Southeast,2/16/20 0:00,Organic,1.362326252,165371.54
Southeast,2/23/20 0:00,Conventional,0.998672526,4753622.18
Southeast,2/23/20 0:00,Organic,1.392712217,175606.5
Southeast,3/1/20 0:00,Conventional,1.119161604,4681213.42
Southeast,3/1/20 0:00,Organic,1.414866322,189491.43
Southeast,3/8/20 0:00,Conventional,1.140159315,4698914.11
Southeast,3/8/20 0:00,Organic,1.413427373,194757.28
Southeast,3/15/20 0:00,Conventional,1.075718642,5660063.73
Southeast,3/15/20 0:00,Organic,1.471948996,224501.87
Southeast,3/22/20 0:00,Conventional,1.082776727,5768062.54
Southeast,3/22/20 0:00,Organic,1.502063017,209895.24
Southeast,3/29/20 0:00,Conventional,1.19833996,5236217
Southeast,3/29/20 0:00,Organic,1.629751405,187361.17
Southeast,4/5/20 0:00,Conventional,1.180790307,5710924.68
Southeast,4/5/20 0:00,Organic,1.664354872,201441.41
Southeast,4/12/20 0:00,Conventional,1.200337086,5004400.56
Southeast,4/12/20 0:00,Organic,1.774915067,172343.08
Southeast,4/19/20 0:00,Conventional,1.177667788,5481894.24
Southeast,4/19/20 0:00,Organic,1.647710271,185520.46
Southeast,4/26/20 0:00,Conventional,1.166121653,5612427.85
Southeast,4/26/20 0:00,Organic,1.640703883,201966.91
Southeast,5/3/20 0:00,Conventional,1.069066792,7070064.15
Southeast,5/3/20 0:00,Organic,1.565452169,208113.72
Southeast,5/10/20 0:00,Conventional,1.160793156,5822608.54
Southeast,5/10/20 0:00,Organic,1.548351959,224231.41
Southeast,5/17/20 0:00,Conventional,1.166219413,5773069.73
Southeast,5/17/20 0:00,Organic,1.575350616,232419.74
Southeast,5/24/20 0:00,Conventional,1.065700147,6477495.81
Southeast,5/24/20 0:00,Organic,1.551606374,220762.78
Southeast,5/31/20 0:00,Conventional,1.158998926,5688627.68
Southeast,5/31/20 0:00,Organic,1.632388852,213069.23
Southeast,6/7/20 0:00,Conventional,1.131873049,5660101.6
Southeast,6/7/20 0:00,Organic,1.625466213,216615.89
Southeast,6/14/20 0:00,Conventional,1.125003406,5658347.7
Southeast,6/14/20 0:00,Organic,1.783595948,187498.84
Southeast,6/21/20 0:00,Conventional,1.109295886,5635791.49
Southeast,6/21/20 0:00,Organic,1.78832006,177351.18
Southeast,6/28/20 0:00,Conventional,1.047979404,5853719.04
Southeast,6/28/20 0:00,Organic,1.782605999,169304.93
Southeast,7/5/20 0:00,Conventional,1.028779259,6216489.43
Southeast,7/5/20 0:00,Organic,1.733497488,172692.85
Southeast,7/12/20 0:00,Conventional,1.05555867,5368063.08
Southeast,7/12/20 0:00,Organic,1.708020033,178177.41
Southeast,7/19/20 0:00,Conventional,1.018972334,5586591.55
Southeast,7/19/20 0:00,Organic,1.493874302,213614.42
Southeast,7/26/20 0:00,Conventional,0.934247248,5625578.5
Southeast,7/26/20 0:00,Organic,1.672427798,187323.61
Southeast,8/2/20 0:00,Conventional,0.926495103,5516413
Southeast,8/2/20 0:00,Organic,1.665018528,179256.85
Southeast,8/9/20 0:00,Conventional,0.94646795,5397352.32
Southeast,8/9/20 0:00,Organic,1.632924413,188462.35
Southeast,8/16/20 0:00,Conventional,0.939338159,5159630.17
Southeast,8/16/20 0:00,Organic,1.656440041,198199.37
Southeast,8/23/20 0:00,Conventional,0.928954005,5323739.45
Southeast,8/23/20 0:00,Organic,1.52200244,195087.81
Southeast,8/30/20 0:00,Conventional,0.900512011,5373770.55
Southeast,8/30/20 0:00,Organic,1.50686127,176174.07
Southeast,9/6/20 0:00,Conventional,0.896889023,5871060.39
Southeast,9/6/20 0:00,Organic,1.563155247,161862.9
Southeast,9/13/20 0:00,Conventional,0.8947187,5601774.37
Southeast,9/13/20 0:00,Organic,1.548846354,153635.28
Southeast,9/20/20 0:00,Conventional,0.903635407,5076567.99
Southeast,9/20/20 0:00,Organic,1.507345852,163183.62
Southeast,9/27/20 0:00,Conventional,0.915081657,5120920.71
Southeast,9/27/20 0:00,Organic,1.446116651,175626.89
Southeast,10/4/20 0:00,Conventional,0.939655199,5122986
Southeast,10/4/20 0:00,Organic,1.453569339,176121.57
Southeast,10/11/20 0:00,Conventional,0.936879528,5018854.86
Southeast,10/11/20 0:00,Organic,1.42671983,184579.83
Southeast,10/18/20 0:00,Conventional,0.909396732,5148480.08
Southeast,10/18/20 0:00,Organic,1.326402913,191847.02
Southeast,10/25/20 0:00,Conventional,0.788181956,5582147.96
Southeast,10/25/20 0:00,Organic,1.283963903,181867.92
Southeast,11/1/20 0:00,Conventional,0.854756028,4955983.58
Southeast,11/1/20 0:00,Organic,1.269698037,188487.91
Southeast,11/8/20 0:00,Conventional,0.815629923,5322482.89
Southeast,11/8/20 0:00,Organic,1.225765403,200172.74
Southeast,11/15/20 0:00,Conventional,0.832221689,4927636.7
Southeast,11/15/20 0:00,Organic,1.262083702,192749.07
Southeast,11/22/20 0:00,Conventional,0.826494494,4691004.57
Southeast,11/22/20 0:00,Organic,1.298800456,191148.43
Southeast,11/29/20 0:00,Conventional,0.725966357,4596485.3
Southeast,11/29/20 0:00,Organic,1.288145642,160046.92
Southeast,12/6/20 0:00,Conventional,0.817869717,4708081.52
Southeast,12/6/20 0:00,Organic,1.263099452,194013.73
Southeast,12/13/20 0:00,Conventional,0.783716535,4737544.43
Southeast,12/13/20 0:00,Organic,1.160588192,187710.27
Southeast,12/20/20 0:00,Conventional,0.821692305,4633406.71
Southeast,12/20/20 0:00,Organic,1.142956344,197145.18
Southeast,12/27/20 0:00,Conventional,0.737388191,4658008.76
Southeast,12/27/20 0:00,Organic,1.163393566,178368.09
Southeast,1/4/21 0:00,Conventional,0.769493386,5670398.93
Southeast,1/4/21 0:00,Organic,1.118705466,224379.03
Southeast,1/10/21 0:00,Conventional,0.827905425,5770962.85
Southeast,1/10/21 0:00,Organic,1.149331936,247939.42
Southeast,1/17/21 0:00,Conventional,0.832986371,5866774.67
Southeast,1/17/21 0:00,Organic,1.174458514,249494.73
Southeast,1/24/21 0:00,Conventional,0.840057375,5996042.67
Southeast,1/24/21 0:00,Organic,1.175289943,237460.03
Southeast,1/31/21 0:00,Conventional,0.86456942,6420809.12
Southeast,1/31/21 0:00,Organic,1.196895914,228260.65
Southeast,2/7/21 0:00,Conventional,0.815569313,7322008.82
Southeast,2/7/21 0:00,Organic,1.125222378,255799.46
Southeast,2/14/21 0:00,Conventional,0.843990717,5978498.36
Southeast,2/14/21 0:00,Organic,1.213010679,226683.18
Southeast,2/21/21 0:00,Conventional,0.864715793,6130682.71
Southeast,2/21/21 0:00,Organic,1.220212489,230137.38
Southeast,2/28/21 0:00,Conventional,0.927266844,5774695.78
Southeast,2/28/21 0:00,Organic,1.252714067,227754.47
Southeast,3/7/21 0:00,Conventional,0.947283081,5854750.86
Southeast,3/7/21 0:00,Organic,1.257212331,236728.51
Southeast,3/14/21 0:00,Conventional,0.942451354,5801266.79
Southeast,3/14/21 0:00,Organic,1.243184491,280987.22
Southeast,3/21/21 0:00,Conventional,0.967681217,5892329.11
Southeast,3/21/21 0:00,Organic,1.301053272,244233.54
Southeast,3/28/21 0:00,Conventional,1.025856936,5808392.8
Southeast,3/28/21 0:00,Organic,1.369570828,242321.66
Southeast,4/4/21 0:00,Conventional,1.045198489,5571702.86
Southeast,4/4/21 0:00,Organic,1.434010742,227752.87
Southeast,4/11/21 0:00,Conventional,1.052504878,5651888.43
Southeast,4/11/21 0:00,Organic,1.42634317,254103.97
Southeast,4/18/21 0:00,Conventional,1.137559931,5672978.63
Southeast,4/18/21 0:00,Organic,1.417312134,250209.45
Southeast,4/25/21 0:00,Conventional,1.152153406,5625542.88
Southeast,4/25/21 0:00,Organic,1.409360225,277889.06
Southeast,5/2/21 0:00,Conventional,1.066594798,6516332.69
Southeast,5/2/21 0:00,Organic,1.356047861,280319.1
Southeast,5/9/21 0:00,Conventional,1.173278751,5349496.42
Southeast,5/9/21 0:00,Organic,1.396800682,267489.26
Southeast,5/16/21 0:00,Conventional,1.178267564,5254603.28
Southeast,5/16/21 0:00,Organic,1.44127982,246894.43
Southeast,5/23/21 0:00,Conventional,1.14607466,5460546.35
Southeast,5/23/21 0:00,Organic,1.284824375,329741.3
Southeast,5/30/21 0:00,Conventional,1.152070975,5540687.46
Southeast,5/30/21 0:00,Organic,1.396065827,285455.78
Southeast,6/6/21 0:00,Conventional,1.122507992,5521898.53
Southeast,6/6/21 0:00,Organic,1.416338599,255489.43
Southeast,6/13/21 0:00,Conventional,1.140557829,5337635.6
Southeast,6/13/21 0:00,Organic,1.426668534,260227.17
Southeast,6/20/21 0:00,Conventional,1.155216246,5182760.58
Southeast,6/20/21 0:00,Organic,1.329667418,279488.18
Southeast,6/27/21 0:00,Conventional,1.120012064,5144378.89
Southeast,6/27/21 0:00,Organic,1.438439136,228793.27
Southeast,7/4/21 0:00,Conventional,1.01534696,5529040.29
Southeast,7/4/21 0:00,Organic,1.494618325,248075.99
Southeast,7/11/21 0:00,Conventional,0.995660261,5270366.76
Southeast,7/11/21 0:00,Organic,1.470307697,174732.4
Southeast,7/18/21 0:00,Conventional,0.960862726,5492926.88
Southeast,7/18/21 0:00,Organic,1.461778846,206725.11
Southeast,7/25/21 0:00,Conventional,0.969110577,5304278.01
Southeast,7/25/21 0:00,Organic,1.514932587,202020.89
Southeast,8/1/21 0:00,Conventional,1.114126094,4729295.45
Southeast,8/1/21 0:00,Organic,1.539399004,190627.52
Southeast,8/8/21 0:00,Conventional,1.133136964,4761533.89
Southeast,8/8/21 0:00,Organic,1.491102913,202383.66
Southeast,8/15/21 0:00,Conventional,1.095134736,4969978.96
Southeast,8/15/21 0:00,Organic,1.518651699,243600.14
Southeast,8/22/21 0:00,Conventional,1.072708595,4934047.73
Southeast,8/22/21 0:00,Organic,1.595985578,240761.24
Southeast,8/29/21 0:00,Conventional,1.092183872,4885148.46
Southeast,8/29/21 0:00,Organic,1.436236353,269239.95
Southeast,9/5/21 0:00,Conventional,1.117562085,4887548.08
Southeast,9/5/21 0:00,Organic,1.436723066,287826.46
Southeast,9/12/21 0:00,Conventional,1.155280087,4579888.13
Southeast,9/12/21 0:00,Organic,1.347935596,277918.25
Southeast,9/19/21 0:00,Conventional,1.163012431,4611691.25
Southeast,9/19/21 0:00,Organic,1.740860663,209344.08
Southeast,9/26/21 0:00,Conventional,1.213829054,4304708.73
Southeast,9/26/21 0:00,Organic,1.380754803,243658.94
Southeast,10/3/21 0:00,Conventional,1.142047101,4777821.93
Southeast,10/3/21 0:00,Organic,1.144861376,406445.96
Southeast,10/10/21 0:00,Conventional,1.153282702,4887951.22
Southeast,10/10/21 0:00,Organic,1.026892289,395178.61
Southeast,10/17/21 0:00,Conventional,1.112609228,4432968.74
Southeast,10/17/21 0:00,Organic,1.12347027,384950.86
Southeast,10/24/21 0:00,Conventional,1.112569426,4411186.31
Southeast,10/24/21 0:00,Organic,1.103752743,455278.94
Southeast,10/31/21 0:00,Conventional,1.101016891,4365795.13
Southeast,10/31/21 0:00,Organic,1.043189972,536756.86
Southeast,11/7/21 0:00,Conventional,1.116140412,4182052.34
Southeast,11/7/21 0:00,Organic,1.038007833,417005.29
Southeast,11/14/21 0:00,Conventional,1.086163093,4243967.4
Southeast,11/14/21 0:00,Organic,1.01686509,415043.99
Southeast,11/21/21 0:00,Conventional,1.115644611,4039093.79
Southeast,11/21/21 0:00,Organic,1.0734595,434526.48
Southeast,11/28/21 0:00,Conventional,1.055189836,4041095.25
Southeast,11/28/21 0:00,Organic,1.048917177,369735.72
Southeast,1/3/22 0:00,Conventional,1.064581655,5028583.23
Southeast,1/3/22 0:00,Organic,1.099630888,507215.2
Southeast,1/9/22 0:00,Conventional,1.206295262,4872135.04
Southeast,1/9/22 0:00,Organic,1.065466257,571535.42
Southeast,1/16/22 0:00,Conventional,1.254142283,5039884.41
Southeast,1/16/22 0:00,Organic,1.109043051,540681.15
Southeast,1/23/22 0:00,Conventional,1.266365524,4652113.04
Southeast,1/23/22 0:00,Organic,1.099615818,530498.29
Southeast,1/30/22 0:00,Conventional,1.286320655,4735824.94
Southeast,1/30/22 0:00,Organic,1.113268308,522776.25
Southeast,2/6/22 0:00,Conventional,1.286641023,4943836.13
Southeast,2/6/22 0:00,Organic,1.145619454,503374.75
Southeast,2/13/22 0:00,Conventional,1.167466538,6117369.59
Southeast,2/13/22 0:00,Organic,1.111778748,554854.22
Southeast,2/20/22 0:00,Conventional,1.26515053,4818641.03
Southeast,2/20/22 0:00,Organic,1.202686783,535166
Southeast,2/27/22 0:00,Conventional,1.423975586,4334045.74
Southeast,2/27/22 0:00,Organic,1.213337131,612211.65
Southeast,3/6/22 0:00,Conventional,1.407883522,4418421.5
Southeast,3/6/22 0:00,Organic,1.284673698,504765.05
Southeast,3/13/22 0:00,Conventional,1.424417807,4535247.31
Southeast,3/13/22 0:00,Organic,1.269827242,577950.57
Southeast,3/20/22 0:00,Conventional,1.395327379,4550269.84
Southeast,3/20/22 0:00,Organic,1.253751076,580122.89
Southeast,3/27/22 0:00,Conventional,1.39131496,4509569.33
Southeast,3/27/22 0:00,Organic,1.270234754,619785.04
Southeast,4/3/22 0:00,Conventional,1.385820856,4633094.69
Southeast,4/3/22 0:00,Organic,1.257528693,650312.85
Southeast,4/10/22 0:00,Conventional,1.419013662,4606777.79
Southeast,4/10/22 0:00,Organic,1.283786643,622702.01
Southeast,4/17/22 0:00,Conventional,1.459607791,4507279.23
Southeast,4/17/22 0:00,Organic,1.30490056,587940.69
Southeast,4/24/22 0:00,Conventional,1.479925484,4281523
Southeast,4/24/22 0:00,Organic,1.321638516,587310.94
Southeast,5/1/22 0:00,Conventional,1.297409515,5841918
Southeast,5/1/22 0:00,Organic,1.273306522,434614.45
Southeast,5/8/22 0:00,Conventional,1.471889163,4477437
Southeast,5/8/22 0:00,Organic,1.295729203,561123.37
Southeast,5/15/22 0:00,Conventional,1.485182114,4102002
Southeast,5/15/22 0:00,Organic,1.334809001,562170.27
Total_US,1/7/19 0:00,Conventional,1.079318319,37463237.54
Total_US,1/7/19 0:00,Organic,1.588942453,1705747.26
Total_US,1/13/19 0:00,Conventional,1.013800442,40708189.7
Total_US,1/13/19 0:00,Organic,1.606368685,1645587.7
Total_US,1/20/19 0:00,Conventional,1.04723742,40084928.08
Total_US,1/20/19 0:00,Organic,1.61417855,1637104.2
Total_US,1/27/19 0:00,Conventional,1.08094423,37290316.42
Total_US,1/27/19 0:00,Organic,1.583289529,1702761.82
Total_US,2/3/19 0:00,Conventional,0.887685253,53214443.11
Total_US,2/3/19 0:00,Organic,1.479690756,1629668.28
Total_US,2/10/19 0:00,Conventional,0.956180583,39762370.64
Total_US,2/10/19 0:00,Organic,1.462037912,1703857.05
Total_US,2/17/19 0:00,Conventional,1.006465245,36034272.3
Total_US,2/17/19 0:00,Organic,1.543698324,1426052.47
Total_US,2/24/19 0:00,Conventional,1.036590227,37044893.49
Total_US,2/24/19 0:00,Organic,1.538218449,1556097.75
Total_US,3/3/19 0:00,Conventional,1.056757047,37424050.67
Total_US,3/3/19 0:00,Organic,1.545361445,1689263.97
Total_US,3/10/19 0:00,Conventional,1.040174065,38939856.68
Total_US,3/10/19 0:00,Organic,1.520856894,1632226.78
Total_US,3/17/19 0:00,Conventional,1.003171942,40548654.43
Total_US,3/17/19 0:00,Organic,1.514123482,1665919.45
Total_US,3/24/19 0:00,Conventional,1.039969126,39938663.33
Total_US,3/24/19 0:00,Organic,1.476269216,1660830.79
Total_US,3/31/19 0:00,Conventional,1.03847375,38511367.23
Total_US,3/31/19 0:00,Organic,1.563473967,1454341.93
Total_US,4/7/19 0:00,Conventional,1.025758808,41525228.61
Total_US,4/7/19 0:00,Organic,1.586033028,1533418.88
Total_US,4/14/19 0:00,Conventional,1.114826099,39209920.96
Total_US,4/14/19 0:00,Organic,1.504200527,1893964.5
Total_US,4/21/19 0:00,Conventional,1.350580067,33256304.49
Total_US,4/21/19 0:00,Organic,1.785519037,1525572.58
Total_US,4/28/19 0:00,Conventional,1.447876156,29918805.38
Total_US,4/28/19 0:00,Organic,1.987207133,1329797.13
Total_US,5/5/19 0:00,Conventional,1.287606868,41869981.31
Total_US,5/5/19 0:00,Organic,1.975916753,1326603.12
Total_US,5/12/19 0:00,Conventional,1.307193875,36693275.59
Total_US,5/12/19 0:00,Organic,1.883526083,1366103.63
Total_US,5/19/19 0:00,Conventional,1.355314139,32695663.05
Total_US,5/19/19 0:00,Organic,1.9334725,1256255.04
Total_US,5/26/19 0:00,Conventional,1.378447214,34320791.4
Total_US,5/26/19 0:00,Organic,1.927265032,1362999.47
Total_US,6/2/19 0:00,Conventional,1.298670927,36548861.81
Total_US,6/2/19 0:00,Organic,1.847639599,1320233.32
Total_US,6/9/19 0:00,Conventional,1.298420403,36132361.72
Total_US,6/9/19 0:00,Organic,1.831563293,1263034.08
Total_US,6/16/19 0:00,Conventional,1.410779482,32907971.44
Total_US,6/16/19 0:00,Organic,1.938506432,1261469.34
Total_US,6/23/19 0:00,Conventional,1.442777817,32067493.77
Total_US,6/23/19 0:00,Organic,2.031519478,1119532.92
Total_US,6/30/19 0:00,Conventional,1.472664114,31787682.07
Total_US,6/30/19 0:00,Organic,2.146467883,1071527.21
Total_US,7/7/19 0:00,Conventional,1.558058711,33175537.94
Total_US,7/7/19 0:00,Organic,2.18029058,1105506.47
Total_US,7/14/19 0:00,Conventional,1.569094094,29715045.3
Total_US,7/14/19 0:00,Organic,2.204077643,1021388.09
Total_US,7/21/19 0:00,Conventional,1.602680756,28270525.87
Total_US,7/21/19 0:00,Organic,2.184034525,1088186.83
Total_US,7/28/19 0:00,Conventional,1.554745037,28736509.69
Total_US,7/28/19 0:00,Organic,2.201829968,1110880.7
Total_US,8/4/19 0:00,Conventional,1.493193959,29691918.18
Total_US,8/4/19 0:00,Organic,2.188757403,1172921.8
Total_US,8/11/19 0:00,Conventional,1.427134315,30548519.6
Total_US,8/11/19 0:00,Organic,2.164268639,1199666.94
Total_US,8/18/19 0:00,Conventional,1.393334795,31232032.71
Total_US,8/18/19 0:00,Organic,2.063472177,1227088.58
Total_US,8/25/19 0:00,Conventional,1.320652421,32360291.37
Total_US,8/25/19 0:00,Organic,2.046655951,1194377.26
Total_US,9/1/19 0:00,Conventional,1.31602397,32938852.71
Total_US,9/1/19 0:00,Organic,2.006265949,1220800.76
Total_US,9/8/19 0:00,Conventional,1.302080104,32586568.23
Total_US,9/8/19 0:00,Organic,1.952560986,1287973.89
Total_US,9/15/19 0:00,Conventional,1.290216166,31945085.59
Total_US,9/15/19 0:00,Organic,1.861241259,1319599.09
Total_US,9/22/19 0:00,Conventional,1.270073141,31188664.01
Total_US,9/22/19 0:00,Organic,1.828009924,1315426.4
Total_US,9/29/19 0:00,Conventional,1.217009158,32763506.97
Total_US,9/29/19 0:00,Organic,1.796033394,1324506.88
Total_US,10/6/19 0:00,Conventional,1.197700091,32602080.42
Total_US,10/6/19 0:00,Organic,1.727523127,1333360.88
Total_US,10/13/19 0:00,Conventional,1.197297172,31833051.01
Total_US,10/13/19 0:00,Organic,1.682247722,1320993.01
Total_US,10/20/19 0:00,Conventional,1.135366628,31897936.98
Total_US,10/20/19 0:00,Organic,1.655325427,1271191.13
Total_US,10/27/19 0:00,Conventional,1.105623628,32366475.63
Total_US,10/27/19 0:00,Organic,1.575916703,1352277.2
Total_US,11/3/19 0:00,Conventional,1.101084804,31247363.76
Total_US,11/3/19 0:00,Organic,1.590708954,1328622.56
Total_US,11/10/19 0:00,Conventional,1.082291721,32391059.11
Total_US,11/10/19 0:00,Organic,1.714472949,1195164.78
Total_US,11/17/19 0:00,Conventional,1.066771289,32011022.05
Total_US,11/17/19 0:00,Organic,1.707296374,1189475.96
Total_US,11/24/19 0:00,Conventional,1.096755135,29234990.43
Total_US,11/24/19 0:00,Organic,1.736333966,1089552.53
Total_US,12/1/19 0:00,Conventional,1.092272298,26870751.47
Total_US,12/1/19 0:00,Organic,1.712228601,1070229.63
Total_US,12/8/19 0:00,Conventional,0.997884519,32892627.04
Total_US,12/8/19 0:00,Organic,1.583436792,1206173.19
Total_US,12/15/19 0:00,Conventional,1.068096683,29544992.48
Total_US,12/15/19 0:00,Organic,1.587129971,1194675.71
Total_US,12/22/19 0:00,Conventional,1.080225964,29208724.41
Total_US,12/22/19 0:00,Organic,1.634365768,1244018.95
Total_US,12/29/19 0:00,Conventional,0.976692127,32345290.69
Total_US,12/29/19 0:00,Organic,1.577547763,1189311.69
Total_US,1/6/20 0:00,Conventional,1.014990305,38160622.03
Total_US,1/6/20 0:00,Organic,1.526267827,1490002.04
Total_US,1/12/20 0:00,Conventional,1.016008442,38957760.83
Total_US,1/12/20 0:00,Organic,1.519207515,1643305.11
Total_US,1/19/20 0:00,Conventional,0.955847779,41683196.55
Total_US,1/19/20 0:00,Organic,1.474012054,1671443.11
Total_US,1/26/20 0:00,Conventional,1.068396444,36466588.38
Total_US,1/26/20 0:00,Organic,1.593952282,1473202.53
Total_US,2/2/20 0:00,Conventional,0.898932086,52226522.21
Total_US,2/2/20 0:00,Organic,1.514429679,1592549.53
Total_US,2/9/20 0:00,Conventional,1.001276752,40158082.47
Total_US,2/9/20 0:00,Organic,1.540190439,1527045.89
Total_US,2/16/20 0:00,Conventional,1.055429054,35814220.49
Total_US,2/16/20 0:00,Organic,1.593457584,1469703.01
Total_US,2/23/20 0:00,Conventional,1.066674145,37834659.29
Total_US,2/23/20 0:00,Organic,1.597277805,1516555.66
Total_US,3/1/20 0:00,Conventional,1.140513796,36056656.96
Total_US,3/1/20 0:00,Organic,1.70064493,1605457.18
Total_US,3/8/20 0:00,Conventional,1.175555853,36931225.59
Total_US,3/8/20 0:00,Organic,1.752238104,1471128.65
Total_US,3/15/20 0:00,Conventional,1.21653665,43166013.53
Total_US,3/15/20 0:00,Organic,1.809204153,1787811.39
Total_US,3/22/20 0:00,Conventional,1.221967281,42058913.01
Total_US,3/22/20 0:00,Organic,1.767986562,1609709.67
Total_US,3/29/20 0:00,Conventional,1.252223545,38686850
Total_US,3/29/20 0:00,Organic,1.845895368,1347733.2
Total_US,4/5/20 0:00,Conventional,1.21250521,42711322.87
Total_US,4/5/20 0:00,Organic,1.852502367,1601745.24
Total_US,4/12/20 0:00,Conventional,1.25432604,40598384.04
Total_US,4/12/20 0:00,Organic,1.862033968,1623963.33
Total_US,4/19/20 0:00,Conventional,1.208312062,41866995.3
Total_US,4/19/20 0:00,Organic,1.837424874,1638116.84
Total_US,4/26/20 0:00,Conventional,1.217875742,43673392.9
Total_US,4/26/20 0:00,Organic,1.815769177,1603403.18
Total_US,5/3/20 0:00,Conventional,1.104128125,51390078.51
Total_US,5/3/20 0:00,Organic,1.767086056,1738376.69
Total_US,5/10/20 0:00,Conventional,1.154539001,49396996.47
Total_US,5/10/20 0:00,Organic,1.80344889,1828063.26
Total_US,5/17/20 0:00,Conventional,1.211092528,44091312.02
Total_US,5/17/20 0:00,Organic,1.849102747,1725054.51
Total_US,5/24/20 0:00,Conventional,1.162038234,48108457.3
Total_US,5/24/20 0:00,Organic,1.865378359,1722445.3
Total_US,5/31/20 0:00,Conventional,1.125685931,48444018.68
Total_US,5/31/20 0:00,Organic,1.850402043,1644057.46
Total_US,6/7/20 0:00,Conventional,1.135257408,46335246.09
Total_US,6/7/20 0:00,Organic,1.853130772,1682178.88
Total_US,6/14/20 0:00,Conventional,1.112875462,46913679.46
Total_US,6/14/20 0:00,Organic,1.848803772,1631798.39
Total_US,6/21/20 0:00,Conventional,1.139543521,44517267.14
Total_US,6/21/20 0:00,Organic,1.815613534,1650688.57
Total_US,6/28/20 0:00,Conventional,1.103993152,44111933.42
Total_US,6/28/20 0:00,Organic,1.8031829,1577300.41
Total_US,7/5/20 0:00,Conventional,1.111708689,47373644.96
Total_US,7/5/20 0:00,Organic,1.833002715,1687085.46
Total_US,7/12/20 0:00,Conventional,1.082890518,43568299.07
Total_US,7/12/20 0:00,Organic,1.839757112,1569045.23
Total_US,7/19/20 0:00,Conventional,1.053010457,44793416.15
Total_US,7/19/20 0:00,Organic,1.774741473,1656779.11
Total_US,7/26/20 0:00,Conventional,1.042027223,44271091.79
Total_US,7/26/20 0:00,Organic,1.65911896,1781783.39
Total_US,8/2/20 0:00,Conventional,1.044853449,42728397.34
Total_US,8/2/20 0:00,Organic,1.739353355,1610729.25
Total_US,8/9/20 0:00,Conventional,1.049804263,42831584.16
Total_US,8/9/20 0:00,Organic,1.764148048,1526986.36
Total_US,8/16/20 0:00,Conventional,1.020738797,43397085.11
Total_US,8/16/20 0:00,Organic,1.802318247,1555025.24
Total_US,8/23/20 0:00,Conventional,1.009062356,43229199.34
Total_US,8/23/20 0:00,Organic,1.751558599,1505561.81
Total_US,8/30/20 0:00,Conventional,0.995386719,42850751.78
Total_US,8/30/20 0:00,Organic,1.759687538,1445892.71
Total_US,9/6/20 0:00,Conventional,1.016268276,43317232.6
Total_US,9/6/20 0:00,Organic,1.743133666,1491577.81
Total_US,9/13/20 0:00,Conventional,0.990455967,41894344.62
Total_US,9/13/20 0:00,Organic,1.69878086,1535447.8
Total_US,9/20/20 0:00,Conventional,0.990715814,40628066.48
Total_US,9/20/20 0:00,Organic,1.694403523,1488968.19
Total_US,9/27/20 0:00,Conventional,1.011071641,39711332.12
Total_US,9/27/20 0:00,Organic,1.706585843,1412872.47
Total_US,10/4/20 0:00,Conventional,1.022227178,39106620.91
Total_US,10/4/20 0:00,Organic,1.694787414,1437380.88
Total_US,10/11/20 0:00,Conventional,1.008866272,39342513.38
Total_US,10/11/20 0:00,Organic,1.653450588,1429817.58
Total_US,10/18/20 0:00,Conventional,0.98975128,38665665.38
Total_US,10/18/20 0:00,Organic,1.608258356,1433085.61
Total_US,10/25/20 0:00,Conventional,0.959128671,38917363.39
Total_US,10/25/20 0:00,Organic,1.594883983,1479733.36
Total_US,11/1/20 0:00,Conventional,0.96845605,38631422.95
Total_US,11/1/20 0:00,Organic,1.500957971,1759392.93
Total_US,11/8/20 0:00,Conventional,0.953170446,38718163.44
Total_US,11/8/20 0:00,Organic,1.496074975,1593972.83
Total_US,11/15/20 0:00,Conventional,0.972768561,38491168.17
Total_US,11/15/20 0:00,Organic,1.59247776,1427362.73
Total_US,11/22/20 0:00,Conventional,0.937627967,36905050.49
Total_US,11/22/20 0:00,Organic,1.58077752,1428605.82
Total_US,11/29/20 0:00,Conventional,0.936191465,31648854.31
Total_US,11/29/20 0:00,Organic,1.606888117,1247900.31
Total_US,12/6/20 0:00,Conventional,0.917332616,37724041.49
Total_US,12/6/20 0:00,Organic,1.554792828,1644822.77
Total_US,12/13/20 0:00,Conventional,0.907455245,38130684.48
Total_US,12/13/20 0:00,Organic,1.529047218,1557067.45
Total_US,12/20/20 0:00,Conventional,0.951744288,36002297.69
Total_US,12/20/20 0:00,Organic,1.555740157,1471870.08
Total_US,12/27/20 0:00,Conventional,0.92062662,34569180.24
Total_US,12/27/20 0:00,Organic,1.507964172,1418951.82
Total_US,1/4/21 0:00,Conventional,0.848532623,45388800.75
Total_US,1/4/21 0:00,Organic,1.424763796,1768766.39
Total_US,1/10/21 0:00,Conventional,0.931911803,44305917.75
Total_US,1/10/21 0:00,Organic,1.446895649,2046958.06
Total_US,1/17/21 0:00,Conventional,0.948219379,44864648.1
Total_US,1/17/21 0:00,Organic,1.510066697,1950864.73
Total_US,1/24/21 0:00,Conventional,0.929980505,45306162.24
Total_US,1/24/21 0:00,Organic,1.457386355,1989330.1
Total_US,1/31/21 0:00,Conventional,0.950419087,44882170.05
Total_US,1/31/21 0:00,Organic,1.460299133,1971622.88
Total_US,2/7/21 0:00,Conventional,0.852306828,54548117.44
Total_US,2/7/21 0:00,Organic,1.392839501,2137123.16
Total_US,2/14/21 0:00,Conventional,0.924019483,44314825
Total_US,2/14/21 0:00,Organic,1.439307798,1984320.81
Total_US,2/21/21 0:00,Conventional,0.974404779,40428829.49
Total_US,2/21/21 0:00,Organic,1.43531202,1961753.36
Total_US,2/28/21 0:00,Conventional,0.933439476,43965741.2
Total_US,2/28/21 0:00,Organic,1.425999969,2133794.27
Total_US,3/7/21 0:00,Conventional,0.981898449,43810860.77
Total_US,3/7/21 0:00,Organic,1.425103846,2127472.41
Total_US,3/14/21 0:00,Conventional,0.995422041,43371632.33
Total_US,3/14/21 0:00,Organic,1.495969962,1944637
Total_US,3/21/21 0:00,Conventional,1.013239868,42464398.14
Total_US,3/21/21 0:00,Organic,1.514798015,1928440.82
Total_US,3/28/21 0:00,Conventional,1.090888409,41891982.02
Total_US,3/28/21 0:00,Organic,1.538269352,1869748.38
Total_US,4/4/21 0:00,Conventional,1.1681574,40668007.5
Total_US,4/4/21 0:00,Organic,1.619363142,1932333.49
Total_US,4/11/21 0:00,Conventional,1.163461448,39321744.05
Total_US,4/11/21 0:00,Organic,1.644323761,1906031.37
Total_US,4/18/21 0:00,Conventional,1.185743265,40603117.35
Total_US,4/18/21 0:00,Organic,1.642447519,1995484.55
Total_US,4/25/21 0:00,Conventional,1.174884404,40414944.37
Total_US,4/25/21 0:00,Organic,1.679376075,2010721.26
Total_US,5/2/21 0:00,Conventional,1.080920189,45273336.75
Total_US,5/2/21 0:00,Organic,1.57204522,2287155.17
Total_US,5/9/21 0:00,Conventional,1.13496175,42889029.8
Total_US,5/9/21 0:00,Organic,1.600883287,2226780.87
Total_US,5/16/21 0:00,Conventional,1.145527615,39775474.05
Total_US,5/16/21 0:00,Organic,1.656050674,1908656.65
Total_US,5/23/21 0:00,Conventional,1.134825532,40628677.15
Total_US,5/23/21 0:00,Organic,1.592191826,1997183.22
Total_US,5/30/21 0:00,Conventional,1.18630532,40441973.33
Total_US,5/30/21 0:00,Organic,1.661979601,1879040.61
Total_US,6/6/21 0:00,Conventional,1.145413921,40977184.82
Total_US,6/6/21 0:00,Organic,1.692039575,1859184.75
Total_US,6/13/21 0:00,Conventional,1.139443602,40769234.14
Total_US,6/13/21 0:00,Organic,1.670301158,1888911.07
Total_US,6/20/21 0:00,Conventional,1.157507908,41288226.57
Total_US,6/20/21 0:00,Organic,1.606033671,1651339.05
Total_US,6/27/21 0:00,Conventional,1.140000911,39689032.76
Total_US,6/27/21 0:00,Organic,1.667801825,1480525.39
Total_US,7/4/21 0:00,Conventional,1.134552845,42426920.04
Total_US,7/4/21 0:00,Organic,1.685224046,1526479.73
Total_US,7/11/21 0:00,Conventional,1.069345091,41010402.1
Total_US,7/11/21 0:00,Organic,1.703521047,1315839.23
Total_US,7/18/21 0:00,Conventional,1.043216264,41829027.26
Total_US,7/18/21 0:00,Organic,1.738857319,1623763.3
Total_US,7/25/21 0:00,Conventional,1.070782307,39734404.42
Total_US,7/25/21 0:00,Organic,1.710694321,1678298.83
Total_US,8/1/21 0:00,Conventional,1.114488529,37503352.81
Total_US,8/1/21 0:00,Organic,1.777768912,1566616.86
Total_US,8/8/21 0:00,Conventional,1.099921593,38217406.74
Total_US,8/8/21 0:00,Organic,1.776774927,1602296.92
Total_US,8/15/21 0:00,Conventional,1.097656921,38588952.63
Total_US,8/15/21 0:00,Organic,1.750234076,1620030.91
Total_US,8/22/21 0:00,Conventional,1.095702216,37586173.84
Total_US,8/22/21 0:00,Organic,1.737436463,1670037.7
Total_US,8/29/21 0:00,Conventional,1.0868604,38246240.9
Total_US,8/29/21 0:00,Organic,1.725045252,1731461.02
Total_US,9/5/21 0:00,Conventional,1.083413302,38829762.19
Total_US,9/5/21 0:00,Organic,1.712430298,1793420.97
Total_US,9/12/21 0:00,Conventional,1.154406188,35701549.43
Total_US,9/12/21 0:00,Organic,1.718751713,1759415.5
Total_US,9/19/21 0:00,Conventional,1.165622608,35082018.52
Total_US,9/19/21 0:00,Organic,1.773615866,1672017.05
Total_US,9/26/21 0:00,Conventional,1.172117173,35054742.52
Total_US,9/26/21 0:00,Organic,1.698747443,1632397.45
Total_US,10/3/21 0:00,Conventional,1.182569342,34607548.2
Total_US,10/3/21 0:00,Organic,1.655151425,1701955.25
Total_US,10/10/21 0:00,Conventional,1.205846624,34796407.49
Total_US,10/10/21 0:00,Organic,1.630560031,1729643.97
Total_US,10/17/21 0:00,Conventional,1.181452083,34280127.3
Total_US,10/17/21 0:00,Organic,1.662926325,1704981.46
Total_US,10/24/21 0:00,Conventional,1.159784692,34137969.68
Total_US,10/24/21 0:00,Organic,1.627742106,1770265.59
Total_US,10/31/21 0:00,Conventional,1.13843159,34337672.01
Total_US,10/31/21 0:00,Organic,1.570800003,1928661.59
Total_US,11/7/21 0:00,Conventional,1.131408808,34392628.7
Total_US,11/7/21 0:00,Organic,1.625219448,1804641.37
Total_US,11/14/21 0:00,Conventional,1.15799975,33958713.39
Total_US,11/14/21 0:00,Organic,1.589173323,1801489.18
Total_US,11/21/21 0:00,Conventional,1.194843618,31435987.47
Total_US,11/21/21 0:00,Organic,1.605972827,1731782.52
Total_US,11/28/21 0:00,Conventional,1.195423763,28327220.13
Total_US,11/28/21 0:00,Organic,1.624899649,1540492.33
Total_US,1/3/22 0:00,Conventional,1.064395452,39973058.96
Total_US,1/3/22 0:00,Organic,1.571302246,1987395.13
Total_US,1/9/22 0:00,Conventional,1.176644652,38256766.59
Total_US,1/9/22 0:00,Organic,1.528190877,2233080.32
Total_US,1/16/22 0:00,Conventional,1.257778635,38894988.83
Total_US,1/16/22 0:00,Organic,1.566260346,2205369.47
Total_US,1/23/22 0:00,Conventional,1.277267829,36908851.02
Total_US,1/23/22 0:00,Organic,1.554277835,2176556.99
Total_US,1/30/22 0:00,Conventional,1.255706454,39697673.04
Total_US,1/30/22 0:00,Organic,1.569661128,2193923.83
Total_US,2/6/22 0:00,Conventional,1.291612779,37847388.64
Total_US,2/6/22 0:00,Organic,1.625537195,2046824.98
Total_US,2/13/22 0:00,Conventional,1.204103185,49231043.1
Total_US,2/13/22 0:00,Organic,1.609026768,1994898.3
Total_US,2/20/22 0:00,Conventional,1.267861161,39203751.21
Total_US,2/20/22 0:00,Organic,1.651833399,1904817.63
Total_US,2/27/22 0:00,Conventional,1.346962455,36864811.15
Total_US,2/27/22 0:00,Organic,1.623449209,2022966.5
Total_US,3/6/22 0:00,Conventional,1.385604875,34802944.39
Total_US,3/6/22 0:00,Organic,1.680935566,1867890.87
Total_US,3/13/22 0:00,Conventional,1.389018878,35957806.78
Total_US,3/13/22 0:00,Organic,1.713889435,2031615.67
Total_US,3/20/22 0:00,Conventional,1.38087506,35166341.83
Total_US,3/20/22 0:00,Organic,1.706365205,1999143.1
Total_US,3/27/22 0:00,Conventional,1.417582811,36833712.88
Total_US,3/27/22 0:00,Organic,1.712727224,2062180.86
Total_US,4/3/22 0:00,Conventional,1.389597908,36631605.62
Total_US,4/3/22 0:00,Organic,1.70100414,2180929.28
Total_US,4/10/22 0:00,Conventional,1.368138625,37594886.53
Total_US,4/10/22 0:00,Organic,1.734692454,2135495.11
Total_US,4/17/22 0:00,Conventional,1.45606756,35333544.64
Total_US,4/17/22 0:00,Organic,1.774313713,2073388.73
Total_US,4/24/22 0:00,Conventional,1.471539008,33297205
Total_US,4/24/22 0:00,Organic,1.779385322,1882711.66
Total_US,5/1/22 0:00,Conventional,1.380104818,41009154
Total_US,5/1/22 0:00,Organic,1.831782641,1756052.19
Total_US,5/8/22 0:00,Conventional,1.438612311,38280200
Total_US,5/8/22 0:00,Organic,1.789810948,2005932.78
Total_US,5/15/22 0:00,Conventional,1.527356718,32745321
Total_US,5/15/22 0:00,Organic,1.828767775,1964298.31
West,1/7/19 0:00,Conventional,1.061509978,6474965.88
West,1/7/19 0:00,Organic,1.587682265,312708.94
West,1/13/19 0:00,Conventional,0.990331332,7138921.73
West,1/13/19 0:00,Organic,1.720827026,250107.07
West,1/20/19 0:00,Conventional,1.01140236,6637564.53
West,1/20/19 0:00,Organic,1.551200973,337358.13
West,1/27/19 0:00,Conventional,1.062718876,6674843.03
West,1/27/19 0:00,Organic,1.567408716,306621.48
West,2/3/19 0:00,Conventional,0.891480618,8944002.92
West,2/3/19 0:00,Organic,1.44731819,327786.73
West,2/10/19 0:00,Conventional,0.948601017,7060304.26
West,2/10/19 0:00,Organic,1.48187772,313902.37
West,2/17/19 0:00,Conventional,0.967546339,6254020.72
West,2/17/19 0:00,Organic,1.611736415,224771.84
West,2/24/19 0:00,Conventional,1.026230242,6365862.29
West,2/24/19 0:00,Organic,1.543689273,284364.13
West,3/3/19 0:00,Conventional,1.003937632,6651406.03
West,3/3/19 0:00,Organic,1.478075338,300780.02
West,3/10/19 0:00,Conventional,1.010617709,6738891.18
West,3/10/19 0:00,Organic,1.5003756,305476.59
West,3/17/19 0:00,Conventional,1.018564571,6768445.12
West,3/17/19 0:00,Organic,1.52421695,335529.23
West,3/24/19 0:00,Conventional,0.975266155,7136203.72
West,3/24/19 0:00,Organic,1.370204102,348426.41
West,3/31/19 0:00,Conventional,0.990830178,6745122.37
West,3/31/19 0:00,Organic,1.446084675,300340.91
West,4/7/19 0:00,Conventional,0.970668252,7504628.96
West,4/7/19 0:00,Organic,1.56796155,292376.56
West,4/14/19 0:00,Conventional,1.065845605,6730738.56
West,4/14/19 0:00,Organic,1.44767337,426853.52
West,4/21/19 0:00,Conventional,1.258074499,5841026.69
West,4/21/19 0:00,Organic,1.713721554,334885.87
West,4/28/19 0:00,Conventional,1.417190282,5016226.47
West,4/28/19 0:00,Organic,2.133150697,234259.3
West,5/5/19 0:00,Conventional,1.211184534,7741174.55
West,5/5/19 0:00,Organic,1.964624568,300153.51
West,5/12/19 0:00,Conventional,1.293079333,6349932.04
West,5/12/19 0:00,Organic,1.924669293,272203.55
West,5/19/19 0:00,Conventional,1.353209385,5246678.04
West,5/19/19 0:00,Organic,2.015717073,202093.82
West,5/26/19 0:00,Conventional,1.303853526,6093160.5
West,5/26/19 0:00,Organic,1.954493369,256783.79
West,6/2/19 0:00,Conventional,1.172042452,6815700.82
West,6/2/19 0:00,Organic,1.757026616,296020.38
West,6/9/19 0:00,Conventional,1.200925272,6374105.13
West,6/9/19 0:00,Organic,1.815196472,286074.76
West,6/16/19 0:00,Conventional,1.376105851,5639666.44
West,6/16/19 0:00,Organic,2.019137416,274917.47
West,6/23/19 0:00,Conventional,1.417181194,5463573.49
West,6/23/19 0:00,Organic,2.123431545,225666.34
West,6/30/19 0:00,Conventional,1.47524742,5214267.86
West,6/30/19 0:00,Organic,2.287144579,225896.84
West,7/7/19 0:00,Conventional,1.568881783,5575663.89
West,7/7/19 0:00,Organic,2.273298407,226236.44
West,7/14/19 0:00,Conventional,1.639644758,4809148.85
West,7/14/19 0:00,Organic,2.333383351,202888.01
West,7/21/19 0:00,Conventional,1.648013111,4676738.26
West,7/21/19 0:00,Organic,2.216230872,230527.78
West,7/28/19 0:00,Conventional,1.56590719,4802708.44
West,7/28/19 0:00,Organic,2.248398023,231610.26
West,8/4/19 0:00,Conventional,1.46744793,5160543.21
West,8/4/19 0:00,Organic,2.182993731,244484.9
West,8/11/19 0:00,Conventional,1.391171616,5475212.02
West,8/11/19 0:00,Organic,2.148449751,251084.87
West,8/18/19 0:00,Conventional,1.365766885,5568753.88
West,8/18/19 0:00,Organic,2.091702195,241712.65
West,8/25/19 0:00,Conventional,1.403174693,5112951.33
West,8/25/19 0:00,Organic,2.080670209,219611.42
West,9/1/19 0:00,Conventional,1.345603196,5429949.13
West,9/1/19 0:00,Organic,2.083113494,228638.18
West,9/8/19 0:00,Conventional,1.393411936,5211310.67
West,9/8/19 0:00,Organic,2.026809321,260773.14
West,9/15/19 0:00,Conventional,1.270155264,5537071.14
West,9/15/19 0:00,Organic,1.961177283,245608.94
West,9/22/19 0:00,Conventional,1.270679166,5192097.24
West,9/22/19 0:00,Organic,1.907295146,228581.39
West,9/29/19 0:00,Conventional,1.183475971,5771345.54
West,9/29/19 0:00,Organic,1.905384222,224724.82
West,10/6/19 0:00,Conventional,1.177561272,5542980.55
West,10/6/19 0:00,Organic,1.766737593,239220.47
West,10/13/19 0:00,Conventional,1.189348476,5166865.65
West,10/13/19 0:00,Organic,1.749389148,255773.33
West,10/20/19 0:00,Conventional,1.1560042,5459723.76
West,10/20/19 0:00,Organic,1.720773451,234649.77
West,10/27/19 0:00,Conventional,1.089201026,5638710.58
West,10/27/19 0:00,Organic,1.706728792,247993.72
West,11/3/19 0:00,Conventional,1.089857961,5439417.2
West,11/3/19 0:00,Organic,1.750179589,254594.07
West,11/10/19 0:00,Conventional,1.086162073,5706914.97
West,11/10/19 0:00,Organic,1.858399132,228047.71
West,11/17/19 0:00,Conventional,1.056469635,5875582.17
West,11/17/19 0:00,Organic,1.853526717,195936.49
West,11/24/19 0:00,Conventional,1.032471627,5490106.85
West,11/24/19 0:00,Organic,1.744045139,230940.91
West,12/1/19 0:00,Conventional,1.081314785,4489013
West,12/1/19 0:00,Organic,1.692745777,226702.79
West,12/8/19 0:00,Conventional,0.956465335,6103944.63
West,12/8/19 0:00,Organic,1.684170471,217158.42
West,12/15/19 0:00,Conventional,1.014709019,5514778.32
West,12/15/19 0:00,Organic,1.687624423,208995.48
West,12/22/19 0:00,Conventional,1.077999635,5269466.69
West,12/22/19 0:00,Organic,1.806317555,215769.34
West,12/29/19 0:00,Conventional,0.958461134,5770248.82
West,12/29/19 0:00,Organic,1.595791929,247033
West,1/6/20 0:00,Conventional,0.972386505,6786716.3
West,1/6/20 0:00,Organic,1.510693522,315901.83
West,1/12/20 0:00,Conventional,0.990179903,6981903.72
West,1/12/20 0:00,Organic,1.337019275,434286.4
West,1/19/20 0:00,Conventional,0.880892929,7530811.34
West,1/19/20 0:00,Organic,1.257403321,495639.6
West,1/26/20 0:00,Conventional,1.075660618,6034081.46
West,1/26/20 0:00,Organic,1.493296212,337031.81
West,2/2/20 0:00,Conventional,0.927086895,8389126.49
West,2/2/20 0:00,Organic,1.436051544,368073.81
West,2/9/20 0:00,Conventional,0.975746932,6994611.34
West,2/9/20 0:00,Organic,1.469589057,336244.28
West,2/16/20 0:00,Conventional,1.025906183,6655566.07
West,2/16/20 0:00,Organic,1.579492787,306774.73
West,2/23/20 0:00,Conventional,0.99851413,7034618.4
West,2/23/20 0:00,Organic,1.583847089,344721.48
West,3/1/20 0:00,Conventional,1.091929467,6524822.64
West,3/1/20 0:00,Organic,1.779680471,275748.93
West,3/8/20 0:00,Conventional,1.167515434,6481468.79
West,3/8/20 0:00,Organic,1.798023291,255535.76
West,3/15/20 0:00,Conventional,1.17554922,7642615.04
West,3/15/20 0:00,Organic,1.839608768,326921.33
West,3/22/20 0:00,Conventional,1.157940733,7468508.7
West,3/22/20 0:00,Organic,1.842424232,268562.44
West,3/29/20 0:00,Conventional,1.253190744,6410685.45
West,3/29/20 0:00,Organic,1.90106281,224470.11
West,4/5/20 0:00,Conventional,1.185280617,7191703.75
West,4/5/20 0:00,Organic,1.949144971,251498.44
West,4/12/20 0:00,Conventional,1.241013725,7165561.94
West,4/12/20 0:00,Organic,2.031507628,242665.37
West,4/19/20 0:00,Conventional,1.165496306,7345773.21
West,4/19/20 0:00,Organic,1.891606135,266363.26
West,4/26/20 0:00,Conventional,1.119726229,7898974.21
West,4/26/20 0:00,Organic,1.891750301,257836.93
West,5/3/20 0:00,Conventional,1.072651564,8927540.57
West,5/3/20 0:00,Organic,1.790679489,323694.2
West,5/10/20 0:00,Conventional,1.068356975,8967894.53
West,5/10/20 0:00,Organic,1.794887719,347816.77
West,5/17/20 0:00,Conventional,1.139735342,7496739.66
West,5/17/20 0:00,Organic,1.950835132,276051.91
West,5/24/20 0:00,Conventional,1.081055721,8490281.99
West,5/24/20 0:00,Organic,1.956028717,274140.25
West,5/31/20 0:00,Conventional,1.051615707,8252617.88
West,5/31/20 0:00,Organic,1.94486516,271723.87
West,6/7/20 0:00,Conventional,1.110598058,7698352.97
West,6/7/20 0:00,Organic,1.887878191,282402.98
West,6/14/20 0:00,Conventional,1.032384896,8160355.22
West,6/14/20 0:00,Organic,1.804322403,290244.93
West,6/21/20 0:00,Conventional,1.027120803,8166502.31
West,6/21/20 0:00,Organic,1.775708276,295121.22
West,6/28/20 0:00,Conventional,1.104070654,7284089.37
West,6/28/20 0:00,Organic,1.830019999,282187.88
West,7/5/20 0:00,Conventional,1.114640339,7963087.26
West,7/5/20 0:00,Organic,1.823549044,317956.66
West,7/12/20 0:00,Conventional,1.042998966,7823591.13
West,7/12/20 0:00,Organic,1.82814151,291331.32
West,7/19/20 0:00,Conventional,1.017136985,7855103.62
West,7/19/20 0:00,Organic,1.822309852,302485.98
West,7/26/20 0:00,Conventional,1.013732022,7609314.6
West,7/26/20 0:00,Organic,1.543920567,423657.8
West,8/2/20 0:00,Conventional,1.021710347,7504729.63
West,8/2/20 0:00,Organic,1.599615108,360079.58
West,8/9/20 0:00,Conventional,1.048356267,7656896.62
West,8/9/20 0:00,Organic,1.771280095,272831.1
West,8/16/20 0:00,Conventional,1.046849855,7399290.33
West,8/16/20 0:00,Organic,1.848876,270370.19
West,8/23/20 0:00,Conventional,1.084796069,7031569.19
West,8/23/20 0:00,Organic,1.822982367,271138.28
West,8/30/20 0:00,Conventional,0.996137739,7653669.28
West,8/30/20 0:00,Organic,1.803314888,259197.85
West,9/6/20 0:00,Conventional,0.996264836,7810500.05
West,9/6/20 0:00,Organic,1.832522927,267496.17
West,9/13/20 0:00,Conventional,1.012355878,7032834.12
West,9/13/20 0:00,Organic,1.688583836,319605.9
West,9/20/20 0:00,Conventional,0.974594327,7425881.09
West,9/20/20 0:00,Organic,1.680654397,297862.67
West,9/27/20 0:00,Conventional,1.020335177,7099508.21
West,9/27/20 0:00,Organic,1.725456068,260786.52
West,10/4/20 0:00,Conventional,0.996236766,7181975.25
West,10/4/20 0:00,Organic,1.769039504,255201.3
West,10/11/20 0:00,Conventional,1.030813486,6899770.73
West,10/11/20 0:00,Organic,1.72413813,258090.37
West,10/18/20 0:00,Conventional,0.920080741,7310758.14
West,10/18/20 0:00,Organic,1.609906504,255922.58
West,10/25/20 0:00,Conventional,0.922152424,6941956.23
West,10/25/20 0:00,Organic,1.554935843,289289.99
West,11/1/20 0:00,Conventional,0.93703981,6891298.39
West,11/1/20 0:00,Organic,1.554918089,323860.7
West,11/8/20 0:00,Conventional,0.922671698,7145820.81
West,11/8/20 0:00,Organic,1.586077786,274865.79
West,11/15/20 0:00,Conventional,0.951884757,6980233.85
West,11/15/20 0:00,Organic,1.601259315,251270.68
West,11/22/20 0:00,Conventional,0.916284544,6580127.55
West,11/22/20 0:00,Organic,1.644956294,244621.2
West,11/29/20 0:00,Conventional,0.955030031,5260951.62
West,11/29/20 0:00,Organic,1.677538581,213670.53
West,12/6/20 0:00,Conventional,0.917493796,6489976.17
West,12/6/20 0:00,Organic,1.607329594,277216.45
West,12/13/20 0:00,Conventional,0.856205651,6955127.81
West,12/13/20 0:00,Organic,1.579335465,270140.38
West,12/20/20 0:00,Conventional,0.923258519,6235152.08
West,12/20/20 0:00,Organic,1.638867052,254508.1
West,12/27/20 0:00,Conventional,0.943054526,5842811.77
West,12/27/20 0:00,Organic,1.637615937,242256.61
West,1/4/21 0:00,Conventional,0.7905318,8503509.75
West,1/4/21 0:00,Organic,1.419538318,371206.39
West,1/10/21 0:00,Conventional,0.892147703,8023565.9
West,1/10/21 0:00,Organic,1.479339499,375783.51
West,1/17/21 0:00,Conventional,0.884671285,8096256.58
West,1/17/21 0:00,Organic,1.518589658,359180.83
West,1/24/21 0:00,Conventional,0.884062601,7947265.85
West,1/24/21 0:00,Organic,1.540944003,329331.89
West,1/31/21 0:00,Conventional,0.880769133,8116905.17
West,1/31/21 0:00,Organic,1.596635015,339916
West,2/7/21 0:00,Conventional,0.833757547,9251989.35
West,2/7/21 0:00,Organic,1.379568925,410220.26
West,2/14/21 0:00,Conventional,0.883461075,7721531.39
West,2/14/21 0:00,Organic,1.44844748,359423.94
West,2/21/21 0:00,Conventional,0.926684584,7377563.1
West,2/21/21 0:00,Organic,1.502931641,342725.84
West,2/28/21 0:00,Conventional,0.861207117,7915178.44
West,2/28/21 0:00,Organic,1.468658604,361420.04
West,3/7/21 0:00,Conventional,0.935992333,7725560.14
West,3/7/21 0:00,Organic,1.471290071,354340.42
West,3/14/21 0:00,Conventional,0.98247603,7646240.89
West,3/14/21 0:00,Organic,1.648943735,318640.55
West,3/21/21 0:00,Conventional,0.968368697,7269577.29
West,3/21/21 0:00,Organic,1.699184016,352518.84
West,3/28/21 0:00,Conventional,1.044581274,7464902.43
West,3/28/21 0:00,Organic,1.654467841,320063.73
West,4/4/21 0:00,Conventional,1.188271405,6944566.42
West,4/4/21 0:00,Organic,1.807515058,320873
West,4/11/21 0:00,Conventional,1.184042473,6576508.18
West,4/11/21 0:00,Organic,1.877415943,313287.47
West,4/18/21 0:00,Conventional,1.170043839,6971558.93
West,4/18/21 0:00,Organic,1.899957909,318683.86
West,4/25/21 0:00,Conventional,1.162193523,6865143.71
West,4/25/21 0:00,Organic,1.957855469,314406.35
West,5/2/21 0:00,Conventional,1.071448238,7532566.67
West,5/2/21 0:00,Organic,1.533403344,599309.59
West,5/9/21 0:00,Conventional,1.148320012,7321340.21
West,5/9/21 0:00,Organic,1.559112831,547564.74
West,5/16/21 0:00,Conventional,1.06352922,7373873.82
West,5/16/21 0:00,Organic,1.773028938,340893.19
West,5/23/21 0:00,Conventional,1.107895424,6885560.63
West,5/23/21 0:00,Organic,1.793444724,317818.13
West,5/30/21 0:00,Conventional,1.176863401,6764468.9
West,5/30/21 0:00,Organic,1.908035539,290517.84
West,6/6/21 0:00,Conventional,1.144910813,6998166.87
West,6/6/21 0:00,Organic,1.940766812,298577.23
West,6/13/21 0:00,Conventional,1.11470792,7014751.67
West,6/13/21 0:00,Organic,1.943175133,286836.27
West,6/20/21 0:00,Conventional,1.099244584,7328049.8
West,6/20/21 0:00,Organic,1.868135336,256095.09
West,6/27/21 0:00,Conventional,1.055639824,7476142.75
West,6/27/21 0:00,Organic,1.880679144,260515.42
West,7/4/21 0:00,Conventional,1.059075699,7817551.49
West,7/4/21 0:00,Organic,1.895711797,263771.26
West,7/11/21 0:00,Conventional,1.011036251,7723734.63
West,7/11/21 0:00,Organic,1.89710106,240653.19
West,7/18/21 0:00,Conventional,1.045221877,7181380.4
West,7/18/21 0:00,Organic,1.886526044,290718.89
West,7/25/21 0:00,Conventional,1.050578071,7215870.07
West,7/25/21 0:00,Organic,1.82730547,253918.79
West,8/1/21 0:00,Conventional,1.063984933,6775879.34
West,8/1/21 0:00,Organic,1.956514081,251217.31
West,8/8/21 0:00,Conventional,1.023523259,7245857.27
West,8/8/21 0:00,Organic,1.940764356,264683.06
West,8/15/21 0:00,Conventional,1.046698842,7005997.16
West,8/15/21 0:00,Organic,1.876709492,258953.92
West,8/22/21 0:00,Conventional,1.100069979,6393052.5
West,8/22/21 0:00,Organic,1.893029958,251922.88
West,8/29/21 0:00,Conventional,0.990021177,7269464.24
West,8/29/21 0:00,Organic,1.858712866,256653.13
West,9/5/21 0:00,Conventional,1.017960271,7228980.33
West,9/5/21 0:00,Organic,1.885662377,265068.68
West,9/12/21 0:00,Conventional,1.132014166,6315500.75
West,9/12/21 0:00,Organic,2.000538631,260754.07
West,9/19/21 0:00,Conventional,1.121760238,6168423.2
West,9/19/21 0:00,Organic,2.03056932,270683.02
West,9/26/21 0:00,Conventional,1.074593848,6563600.7
West,9/26/21 0:00,Organic,1.938931513,274795.77
West,10/3/21 0:00,Conventional,1.069697526,6602114.69
West,10/3/21 0:00,Organic,1.946165113,266026.56
West,10/10/21 0:00,Conventional,1.176708562,5947996.28
West,10/10/21 0:00,Organic,2.038362417,260727.12
West,10/17/21 0:00,Conventional,1.161890384,5938230.23
West,10/17/21 0:00,Organic,1.936040491,262169.2
West,10/24/21 0:00,Conventional,1.086419863,6444637.59
West,10/24/21 0:00,Organic,1.922431593,249520.58
West,10/31/21 0:00,Conventional,1.091511137,6121017.57
West,10/31/21 0:00,Organic,1.910124871,260615.84
West,11/7/21 0:00,Conventional,1.087259234,6490027.19
West,11/7/21 0:00,Organic,1.899845069,283421.63
West,11/14/21 0:00,Conventional,1.113259794,6373917.33
West,11/14/21 0:00,Organic,1.878762512,245360.53
West,11/21/21 0:00,Conventional,1.14383417,5807114
West,11/21/21 0:00,Organic,1.924094743,245213.96
West,11/28/21 0:00,Conventional,1.199155925,4749979.04
West,11/28/21 0:00,Organic,2.012247094,232183.87
West,1/3/22 0:00,Conventional,1.026909176,7036005.57
West,1/3/22 0:00,Organic,1.803923195,368537.48
West,1/9/22 0:00,Conventional,1.133430678,6886368.02
West,1/9/22 0:00,Organic,1.782967949,396879.69
West,1/16/22 0:00,Conventional,1.287942031,6607770.93
West,1/16/22 0:00,Organic,1.92317573,311628.49
West,1/23/22 0:00,Conventional,1.216607247,6792907.22
West,1/23/22 0:00,Organic,1.729660512,362915.65
West,1/30/22 0:00,Conventional,1.241857783,6703346.71
West,1/30/22 0:00,Organic,1.785926611,358345.67
West,2/6/22 0:00,Conventional,1.264563632,7022300
West,2/6/22 0:00,Organic,1.982184194,299188.22
West,2/13/22 0:00,Conventional,1.227213998,8460819.44
West,2/13/22 0:00,Organic,2.028082282,263602.86
West,2/20/22 0:00,Conventional,1.250024863,7055445.25
West,2/20/22 0:00,Organic,2.041407086,245518.02
West,2/27/22 0:00,Conventional,1.30704144,6399859.02
West,2/27/22 0:00,Organic,1.931687478,281712.51
West,3/6/22 0:00,Conventional,1.385247336,6271778.49
West,3/6/22 0:00,Organic,1.993470598,277727.36
West,3/13/22 0:00,Conventional,1.37636794,6114734.33
West,3/13/22 0:00,Organic,2.168792987,268857.12
West,3/20/22 0:00,Conventional,1.38507955,6189787.69
West,3/20/22 0:00,Organic,2.119548435,275258.21
West,3/27/22 0:00,Conventional,1.413915264,6386249.72
West,3/27/22 0:00,Organic,2.132444416,279969.07
West,4/3/22 0:00,Conventional,1.353277698,6660732.85
West,4/3/22 0:00,Organic,2.068075205,300039.24
West,4/10/22 0:00,Conventional,1.328755118,6832048.68
West,4/10/22 0:00,Organic,2.126220915,309131.51
West,4/17/22 0:00,Conventional,1.454468635,6305769.41
West,4/17/22 0:00,Organic,2.228046508,301097.02
West,4/24/22 0:00,Conventional,1.52294907,5539767
West,4/24/22 0:00,Organic,2.144223673,264807.05
West,5/1/22 0:00,Conventional,1.456067716,6904558
West,5/1/22 0:00,Organic,1.995353137,284881.71
West,5/8/22 0:00,Conventional,1.472109725,6517684
West,5/8/22 0:00,Organic,2.058859113,320893.57
West,5/15/22 0:00,Conventional,1.546668762,5625326
West,5/15/22 0:00,Organic,2.255119761,262161.89
Great_Lakes,1/4/15,Conventional,1.02,3382800.12
Great_Lakes,1/4/15,Organic,1.54,61615.1
Great_Lakes,1/11/15,Conventional,1.1,3067638.32
Great_Lakes,1/11/15,Organic,1.69,58061.65
Great_Lakes,1/18/15,Conventional,1.08,3006207.02
Great_Lakes,1/18/15,Organic,1.73,57646.9
Great_Lakes,1/25/15,Conventional,1.13,2928692.32
Great_Lakes,1/25/15,Organic,1.63,59906.52
Great_Lakes,2/1/15,Conventional,0.91,4874124.41
Great_Lakes,2/1/15,Organic,1.53,63248.58
Great_Lakes,2/8/15,Conventional,1.07,2856456.35
Great_Lakes,2/8/15,Organic,1.64,58545.6
Great_Lakes,2/15/15,Conventional,1.15,2610004.41
Great_Lakes,2/15/15,Organic,1.65,58236.29
Great_Lakes,2/22/15,Conventional,1.16,2730224.03
Great_Lakes,2/22/15,Organic,1.68,56569.37
Great_Lakes,3/1/15,Conventional,1.02,3566752.43
Great_Lakes,3/1/15,Organic,1.69,61260.09
Great_Lakes,3/8/15,Conventional,1.04,3134752.64
Great_Lakes,3/8/15,Organic,1.6,74152.81
Great_Lakes,3/15/15,Conventional,1.1,2948199.23
Great_Lakes,3/15/15,Organic,1.55,65534.87
Great_Lakes,3/22/15,Conventional,1.04,3746598.18
Great_Lakes,3/22/15,Organic,1.63,56818.47
Great_Lakes,3/29/15,Conventional,1.09,2971443.88
Great_Lakes,3/29/15,Organic,1.62,64282.45
Great_Lakes,4/5/15,Conventional,1.18,2938918.81
Great_Lakes,4/5/15,Organic,1.51,81495.39
Great_Lakes,4/12/15,Conventional,1.11,2895992.9
Great_Lakes,4/12/15,Organic,1.42,149583.28
Great_Lakes,4/19/15,Conventional,1.06,3857605.11
Great_Lakes,4/19/15,Organic,1.57,85825.52
Great_Lakes,4/26/15,Conventional,1.14,3234024.32
Great_Lakes,4/26/15,Organic,1.55,92616.45
Great_Lakes,5/3/15,Conventional,1.05,3901054.42
Great_Lakes,5/3/15,Organic,1.22,143144.15
Great_Lakes,5/10/15,Conventional,1.15,3501344.46
Great_Lakes,5/10/15,Organic,1.13,171746.76
Great_Lakes,5/17/15,Conventional,1.09,3753201.03
Great_Lakes,5/17/15,Organic,1.44,82513.95
Great_Lakes,5/24/15,Conventional,1.15,3574050.61
Great_Lakes,5/24/15,Organic,1.66,79844.57
Great_Lakes,5/31/15,Conventional,1.2,3151714
Great_Lakes,5/31/15,Organic,1.65,79819.77
Great_Lakes,6/7/15,Conventional,1.13,3602112.79
Great_Lakes,6/7/15,Organic,1.55,81945.35
Great_Lakes,6/14/15,Conventional,1.12,3511185.14
Great_Lakes,6/14/15,Organic,1.58,80790.46
Great_Lakes,6/21/15,Conventional,1.08,3720458.83
Great_Lakes,6/21/15,Organic,1.62,72563.98
Great_Lakes,6/28/15,Conventional,1.07,3336314.35
Great_Lakes,6/28/15,Organic,1.59,71801.27
Great_Lakes,7/5/15,Conventional,1.13,3774004.27
Great_Lakes,7/5/15,Organic,1.54,86288.07
Great_Lakes,7/12/15,Conventional,1.14,3077237.12
Great_Lakes,7/12/15,Organic,1.4,88179.72
Great_Lakes,7/19/15,Conventional,1.12,3436864.41
Great_Lakes,7/19/15,Organic,1.48,81489.76
Great_Lakes,7/26/15,Conventional,1.1,3135698.38
Great_Lakes,7/26/15,Organic,1.5,87348.95
Great_Lakes,8/2/15,Conventional,1.14,3162447.64
Great_Lakes,8/2/15,Organic,1.64,82380.97
Great_Lakes,8/9/15,Conventional,1.12,3230139.65
Great_Lakes,8/9/15,Organic,1.7,84089.07
Great_Lakes,8/16/15,Conventional,1.03,3653376.07
Great_Lakes,8/16/15,Organic,1.72,92086
Great_Lakes,8/23/15,Conventional,1.14,2849127.29
Great_Lakes,8/23/15,Organic,1.59,107306.08
Great_Lakes,8/30/15,Conventional,1.04,3388803.79
Great_Lakes,8/30/15,Organic,1.56,96236.54
Great_Lakes,9/6/15,Conventional,1.07,3272555.01
Great_Lakes,9/6/15,Organic,1.61,95931.87
Great_Lakes,9/13/15,Conventional,1.03,3532480.92
Great_Lakes,9/13/15,Organic,1.67,83530.33
Great_Lakes,9/20/15,Conventional,1.02,3336245.24
Great_Lakes,9/20/15,Organic,1.68,75306.07
Great_Lakes,9/27/15,Conventional,1.1,2770074.76
Great_Lakes,9/27/15,Organic,1.66,70809.98
Great_Lakes,10/4/15,Conventional,1.05,2814678.93
Great_Lakes,10/4/15,Organic,1.67,70410.49
Great_Lakes,10/11/15,Conventional,1.02,3004133.39
Great_Lakes,10/11/15,Organic,1.6,69918.93
Great_Lakes,10/18/15,Conventional,1.03,2981549.94
Great_Lakes,10/18/15,Organic,1.6,75238.38
Great_Lakes,10/25/15,Conventional,1.1,2671535.94
Great_Lakes,10/25/15,Organic,1.58,77066.63
Great_Lakes,11/1/15,Conventional,1,3229124.75
Great_Lakes,11/1/15,Organic,1.59,75586.78
Great_Lakes,11/8/15,Conventional,0.98,3184946.53
Great_Lakes,11/8/15,Organic,1.54,77222.36
Great_Lakes,11/15/15,Conventional,1.09,2494044.41
Great_Lakes,11/15/15,Organic,1.54,72434.15
Great_Lakes,11/22/15,Conventional,1.03,2601821.63
Great_Lakes,11/22/15,Organic,1.57,67773.07
Great_Lakes,11/29/15,Conventional,1.07,2198408.92
Great_Lakes,11/29/15,Organic,1.61,59169.17
Great_Lakes,12/6/15,Conventional,1,2981347.2
Great_Lakes,12/6/15,Organic,1.6,71502.74
Great_Lakes,12/13/15,Conventional,1.03,2608448.06
Great_Lakes,12/13/15,Organic,1.53,65341.66
Great_Lakes,12/20/15,Conventional,1.01,2504745.45
Great_Lakes,12/20/15,Organic,1.55,62669.16
Great_Lakes,12/27/15,Conventional,1.01,2580602.96
Great_Lakes,12/27/15,Organic,1.49,66775.85
Great_Lakes,1/3/16,Conventional,0.92,4065583.41
Great_Lakes,1/3/16,Organic,1.44,83325.98
Great_Lakes,1/10/16,Conventional,1.06,3310201.06
Great_Lakes,1/10/16,Organic,1.48,112034.52
Great_Lakes,1/17/16,Conventional,1.05,3166941.66
Great_Lakes,1/17/16,Organic,1.46,91071.06
Great_Lakes,1/24/16,Conventional,0.95,3806974.62
Great_Lakes,1/24/16,Organic,1.31,102833.87
Great_Lakes,1/31/16,Conventional,1.04,3330752.29
Great_Lakes,1/31/16,Organic,1.45,89574.32
Great_Lakes,2/7/16,Conventional,0.85,4865296.26
Great_Lakes,2/7/16,Organic,1.41,94983.64
Great_Lakes,2/14/16,Conventional,0.96,3386951.48
Great_Lakes,2/14/16,Organic,1.34,100217.44
Great_Lakes,2/21/16,Conventional,1.07,2837626.92
Great_Lakes,2/21/16,Organic,1.38,100551.65
Great_Lakes,2/28/16,Conventional,1.05,3419909.75
Great_Lakes,2/28/16,Organic,1.48,99353.21
Great_Lakes,3/6/16,Conventional,0.98,3818114.32
Great_Lakes,3/6/16,Organic,1.42,98803.23
Great_Lakes,3/13/16,Conventional,1.03,3145897.89
Great_Lakes,3/13/16,Organic,1.33,106057.37
Great_Lakes,3/20/16,Conventional,1.06,3368333.6
Great_Lakes,3/20/16,Organic,1.24,131022.13
Great_Lakes,3/27/16,Conventional,0.97,3557777.32
Great_Lakes,3/27/16,Organic,1.33,122736.25
Great_Lakes,4/3/16,Conventional,1.04,2968139.47
Great_Lakes,4/3/16,Organic,1.45,103615.27
Great_Lakes,4/10/16,Conventional,1.05,3126127.34
Great_Lakes,4/10/16,Organic,1.36,119113.13
Great_Lakes,4/17/16,Conventional,0.98,4154218.26
Great_Lakes,4/17/16,Organic,1.33,122388.94
Great_Lakes,4/24/16,Conventional,0.96,3735389.44
Great_Lakes,4/24/16,Organic,1.28,150140.95
Great_Lakes,5/1/16,Conventional,0.94,3801508.26
Great_Lakes,5/1/16,Organic,1.4,121983.64
Great_Lakes,5/8/16,Conventional,0.94,4460481.53
Great_Lakes,5/8/16,Organic,1.39,123789.24
Great_Lakes,5/15/16,Conventional,0.91,4324700.33
Great_Lakes,5/15/16,Organic,1.42,119264.62
Great_Lakes,5/22/16,Conventional,1,3705262.31
Great_Lakes,5/22/16,Organic,1.26,141771.45
Great_Lakes,5/29/16,Conventional,1.05,3925300.14
Great_Lakes,5/29/16,Organic,1.24,161868.25
Great_Lakes,6/5/16,Conventional,1.01,4188245.99
Great_Lakes,6/5/16,Organic,1.13,170250.47
Great_Lakes,6/12/16,Conventional,1.15,3443333.94
Great_Lakes,6/12/16,Organic,1.34,152083.91
Great_Lakes,6/19/16,Conventional,1.1,3955098.89
Great_Lakes,6/19/16,Organic,1.23,160564.92
Great_Lakes,6/26/16,Conventional,1.13,3643417.33
Great_Lakes,6/26/16,Organic,1.34,129807.8
Great_Lakes,7/3/16,Conventional,1.13,4020724.58
Great_Lakes,7/3/16,Organic,1.22,110335.56
Great_Lakes,7/10/16,Conventional,1.24,3327062.2
Great_Lakes,7/10/16,Organic,1.16,130838.45
Great_Lakes,7/17/16,Conventional,1.25,3267857.63
Great_Lakes,7/17/16,Organic,1.33,139949.09
Great_Lakes,7/24/16,Conventional,1.32,3212818.19
Great_Lakes,7/24/16,Organic,1.67,112800.57
Great_Lakes,7/31/16,Conventional,1.34,3013426.04
Great_Lakes,7/31/16,Organic,1.66,116608.12
Great_Lakes,8/7/16,Conventional,1.33,3106108.92
Great_Lakes,8/7/16,Organic,1.57,126449.62
Great_Lakes,8/14/16,Conventional,1.3,3134414.15
Great_Lakes,8/14/16,Organic,1.67,116220.19
Great_Lakes,8/21/16,Conventional,1.34,2933973.86
Great_Lakes,8/21/16,Organic,1.65,119045.99
Great_Lakes,8/28/16,Conventional,1.27,3025330.44
Great_Lakes,8/28/16,Organic,1.29,151771.49
Great_Lakes,9/4/16,Conventional,1.3,3084199.23
Great_Lakes,9/4/16,Organic,1.47,139374.22
Great_Lakes,9/11/16,Conventional,1.3,3078051.63
Great_Lakes,9/11/16,Organic,1.43,135309.51
Great_Lakes,9/18/16,Conventional,1.28,2996317.15
Great_Lakes,9/18/16,Organic,1.65,94463.19
Great_Lakes,9/25/16,Conventional,1.37,2834326.48
Great_Lakes,9/25/16,Organic,1.51,130290.41
Great_Lakes,10/2/16,Conventional,1.38,2618805.67
Great_Lakes,10/2/16,Organic,1.76,105453.89
Great_Lakes,10/9/16,Conventional,1.35,2624202.9
Great_Lakes,10/9/16,Organic,1.36,146094.87
Great_Lakes,10/16/16,Conventional,1.4,2517672.23
Great_Lakes,10/16/16,Organic,1.35,147526.08
Great_Lakes,10/23/16,Conventional,1.35,2528597.22
Great_Lakes,10/23/16,Organic,1.43,139337.29
Great_Lakes,10/30/16,Conventional,1.36,2275351.91
Great_Lakes,10/30/16,Organic,1.86,112134.82
Great_Lakes,11/6/16,Conventional,1.48,2222383.47
Great_Lakes,11/6/16,Organic,1.25,175323.06
Great_Lakes,11/13/16,Conventional,1.41,2348814.17
Great_Lakes,11/13/16,Organic,1.58,123515.34
Great_Lakes,11/20/16,Conventional,1.23,2637621.79
Great_Lakes,11/20/16,Organic,1.47,115682.53
Great_Lakes,11/27/16,Conventional,1.18,2385048.43
Great_Lakes,11/27/16,Organic,1.49,96160.23
Great_Lakes,12/4/16,Conventional,0.97,3854099.9
Great_Lakes,12/4/16,Organic,1.47,117193.02
Great_Lakes,12/11/16,Conventional,1.03,3048518.15
Great_Lakes,12/11/16,Organic,1.1,167640.67
Great_Lakes,12/18/16,Conventional,1.11,2791515.27
Great_Lakes,12/18/16,Organic,1.31,112979.93
Great_Lakes,12/25/16,Conventional,1.11,2954314.99
Great_Lakes,12/25/16,Organic,1.48,95184.06
Great_Lakes,1/1/17,Conventional,0.88,4225245.4
Great_Lakes,1/1/17,Organic,1.44,104153.91
Great_Lakes,1/8/17,Conventional,0.99,4067134.96
Great_Lakes,1/8/17,Organic,1.55,100134.77
Great_Lakes,1/15/17,Conventional,1.05,3893220.87
Great_Lakes,1/15/17,Organic,1.7,103487.72
Great_Lakes,1/22/17,Conventional,0.95,4696372.14
Great_Lakes,1/22/17,Organic,1.19,155334.45
Great_Lakes,1/29/17,Conventional,1.01,3799154.1
Great_Lakes,1/29/17,Organic,1.35,129565.39
Great_Lakes,2/5/17,Conventional,0.73,6575186.76
Great_Lakes,2/5/17,Organic,1.14,149650.5
Great_Lakes,2/12/17,Conventional,0.88,4129136.03
Great_Lakes,2/12/17,Organic,1.08,162213.86
Great_Lakes,2/19/17,Conventional,1.1,3184221.55
Great_Lakes,2/19/17,Organic,0.9,226000.27
Great_Lakes,2/26/17,Conventional,1.08,3848715.52
Great_Lakes,2/26/17,Organic,0.94,253169.88
Great_Lakes,3/5/17,Conventional,1.24,3197341.66
Great_Lakes,3/5/17,Organic,0.83,318890.26
Great_Lakes,3/12/17,Conventional,1.38,2883466.63
Great_Lakes,3/12/17,Organic,1.08,206958.43
Great_Lakes,3/19/17,Conventional,1.39,2975356.86
Great_Lakes,3/19/17,Organic,1.55,137494.38
Great_Lakes,3/26/17,Conventional,1.42,3002195.77
Great_Lakes,3/26/17,Organic,1.08,244035.03
Great_Lakes,4/2/17,Conventional,1.41,3081036.18
Great_Lakes,4/2/17,Organic,1.51,179232.9
Great_Lakes,4/9/17,Conventional,1.41,3149013.04
Great_Lakes,4/9/17,Organic,1.36,201552.43
Great_Lakes,4/16/17,Conventional,1.36,3543152.49
Great_Lakes,4/16/17,Organic,1.36,221705.72
Great_Lakes,4/23/17,Conventional,1.38,3193269.98
Great_Lakes,4/23/17,Organic,1.71,134773.11
Great_Lakes,4/30/17,Conventional,1.38,3584134.9
Great_Lakes,4/30/17,Organic,1.84,142607.19
Great_Lakes,5/7/17,Conventional,1.1,5308891.12
Great_Lakes,5/7/17,Organic,1.74,146983.33
Great_Lakes,5/14/17,Conventional,1.19,3901825.7
Great_Lakes,5/14/17,Organic,1.68,143791.21
Great_Lakes,5/21/17,Conventional,1.34,3415474.26
Great_Lakes,5/21/17,Organic,1.59,150790.27
Great_Lakes,5/28/17,Conventional,1.37,3562841.46
Great_Lakes,5/28/17,Organic,1.72,160659.8
Great_Lakes,6/4/17,Conventional,1.33,3649478.04
Great_Lakes,6/4/17,Organic,1.69,156456.85
Great_Lakes,6/11/17,Conventional,1.27,3714237.95
Great_Lakes,6/11/17,Organic,1.13,261363.34
Great_Lakes,6/18/17,Conventional,1.12,4668135.31
Great_Lakes,6/18/17,Organic,1.56,148060.59
Great_Lakes,6/25/17,Conventional,1.15,3938985.06
Great_Lakes,6/25/17,Organic,1.59,130430.6
Great_Lakes,7/2/17,Conventional,1.18,4250394.01
Great_Lakes,7/2/17,Organic,1.58,169966.3
Great_Lakes,7/9/17,Conventional,1.2,4104371.46
Great_Lakes,7/9/17,Organic,1.62,153380.48
Great_Lakes,7/16/17,Conventional,1.38,3372297.92
Great_Lakes,7/16/17,Organic,1.64,209543.04
Great_Lakes,7/23/17,Conventional,1.47,3014558.52
Great_Lakes,7/23/17,Organic,1.68,208558.03
Great_Lakes,7/30/17,Conventional,1.44,3127451.33
Great_Lakes,7/30/17,Organic,1.65,178141.22
Great_Lakes,8/6/17,Conventional,1.42,3357719.29
Great_Lakes,8/6/17,Organic,1.65,125026.87
Great_Lakes,8/13/17,Conventional,1.57,2971011.18
Great_Lakes,8/13/17,Organic,1.54,129785.91
Great_Lakes,8/20/17,Conventional,1.44,3378088.25
Great_Lakes,8/20/17,Organic,1.6,133248.29
Great_Lakes,8/27/17,Conventional,1.49,2973144.04
Great_Lakes,8/27/17,Organic,1.73,150638.77
Great_Lakes,9/3/17,Conventional,1.73,2638911.89
Great_Lakes,9/3/17,Organic,1.82,157087.22
Great_Lakes,9/10/17,Conventional,1.81,2589499.71
Great_Lakes,9/10/17,Organic,1.82,148357.84
Great_Lakes,9/17/17,Conventional,1.86,2358162.43
Great_Lakes,9/17/17,Organic,1.84,151888.89
Great_Lakes,9/24/17,Conventional,1.83,2415482.04
Great_Lakes,9/24/17,Organic,1.89,179687.73
Great_Lakes,10/1/17,Conventional,1.89,2289168.77
Great_Lakes,10/1/17,Organic,1.72,180253.26
Great_Lakes,10/8/17,Conventional,1.98,2063573.51
Great_Lakes,10/8/17,Organic,1.7,191866.1
Great_Lakes,10/15/17,Conventional,1.86,2221613.58
Great_Lakes,10/15/17,Organic,1.68,197529.4
Great_Lakes,10/22/17,Conventional,1.75,2247856.71
Great_Lakes,10/22/17,Organic,1.68,190579.53
Great_Lakes,10/29/17,Conventional,1.52,2739607.48
Great_Lakes,10/29/17,Organic,1.7,176815.66
Great_Lakes,11/5/17,Conventional,1.26,3225071.95
Great_Lakes,11/5/17,Organic,1.69,169816.92
Great_Lakes,11/12/17,Conventional,1.19,3284210
Great_Lakes,11/12/17,Organic,1.64,159071.48
Great_Lakes,11/19/17,Conventional,1.23,2983690
Great_Lakes,11/19/17,Organic,1.53,133203.19
Great_Lakes,11/26/17,Conventional,1.38,2254700
Great_Lakes,11/26/17,Organic,1.52,141104.31
Great_Lakes,12/3/17,Conventional,1.15,3837027
Great_Lakes,12/3/17,Organic,1.52,139934.06
Great_Lakes,12/10/17,Conventional,1.18,3258080.63
Great_Lakes,12/10/17,Organic,1.49,148882.83
Great_Lakes,12/17/17,Conventional,1.22,3023285.74
Great_Lakes,12/17/17,Organic,1.42,161673.33
Great_Lakes,12/24/17,Conventional,1.3,2860693.26
Great_Lakes,12/24/17,Organic,1.5,170025.26
Great_Lakes,12/31/17,Conventional,0.92,4398887.92
Great_Lakes,12/31/17,Organic,1.29,202521.83
Great_Lakes,1/1/18,Conventional,0.92,4398887.92
Great_Lakes,1/1/18,Organic,1.29,202521.83
Great_Lakes,1/7/18,Conventional,1.11,4123104.83
Great_Lakes,1/7/18,Organic,1.4,224698.1
Great_Lakes,1/14/18,Conventional,1.31,3437563.27
Great_Lakes,1/14/18,Organic,1.45,243959.31
Great_Lakes,1/21/18,Conventional,1.08,4824586.17
Great_Lakes,1/21/18,Organic,1.41,235021.5
Great_Lakes,1/28/18,Conventional,1.18,3857262.14
Great_Lakes,1/28/18,Organic,1.42,200318.01
Great_Lakes,2/4/18,Conventional,0.81,7094764.73
Great_Lakes,2/4/18,Organic,1.45,185270.31
Great_Lakes,2/11/18,Conventional,1.05,4104031.93
Great_Lakes,2/11/18,Organic,1.44,175088.87
Great_Lakes,2/18/18,Conventional,1.2,3351722.04
Great_Lakes,2/18/18,Organic,1.45,157146.89
Great_Lakes,2/25/18,Conventional,1.19,3920643.53
Great_Lakes,2/25/18,Organic,1.49,176612.49
Great_Lakes,3/4/18,Conventional,1.27,3654450.88
Great_Lakes,3/4/18,Organic,1.33,222950.32
Great_Lakes,3/11/18,Conventional,1.22,3953699.57
Great_Lakes,3/11/18,Organic,1.31,324172.31
Great_Lakes,3/18/18,Conventional,1.16,3944850.17
Great_Lakes,3/18/18,Organic,1.3,320320.99
Great_Lakes,3/25/18,Conventional,1.18,4245947.2
Great_Lakes,3/25/18,Organic,1.47,182492.41
Great_Lakes,4/1/18,Conventional,1.23,3823014.19
Great_Lakes,4/1/18,Organic,1.4,202003.28
Great_Lakes,4/8/18,Conventional,1.2,3765622.14
Great_Lakes,4/8/18,Organic,1.43,205874.58
Great_Lakes,4/15/18,Conventional,1.12,5091963.45
Great_Lakes,4/15/18,Organic,1.46,208356.75
Great_Lakes,4/22/18,Conventional,1.09,4626031.46
Great_Lakes,4/22/18,Organic,1.45,215608.38
Great_Lakes,4/29/18,Conventional,1.21,3917834.41
Great_Lakes,4/29/18,Organic,1.4,239584.67
Great_Lakes,5/6/18,Conventional,0.87,7059591.58
Great_Lakes,5/6/18,Organic,1.47,219663.53
Great_Lakes,5/13/18,Conventional,1.03,4619011.81
Great_Lakes,5/13/18,Organic,1.44,225045.67
Great_Lakes,5/20/18,Conventional,1.16,3906285.89
Great_Lakes,5/20/18,Organic,1.46,235735.26
Great_Lakes,5/27/18,Conventional,1.18,4223314.84
Great_Lakes,5/27/18,Organic,1.2,450749.72
Great_Lakes,6/3/18,Conventional,1.19,4226079.91
Great_Lakes,6/3/18,Organic,1.22,400004.95
Great_Lakes,6/10/18,Conventional,1.19,4105136.03
Great_Lakes,6/10/18,Organic,1.33,337310.53
Great_Lakes,6/17/18,Conventional,1.19,4134267.24
Great_Lakes,6/17/18,Organic,0.94,520536.73
Great_Lakes,6/24/18,Conventional,0.99,5381230.51
Great_Lakes,6/24/18,Organic,1.14,303588.82
Great_Lakes,7/1/18,Conventional,1.1,4459370.18
Great_Lakes,7/1/18,Organic,1.48,208806.68
Great_Lakes,7/8/18,Conventional,1.13,4337787.49
Great_Lakes,7/8/18,Organic,1.43,216750.58
Great_Lakes,7/15/18,Conventional,1.12,4192461.62
Great_Lakes,7/15/18,Organic,1.51,202058.84
Great_Lakes,7/22/18,Conventional,1.09,4412028.34
Great_Lakes,7/22/18,Organic,1.43,215611.36
Great_Lakes,7/29/18,Conventional,1.13,4082696.89
Great_Lakes,7/29/18,Organic,1.38,213183.69
Great_Lakes,8/5/18,Conventional,1.17,3803017.66
Great_Lakes,8/5/18,Organic,1.37,216697.32
Great_Lakes,8/12/18,Conventional,1.22,3900554.67
Great_Lakes,8/12/18,Organic,1.53,164358.18
Great_Lakes,8/19/18,Conventional,1.13,4539821.1
Great_Lakes,8/19/18,Organic,1.6,172029.46
Great_Lakes,8/26/18,Conventional,1.39,3346047.06
Great_Lakes,8/26/18,Organic,1.61,165513.91
Great_Lakes,9/2/18,Conventional,1.41,3467274.85
Great_Lakes,9/2/18,Organic,1.64,187469.92
Great_Lakes,9/9/18,Conventional,1.33,3717531.81
Great_Lakes,9/9/18,Organic,1.63,179465.99
Great_Lakes,9/16/18,Conventional,1.34,3377258.26
Great_Lakes,9/16/18,Organic,1.66,180803.03
Great_Lakes,9/23/18,Conventional,1.31,3359719.69
Great_Lakes,9/23/18,Organic,1.63,189692.32
Great_Lakes,9/30/18,Conventional,1.17,3551684.67
Great_Lakes,9/30/18,Organic,1.64,180867.49
Great_Lakes,10/7/18,Conventional,1.06,4015135.14
Great_Lakes,10/7/18,Organic,1.64,187017.86
Great_Lakes,10/14/18,Conventional,1.05,3797062.66
Great_Lakes,10/14/18,Organic,1.47,223617.29
Great_Lakes,10/21/18,Conventional,1.1,3578605.08
Great_Lakes,10/21/18,Organic,1.38,232784.89
Great_Lakes,10/28/18,Conventional,1.11,3602860.44
Great_Lakes,10/28/18,Organic,1.4,195362.15
Great_Lakes,11/4/18,Conventional,1.12,3359436.59
Great_Lakes,11/4/18,Organic,1.36,198079.84
Great_Lakes,11/11/18,Conventional,1.02,4050240.66
Great_Lakes,11/11/18,Organic,1.39,199758.79
Great_Lakes,11/18/18,Conventional,1.15,3062728.18
Great_Lakes,11/18/18,Organic,1.4,199845.08
Great_Lakes,11/25/18,Conventional,1.27,2353835.87
Great_Lakes,11/25/18,Organic,1.48,175992.88
Great_Lakes,12/2/18,Conventional,1.33,2629604.72
Great_Lakes,12/2/18,Organic,1.36,190060.12
Midsouth,1/4/15,Conventional,1.1,2578275.12
Midsouth,1/4/15,Organic,1.56,58065.35
Midsouth,1/11/15,Conventional,1.17,2335986.11
Midsouth,1/11/15,Organic,1.52,65483.08
Midsouth,1/18/15,Conventional,1.19,2330829.2
Midsouth,1/18/15,Organic,1.65,52559.1
Midsouth,1/25/15,Conventional,1.15,2480820.72
Midsouth,1/25/15,Organic,1.63,54932.83
Midsouth,2/1/15,Conventional,0.99,3668037.65
Midsouth,2/1/15,Organic,1.44,72159.84
Midsouth,2/8/15,Conventional,1.06,2734006.98
Midsouth,2/8/15,Organic,1.58,64774.28
Midsouth,2/15/15,Conventional,1.17,2420829.45
Midsouth,2/15/15,Organic,1.48,67813.61
Midsouth,2/22/15,Conventional,1.1,2720346.71
Midsouth,2/22/15,Organic,1.4,75957.01
Midsouth,3/1/15,Conventional,1.14,2538981.6
Midsouth,3/1/15,Organic,1.61,62339.44
Midsouth,3/8/15,Conventional,1.21,2297509.11
Midsouth,3/8/15,Organic,1.62,73251.74
Midsouth,3/15/15,Conventional,1.19,2462108.11
Midsouth,3/15/15,Organic,1.65,58939.14
Midsouth,3/22/15,Conventional,1.11,2779012.66
Midsouth,3/22/15,Organic,1.53,57978.41
Midsouth,3/29/15,Conventional,1.18,2523110.39
Midsouth,3/29/15,Organic,1.65,64688.75
Midsouth,4/5/15,Conventional,1.19,2519677.31
Midsouth,4/5/15,Organic,1.65,68150.51
Midsouth,4/12/15,Conventional,1.13,2829416.58
Midsouth,4/12/15,Organic,1.53,76027.78
Midsouth,4/19/15,Conventional,1.18,2711008.32
Midsouth,4/19/15,Organic,1.51,84443.98
Midsouth,4/26/15,Conventional,1.2,2699614.5
Midsouth,4/26/15,Organic,1.46,83253.18
Midsouth,5/3/15,Conventional,1.07,3410467.52
Midsouth,5/3/15,Organic,1.34,102916.4
Midsouth,5/10/15,Conventional,1.17,2956859.19
Midsouth,5/10/15,Organic,1.28,107735.95
Midsouth,5/17/15,Conventional,1.18,2817008.33
Midsouth,5/17/15,Organic,1.24,130073.74
Midsouth,5/24/15,Conventional,1.14,3119050.91
Midsouth,5/24/15,Organic,1.37,107181.78
Midsouth,5/31/15,Conventional,1.14,3039403.06
Midsouth,5/31/15,Organic,1.44,89469.59
Midsouth,6/7/15,Conventional,1.14,2918298.91
Midsouth,6/7/15,Organic,1.47,84677.56
Midsouth,6/14/15,Conventional,1.09,3173051.42
Midsouth,6/14/15,Organic,1.6,75740.17
Midsouth,6/21/15,Conventional,1.13,2979417.82
Midsouth,6/21/15,Organic,1.65,67376.23
Midsouth,6/28/15,Conventional,1.14,2835630.41
Midsouth,6/28/15,Organic,1.62,67201.29
Midsouth,7/5/15,Conventional,1.13,3183419.6
Midsouth,7/5/15,Organic,1.61,72541.61
Midsouth,7/12/15,Conventional,1.13,2783554.82
Midsouth,7/12/15,Organic,1.51,72375.15
Midsouth,7/19/15,Conventional,1.14,2751192.77
Midsouth,7/19/15,Organic,1.51,69690.43
Midsouth,7/26/15,Conventional,1.15,2664424.22
Midsouth,7/26/15,Organic,1.52,67600.74
Midsouth,8/2/15,Conventional,1.14,2752081.97
Midsouth,8/2/15,Organic,1.71,68742.23
Midsouth,8/9/15,Conventional,1.15,2710710.15
Midsouth,8/9/15,Organic,1.65,81469.58
Midsouth,8/16/15,Conventional,1.14,2823405.23
Midsouth,8/16/15,Organic,1.7,69867.41
Midsouth,8/23/15,Conventional,1.12,2765838.1
Midsouth,8/23/15,Organic,1.7,74965.16
Midsouth,8/30/15,Conventional,1.18,2535192.78
Midsouth,8/30/15,Organic,1.7,69033.16
Midsouth,9/6/15,Conventional,1.08,3013825.75
Midsouth,9/6/15,Organic,1.67,74083.65
Midsouth,9/13/15,Conventional,1.09,2814803.06
Midsouth,9/13/15,Organic,1.75,62767.95
Midsouth,9/20/15,Conventional,1.13,2447264.74
Midsouth,9/20/15,Organic,1.72,54619.72
Midsouth,9/27/15,Conventional,1.11,2390611.02
Midsouth,9/27/15,Organic,1.76,52253.69
Midsouth,10/4/15,Conventional,1.18,2233935.94
Midsouth,10/4/15,Organic,1.73,53587.09
Midsouth,10/11/15,Conventional,1.13,2329757.67
Midsouth,10/11/15,Organic,1.53,60162.15
Midsouth,10/18/15,Conventional,1.05,2783170.15
Midsouth,10/18/15,Organic,1.66,57077.28
Midsouth,10/25/15,Conventional,1.13,2188485.29
Midsouth,10/25/15,Organic,1.7,55916.99
Midsouth,11/1/15,Conventional,1.08,2511760.36
Midsouth,11/1/15,Organic,1.61,54907.07
Midsouth,11/8/15,Conventional,1.04,2503008.26
Midsouth,11/8/15,Organic,1.66,49231.83
Midsouth,11/15/15,Conventional,1.02,2355839.19
Midsouth,11/15/15,Organic,1.7,45159.24
Midsouth,11/22/15,Conventional,1.06,1903245
Midsouth,11/22/15,Organic,1.66,46456.92
Midsouth,11/29/15,Conventional,1.05,1845443.13
Midsouth,11/29/15,Organic,1.5,45599.48
Midsouth,12/6/15,Conventional,1,2233138.01
Midsouth,12/6/15,Organic,1.59,43426.6
Midsouth,12/13/15,Conventional,1.03,2193142.82
Midsouth,12/13/15,Organic,1.68,46565.74
Midsouth,12/20/15,Conventional,1.05,2044020.93
Midsouth,12/20/15,Organic,1.71,43696.22
Midsouth,12/27/15,Conventional,1.05,2065131.33
Midsouth,12/27/15,Organic,1.6,51768.23
Midsouth,1/3/16,Conventional,1.01,2967929.65
Midsouth,1/3/16,Organic,1.54,64689.53
Midsouth,1/10/16,Conventional,1.04,2871898.66
Midsouth,1/10/16,Organic,1.46,76440.12
Midsouth,1/17/16,Conventional,1.05,3001683.91
Midsouth,1/17/16,Organic,1.59,57822.5
Midsouth,1/24/16,Conventional,1.01,3147902.67
Midsouth,1/24/16,Organic,1.54,72219
Midsouth,1/31/16,Conventional,1,2881461.41
Midsouth,1/31/16,Organic,1.47,71803.09
Midsouth,2/7/16,Conventional,0.91,4131614.84
Midsouth,2/7/16,Organic,1.52,70234.9
Midsouth,2/14/16,Conventional,0.99,3173460.24
Midsouth,2/14/16,Organic,1.52,66026.03
Midsouth,2/21/16,Conventional,1.06,2747176.06
Midsouth,2/21/16,Organic,1.57,59602.55
Midsouth,2/28/16,Conventional,1.05,3032920.39
Midsouth,2/28/16,Organic,1.58,60098.19
Midsouth,3/6/16,Conventional,1.1,2942515.87
Midsouth,3/6/16,Organic,1.44,82249.97
Midsouth,3/13/16,Conventional,1.07,3093898.37
Midsouth,3/13/16,Organic,1.4,91287.93
Midsouth,3/20/16,Conventional,1.05,3198477.41
Midsouth,3/20/16,Organic,1.37,81394.4
Midsouth,3/27/16,Conventional,1.08,2911903.46
Midsouth,3/27/16,Organic,1.4,86908.34
Midsouth,4/3/16,Conventional,1.07,2690267.94
Midsouth,4/3/16,Organic,1.58,81780.18
Midsouth,4/10/16,Conventional,1.05,2836884.82
Midsouth,4/10/16,Organic,1.18,143035.65
Midsouth,4/17/16,Conventional,1.06,3029003.02
Midsouth,4/17/16,Organic,1.22,126949.67
Midsouth,4/24/16,Conventional,1.04,3332609.87
Midsouth,4/24/16,Organic,1.5,104046.63
Midsouth,5/1/16,Conventional,0.99,3536333.98
Midsouth,5/1/16,Organic,1.55,97128.22
Midsouth,5/8/16,Conventional,0.95,3850645.65
Midsouth,5/8/16,Organic,1.39,103093.15
Midsouth,5/15/16,Conventional,1.04,3205037.79
Midsouth,5/15/16,Organic,1.48,96681.58
Midsouth,5/22/16,Conventional,1.08,3154318.39
Midsouth,5/22/16,Organic,1.37,109558.94
Midsouth,5/29/16,Conventional,1.09,3349139.43
Midsouth,5/29/16,Organic,1.46,110144.07
Midsouth,6/5/16,Conventional,1.14,3223814.39
Midsouth,6/5/16,Organic,1.37,121790.25
Midsouth,6/12/16,Conventional,1.15,3122351.17
Midsouth,6/12/16,Organic,1.46,112023.04
Midsouth,6/19/16,Conventional,1.16,3304967.62
Midsouth,6/19/16,Organic,1.36,112443.19
Midsouth,6/26/16,Conventional,1.17,3095673.83
Midsouth,6/26/16,Organic,1.51,106015.19
Midsouth,7/3/16,Conventional,1.15,3393696.45
Midsouth,7/3/16,Organic,1.52,106192.85
Midsouth,7/10/16,Conventional,1.19,3221650.74
Midsouth,7/10/16,Organic,1.6,105955.43
Midsouth,7/17/16,Conventional,1.26,2940448.51
Midsouth,7/17/16,Organic,1.59,118719.38
Midsouth,7/24/16,Conventional,1.32,2914817.51
Midsouth,7/24/16,Organic,1.75,103128.79
Midsouth,7/31/16,Conventional,1.35,2787002.19
Midsouth,7/31/16,Organic,1.56,113650.17
Midsouth,8/7/16,Conventional,1.3,2900751.48
Midsouth,8/7/16,Organic,1.49,134739.2
Midsouth,8/14/16,Conventional,1.29,2901786.65
Midsouth,8/14/16,Organic,1.62,112079.18
Midsouth,8/21/16,Conventional,1.27,2840526.38
Midsouth,8/21/16,Organic,1.65,122874.61
Midsouth,8/28/16,Conventional,1.3,2799097.68
Midsouth,8/28/16,Organic,1.51,121291.96
Midsouth,9/4/16,Conventional,1.2,3127950.4
Midsouth,9/4/16,Organic,1.52,139031.27
Midsouth,9/11/16,Conventional,1.18,3068639.36
Midsouth,9/11/16,Organic,1.5,140233.78
Midsouth,9/18/16,Conventional,1.28,2785256.41
Midsouth,9/18/16,Organic,1.74,108615.07
Midsouth,9/25/16,Conventional,1.37,2568161.45
Midsouth,9/25/16,Organic,1.74,107211.26
Midsouth,10/2/16,Conventional,1.38,2540672.44
Midsouth,10/2/16,Organic,1.86,89438.27
Midsouth,10/9/16,Conventional,1.39,2469381.94
Midsouth,10/9/16,Organic,1.34,136026.05
Midsouth,10/16/16,Conventional,1.4,2442981.97
Midsouth,10/16/16,Organic,1.49,111504.63
Midsouth,10/23/16,Conventional,1.47,2287507.52
Midsouth,10/23/16,Organic,1.37,125288.5
Midsouth,10/30/16,Conventional,1.48,2083054.88
Midsouth,10/30/16,Organic,1.78,97718.73
Midsouth,11/6/16,Conventional,1.54,2077507.41
Midsouth,11/6/16,Organic,1.48,134399.76
Midsouth,11/13/16,Conventional,1.52,2075282.76
Midsouth,11/13/16,Organic,1.53,106921.43
Midsouth,11/20/16,Conventional,1.48,1999044.43
Midsouth,11/20/16,Organic,1.46,113766.24
Midsouth,11/27/16,Conventional,1.4,1858065.15
Midsouth,11/27/16,Organic,1.7,86492.45
Midsouth,12/4/16,Conventional,1.2,2359837.16
Midsouth,12/4/16,Organic,1.59,83334.43
Midsouth,12/11/16,Conventional,1.15,2339977.39
Midsouth,12/11/16,Organic,1.46,86740.86
Midsouth,12/18/16,Conventional,1.16,2242221.26
Midsouth,12/18/16,Organic,1.46,77030.91
Midsouth,12/25/16,Conventional,1.23,2180512.1
Midsouth,12/25/16,Organic,1.68,72923.61
Midsouth,1/1/17,Conventional,1.12,2878967.54
Midsouth,1/1/17,Organic,1.72,72287.79
Midsouth,1/8/17,Conventional,1.11,3454819.97
Midsouth,1/8/17,Organic,1.61,90503.81
Midsouth,1/15/17,Conventional,1.23,3034320.24
Midsouth,1/15/17,Organic,1.67,88279.56
Midsouth,1/22/17,Conventional,1.17,3394184.15
Midsouth,1/22/17,Organic,1.49,96918.39
Midsouth,1/29/17,Conventional,1.22,3151000.47
Midsouth,1/29/17,Organic,1.54,95499.48
Midsouth,2/5/17,Conventional,0.95,4703681.01
Midsouth,2/5/17,Organic,1.49,101147.78
Midsouth,2/12/17,Conventional,1.07,3403723.66
Midsouth,2/12/17,Organic,1.21,129193.22
Midsouth,2/19/17,Conventional,1.19,2929351.67
Midsouth,2/19/17,Organic,1.14,148184.85
Midsouth,2/26/17,Conventional,1.2,3310530.37
Midsouth,2/26/17,Organic,1.12,139908.49
Midsouth,3/5/17,Conventional,1.14,3397985.84
Midsouth,3/5/17,Organic,1.02,156551.27
Midsouth,3/12/17,Conventional,1.33,3059010.05
Midsouth,3/12/17,Organic,1.35,121869.61
Midsouth,3/19/17,Conventional,1.35,2933076.38
Midsouth,3/19/17,Organic,1.59,97030.81
Midsouth,3/26/17,Conventional,1.33,3162600.85
Midsouth,3/26/17,Organic,1.41,139274.81
Midsouth,4/2/17,Conventional,1.3,3350938.53
Midsouth,4/2/17,Organic,1.67,129499.97
Midsouth,4/9/17,Conventional,1.39,2990138.08
Midsouth,4/9/17,Organic,1.5,137962.99
Midsouth,4/16/17,Conventional,1.43,2965083.46
Midsouth,4/16/17,Organic,1.68,132011.04
Midsouth,4/23/17,Conventional,1.4,3060395.83
Midsouth,4/23/17,Organic,2.03,107165.19
Midsouth,4/30/17,Conventional,1.38,3291328.16
Midsouth,4/30/17,Organic,1.96,117715.93
Midsouth,5/7/17,Conventional,1.19,4372728.72
Midsouth,5/7/17,Organic,1.96,111062.12
Midsouth,5/14/17,Conventional,1.31,3047596.25
Midsouth,5/14/17,Organic,1.76,133422.58
Midsouth,5/21/17,Conventional,1.34,3232304.82
Midsouth,5/21/17,Organic,1.9,116849.77
Midsouth,5/28/17,Conventional,1.38,3380161.63
Midsouth,5/28/17,Organic,1.91,129046.19
Midsouth,6/4/17,Conventional,1.43,3212276.31
Midsouth,6/4/17,Organic,1.85,127811.15
Midsouth,6/11/17,Conventional,1.34,3150788.24
Midsouth,6/11/17,Organic,1.61,150302.38
Midsouth,6/18/17,Conventional,1.34,3032871.22
Midsouth,6/18/17,Organic,1.73,127794.36
Midsouth,6/25/17,Conventional,1.27,3147519.14
Midsouth,6/25/17,Organic,1.75,125035.1
Midsouth,7/2/17,Conventional,1.26,3218961.84
Midsouth,7/2/17,Organic,1.78,120458.72
Midsouth,7/9/17,Conventional,1.29,3173372.45
Midsouth,7/9/17,Organic,1.88,109427.64
Midsouth,7/16/17,Conventional,1.34,2827404.11
Midsouth,7/16/17,Organic,1.69,140880.73
Midsouth,7/23/17,Conventional,1.34,2886538.37
Midsouth,7/23/17,Organic,1.57,176562.15
Midsouth,7/30/17,Conventional,1.34,2817091.62
Midsouth,7/30/17,Organic,1.68,143256.61
Midsouth,8/6/17,Conventional,1.34,2907563.95
Midsouth,8/6/17,Organic,1.88,147783.08
Midsouth,8/13/17,Conventional,1.37,2902604.84
Midsouth,8/13/17,Organic,1.85,129688.16
Midsouth,8/20/17,Conventional,1.41,2865414.36
Midsouth,8/20/17,Organic,2.02,138392
Midsouth,8/27/17,Conventional,1.5,2617107.98
Midsouth,8/27/17,Organic,2.17,141033.09
Midsouth,9/3/17,Conventional,1.54,2561783.52
Midsouth,9/3/17,Organic,2.13,167349.41
Midsouth,9/10/17,Conventional,1.56,2428140.05
Midsouth,9/10/17,Organic,2.03,168953.84
Midsouth,9/17/17,Conventional,1.55,2466838.85
Midsouth,9/17/17,Organic,1.93,158623.92
Midsouth,9/24/17,Conventional,1.6,2466210.08
Midsouth,9/24/17,Organic,1.91,176556.11
Midsouth,10/1/17,Conventional,1.64,2443800.39
Midsouth,10/1/17,Organic,1.99,149030.87
Midsouth,10/8/17,Conventional,1.72,2133166.39
Midsouth,10/8/17,Organic,1.87,176218.89
Midsouth,10/15/17,Conventional,1.63,2395914.69
Midsouth,10/15/17,Organic,1.84,174355
Midsouth,10/22/17,Conventional,1.56,2380544.44
Midsouth,10/22/17,Organic,1.8,168429.18
Midsouth,10/29/17,Conventional,1.41,2661899.8
Midsouth,10/29/17,Organic,1.8,156848.8
Midsouth,11/5/17,Conventional,1.28,2880937.37
Midsouth,11/5/17,Organic,1.85,137573.44
Midsouth,11/12/17,Conventional,1.33,2631186
Midsouth,11/12/17,Organic,1.82,131020.52
Midsouth,11/19/17,Conventional,1.3,2462798
Midsouth,11/19/17,Organic,1.82,108987.74
Midsouth,11/26/17,Conventional,1.33,2200251
Midsouth,11/26/17,Organic,1.75,117915.02
Midsouth,12/3/17,Conventional,1.18,3003104
Midsouth,12/3/17,Organic,1.66,131588.67
Midsouth,12/10/17,Conventional,1.07,3370521.81
Midsouth,12/10/17,Organic,1.61,140885.3
Midsouth,12/17/17,Conventional,1.23,2483817.57
Midsouth,12/17/17,Organic,1.66,129898.85
Midsouth,12/24/17,Conventional,1.26,2494315.29
Midsouth,12/24/17,Organic,1.67,131240.16
Midsouth,12/31/17,Conventional,0.96,3777193.46
Midsouth,12/31/17,Organic,1.6,152399.77
Midsouth,1/1/18,Conventional,0.96,3777193.46
Midsouth,1/1/18,Organic,1.6,152399.77
Midsouth,1/7/18,Conventional,1.2,3437632.8
Midsouth,1/7/18,Organic,1.22,283583.37
Midsouth,1/14/18,Conventional,1.28,3537243.04
Midsouth,1/14/18,Organic,1.48,218369.75
Midsouth,1/21/18,Conventional,1.13,4022549.75
Midsouth,1/21/18,Organic,1.68,152056.12
Midsouth,1/28/18,Conventional,1.19,3647362.37
Midsouth,1/28/18,Organic,1.62,162896.45
Midsouth,2/4/18,Conventional,0.96,5286412.87
Midsouth,2/4/18,Organic,1.69,158995.14
Midsouth,2/11/18,Conventional,1.1,3803512.06
Midsouth,2/11/18,Organic,1.6,157203.29
Midsouth,2/18/18,Conventional,1.25,3135330.32
Midsouth,2/18/18,Organic,1.62,167151.11
Midsouth,2/25/18,Conventional,1.24,3349766.24
Midsouth,2/25/18,Organic,1.61,179220.19
Midsouth,3/4/18,Conventional,1.2,3554252.13
Midsouth,3/4/18,Organic,1.61,170250.03
Midsouth,3/11/18,Conventional,1.15,3874143.18
Midsouth,3/11/18,Organic,1.53,185141.54
Midsouth,3/18/18,Conventional,1.03,4558888.55
Midsouth,3/18/18,Organic,1.52,179316.2
Midsouth,3/25/18,Conventional,1.14,3911075.35
Midsouth,3/25/18,Organic,1.55,181040.19
Midsouth,4/1/18,Conventional,1.2,3651322.1
Midsouth,4/1/18,Organic,1.61,179008.4
Midsouth,4/8/18,Conventional,1.12,3885361.48
Midsouth,4/8/18,Organic,1.49,215689.75
Midsouth,4/15/18,Conventional,1.13,4029669.49
Midsouth,4/15/18,Organic,1.53,215068.48
Midsouth,4/22/18,Conventional,1.23,3727718.68
Midsouth,4/22/18,Organic,1.57,216629.5
Midsouth,4/29/18,Conventional,1.12,4293974.11
Midsouth,4/29/18,Organic,1.59,193335.07
Midsouth,5/6/18,Conventional,0.91,6168571.61
Midsouth,5/6/18,Organic,1.55,211985
Midsouth,5/13/18,Conventional,1.07,4342441.31
Midsouth,5/13/18,Organic,1.55,209317.25
Midsouth,5/20/18,Conventional,1.13,4049413.9
Midsouth,5/20/18,Organic,1.52,215464.97
Midsouth,5/27/18,Conventional,1.16,4204402.97
Midsouth,5/27/18,Organic,1.57,211383.8
Midsouth,6/3/18,Conventional,1.23,3890137.58
Midsouth,6/3/18,Organic,1.57,214733.54
Midsouth,6/10/18,Conventional,1.13,4180737.97
Midsouth,6/10/18,Organic,1.57,208119.44
Midsouth,6/17/18,Conventional,1.19,4043773.22
Midsouth,6/17/18,Organic,1.54,211881.93
Midsouth,6/24/18,Conventional,1.19,3771841.21
Midsouth,6/24/18,Organic,1.53,213051.68
Midsouth,7/1/18,Conventional,1.19,3962203.01
Midsouth,7/1/18,Organic,1.57,203081.56
Midsouth,7/8/18,Conventional,1.14,4217323.25
Midsouth,7/8/18,Organic,1.69,164192.26
Midsouth,7/15/18,Conventional,1.14,3806707.14
Midsouth,7/15/18,Organic,1.68,183517.16
Midsouth,7/22/18,Conventional,1.19,3573497.39
Midsouth,7/22/18,Organic,1.68,183688.6
Midsouth,7/29/18,Conventional,1.21,3550499.15
Midsouth,7/29/18,Organic,1.73,171124.82
Midsouth,8/5/18,Conventional,1.26,3572340.18
Midsouth,8/5/18,Organic,1.78,162591.71
Midsouth,8/12/18,Conventional,1.08,4104881.73
Midsouth,8/12/18,Organic,1.73,141562.89
Midsouth,8/19/18,Conventional,1.16,3861028.2
Midsouth,8/19/18,Organic,1.8,137021.22
Midsouth,8/26/18,Conventional,1.24,3656116.48
Midsouth,8/26/18,Organic,1.83,140439.51
Midsouth,9/2/18,Conventional,1.24,3757402.11
Midsouth,9/2/18,Organic,1.8,160235.9
Midsouth,9/9/18,Conventional,1.26,3699685.4
Midsouth,9/9/18,Organic,1.85,158208.36
Midsouth,9/16/18,Conventional,1.27,3354321.7
Midsouth,9/16/18,Organic,1.77,147487.44
Midsouth,9/23/18,Conventional,1.25,3162726.02
Midsouth,9/23/18,Organic,1.78,151615.66
Midsouth,9/30/18,Conventional,1.2,3173186.6
Midsouth,9/30/18,Organic,1.74,175158.8
Midsouth,10/7/18,Conventional,1.22,3263065.4
Midsouth,10/7/18,Organic,1.75,167541.86
Midsouth,10/14/18,Conventional,1.19,3250992.61
Midsouth,10/14/18,Organic,1.55,190417.53
Midsouth,10/21/18,Conventional,1.17,3170061.34
Midsouth,10/21/18,Organic,1.42,199339
Midsouth,10/28/18,Conventional,1.06,3565979.13
Midsouth,10/28/18,Organic,1.39,182655.18
Midsouth,11/4/18,Conventional,1.08,3382044.3
Midsouth,11/4/18,Organic,1.41,170064.41
Midsouth,11/11/18,Conventional,1.1,3331031.3
Midsouth,11/11/18,Organic,1.51,173796.57
Midsouth,11/18/18,Conventional,1.2,2751544.23
Midsouth,11/18/18,Organic,1.64,165933.47
Midsouth,11/25/18,Conventional,1.24,2312768.62
Midsouth,11/25/18,Organic,1.66,121067.66
Midsouth,12/2/18,Conventional,1.24,2564668.8
Midsouth,12/2/18,Organic,1.51,172848.3
Northeast,1/4/15,Conventional,1.09,3759282.62
Northeast,1/4/15,Organic,1.88,48280.46
Northeast,1/11/15,Conventional,1.28,3056024.77
Northeast,1/11/15,Organic,1.86,50079.81
Northeast,1/18/15,Conventional,1.32,3066789.62
Northeast,1/18/15,Organic,1.94,35304.15
Northeast,1/25/15,Conventional,1.27,3238501.89
Northeast,1/25/15,Organic,1.92,40358.44
Northeast,2/1/15,Conventional,1.23,4298883.17
Northeast,2/1/15,Organic,1.78,63537.1
Northeast,2/8/15,Conventional,1.09,4457049.41
Northeast,2/8/15,Organic,1.85,65898.99
Northeast,2/15/15,Conventional,1.29,2983695.9
Northeast,2/15/15,Organic,1.84,57627.38
Northeast,2/22/15,Conventional,1.29,3042447.03
Northeast,2/22/15,Organic,1.9,56898.92
Northeast,3/1/15,Conventional,1.15,3780455.44
Northeast,3/1/15,Organic,1.85,56799.83
Northeast,3/8/15,Conventional,1.27,3250832.53
Northeast,3/8/15,Organic,1.79,60655.7
Northeast,3/15/15,Conventional,1.34,3135991.73
Northeast,3/15/15,Organic,1.83,43012.32
Northeast,3/22/15,Conventional,1.22,3520408.65
Northeast,3/22/15,Organic,1.92,44128.54
Northeast,3/29/15,Conventional,1.26,3497026.98
Northeast,3/29/15,Organic,1.95,46496.41
Northeast,4/5/15,Conventional,1.34,3467770.71
Northeast,4/5/15,Organic,1.91,52969.72
Northeast,4/12/15,Conventional,1.33,3203213.09
Northeast,4/12/15,Organic,1.81,69377.2
Northeast,4/19/15,Conventional,1.31,3786141.18
Northeast,4/19/15,Organic,1.94,60348.96
Northeast,4/26/15,Conventional,1.36,3646363.66
Northeast,4/26/15,Organic,1.96,53200.63
Northeast,5/3/15,Conventional,1.24,4597313.41
Northeast,5/3/15,Organic,1.89,67904.99
Northeast,5/10/15,Conventional,1.21,5498650.28
Northeast,5/10/15,Organic,1.9,68804.21
Northeast,5/17/15,Conventional,1.33,4094677.85
Northeast,5/17/15,Organic,1.92,68435.46
Northeast,5/24/15,Conventional,1.26,4661457.29
Northeast,5/24/15,Organic,1.97,63674.1
Northeast,5/31/15,Conventional,1.34,4329239.82
Northeast,5/31/15,Organic,1.89,63807.3
Northeast,6/7/15,Conventional,1.27,4721927.3
Northeast,6/7/15,Organic,2.02,57645.02
Northeast,6/14/15,Conventional,1.2,4561749.66
Northeast,6/14/15,Organic,1.93,65593.37
Northeast,6/21/15,Conventional,1.27,4508474
Northeast,6/21/15,Organic,2.12,48785.22
Northeast,6/28/15,Conventional,1.3,4100932.47
Northeast,6/28/15,Organic,1.93,56485.02
Northeast,7/5/15,Conventional,1.24,4855273.71
Northeast,7/5/15,Organic,2.09,45881.11
Northeast,7/12/15,Conventional,1.2,4454138.91
Northeast,7/12/15,Organic,2.01,40245.19
Northeast,7/19/15,Conventional,1.27,4169213.2
Northeast,7/19/15,Organic,2.07,47878.48
Northeast,7/26/15,Conventional,1.28,3757524.71
Northeast,7/26/15,Organic,1.94,45208.21
Northeast,8/2/15,Conventional,1.19,4154658.67
Northeast,8/2/15,Organic,2.02,51879.97
Northeast,8/9/15,Conventional,1.1,4786334.13
Northeast,8/9/15,Organic,1.89,59179.16
Northeast,8/16/15,Conventional,1.17,4221435.38
Northeast,8/16/15,Organic,2.11,47299.93
Northeast,8/23/15,Conventional,1.13,4146220.81
Northeast,8/23/15,Organic,1.99,54255.52
Northeast,8/30/15,Conventional,1.2,3825966.51
Northeast,8/30/15,Organic,2.01,50307.57
Northeast,9/6/15,Conventional,1.18,4088061.71
Northeast,9/6/15,Organic,1.86,64445.98
Northeast,9/13/15,Conventional,1.14,4205294.58
Northeast,9/13/15,Organic,1.97,49376.19
Northeast,9/20/15,Conventional,1.21,3334592
Northeast,9/20/15,Organic,1.93,47669.22
Northeast,9/27/15,Conventional,1.13,3739072.7
Northeast,9/27/15,Organic,2.12,41882.91
Northeast,10/4/15,Conventional,1.21,3585183.3
Northeast,10/4/15,Organic,1.82,53701.26
Northeast,10/11/15,Conventional,1.23,3307828.65
Northeast,10/11/15,Organic,1.69,55097.44
Northeast,10/18/15,Conventional,0.99,4866607.14
Northeast,10/18/15,Organic,1.7,51045.02
Northeast,10/25/15,Conventional,1.15,3306614.18
Northeast,10/25/15,Organic,1.69,56802.46
Northeast,11/1/15,Conventional,1.09,4801621.08
Northeast,11/1/15,Organic,1.74,48955.21
Northeast,11/8/15,Conventional,1.1,4205775.44
Northeast,11/8/15,Organic,1.63,54182.7
Northeast,11/15/15,Conventional,1.09,3538946.22
Northeast,11/15/15,Organic,1.58,52680.94
Northeast,11/22/15,Conventional,1.16,3026217.24
Northeast,11/22/15,Organic,1.63,55389.85
Northeast,11/29/15,Conventional,1.22,2593780.51
Northeast,11/29/15,Organic,1.59,48901.36
Northeast,12/6/15,Conventional,1.14,3218494.55
Northeast,12/6/15,Organic,1.53,67245.25
Northeast,12/13/15,Conventional,1.09,3696551.52
Northeast,12/13/15,Organic,1.8,76466.85
Northeast,12/20/15,Conventional,1.2,3190120.04
Northeast,12/20/15,Organic,1.77,73826.41
Northeast,12/27/15,Conventional,1.2,3156360.2
Northeast,12/27/15,Organic,1.7,75884.69
Northeast,1/3/16,Conventional,1.07,4524219.73
Northeast,1/3/16,Organic,1.54,79900.43
Northeast,1/10/16,Conventional,1.2,3890225.41
Northeast,1/10/16,Organic,1.52,99539.08
Northeast,1/17/16,Conventional,1.09,4891516.5
Northeast,1/17/16,Organic,1.67,76290.32
Northeast,1/24/16,Conventional,1.21,4412280.93
Northeast,1/24/16,Organic,1.82,89368.59
Northeast,1/31/16,Conventional,1.06,4650798.49
Northeast,1/31/16,Organic,1.73,87698.15
Northeast,2/7/16,Conventional,1.03,5919226.12
Northeast,2/7/16,Organic,1.9,96595.25
Northeast,2/14/16,Conventional,1.08,4959257.88
Northeast,2/14/16,Organic,1.95,83662.7
Northeast,2/21/16,Conventional,1.21,3948234.94
Northeast,2/21/16,Organic,1.77,87442.77
Northeast,2/28/16,Conventional,1.15,4481119.44
Northeast,2/28/16,Organic,1.8,109507.5
Northeast,3/6/16,Conventional,1.21,4226925.7
Northeast,3/6/16,Organic,1.79,113859.82
Northeast,3/13/16,Conventional,1.13,4713935.35
Northeast,3/13/16,Organic,1.75,103718.78
Northeast,3/20/16,Conventional,1.11,4834759.09
Northeast,3/20/16,Organic,1.75,104018.17
Northeast,3/27/16,Conventional,1.23,4239016.69
Northeast,3/27/16,Organic,1.85,114767.54
Northeast,4/3/16,Conventional,1.18,3872680.79
Northeast,4/3/16,Organic,1.88,124627.43
Northeast,4/10/16,Conventional,1.09,3756625.12
Northeast,4/10/16,Organic,1.88,114275.61
Northeast,4/17/16,Conventional,1.12,3849051.4
Northeast,4/17/16,Organic,1.84,119446.75
Northeast,4/24/16,Conventional,1.13,4815249.22
Northeast,4/24/16,Organic,1.9,151219.06
Northeast,5/1/16,Conventional,1.12,5247266.74
Northeast,5/1/16,Organic,1.94,151476.61
Northeast,5/8/16,Conventional,0.87,6899727.12
Northeast,5/8/16,Organic,1.78,123022.55
Northeast,5/15/16,Conventional,1.13,4999100.74
Northeast,5/15/16,Organic,1.79,112278.17
Northeast,5/22/16,Conventional,1.14,4609250.24
Northeast,5/22/16,Organic,1.81,134280.15
Northeast,5/29/16,Conventional,1.14,5141314.86
Northeast,5/29/16,Organic,1.87,111097.01
Northeast,6/5/16,Conventional,1.35,4570515.87
Northeast,6/5/16,Organic,1.79,102940.66
Northeast,6/12/16,Conventional,1.34,4599028.54
Northeast,6/12/16,Organic,1.71,93841.12
Northeast,6/19/16,Conventional,1.4,4506892.62
Northeast,6/19/16,Organic,1.9,116678.91
Northeast,6/26/16,Conventional,1.28,4840949.87
Northeast,6/26/16,Organic,1.91,115923.75
Northeast,7/3/16,Conventional,1.41,4486744.99
Northeast,7/3/16,Organic,1.86,152428.41
Northeast,7/10/16,Conventional,1.33,4487625.78
Northeast,7/10/16,Organic,1.99,131639.67
Northeast,7/17/16,Conventional,1.49,3736814.35
Northeast,7/17/16,Organic,2.07,149636.3
Northeast,7/24/16,Conventional,1.54,3834290.51
Northeast,7/24/16,Organic,1.89,88923.85
Northeast,7/31/16,Conventional,1.6,3813808.25
Northeast,7/31/16,Organic,1.87,73835.93
Northeast,8/7/16,Conventional,1.47,4024822.13
Northeast,8/7/16,Organic,1.88,87942.88
Northeast,8/14/16,Conventional,1.37,4195423.29
Northeast,8/14/16,Organic,1.85,76276.8
Northeast,8/21/16,Conventional,1.4,4127080.33
Northeast,8/21/16,Organic,1.75,106119.98
Northeast,8/28/16,Conventional,1.4,4309301.79
Northeast,8/28/16,Organic,1.84,71636.65
Northeast,9/4/16,Conventional,1.4,4019648.55
Northeast,9/4/16,Organic,1.92,128284.46
Northeast,9/11/16,Conventional,1.28,4456957.62
Northeast,9/11/16,Organic,1.95,165386.89
Northeast,9/18/16,Conventional,1.45,3442454.03
Northeast,9/18/16,Organic,2.04,137076.37
Northeast,9/25/16,Conventional,1.53,3458790.86
Northeast,9/25/16,Organic,1.96,111261.71
Northeast,10/2/16,Conventional,1.59,3257752.57
Northeast,10/2/16,Organic,1.99,100529.39
Northeast,10/9/16,Conventional,1.54,3350949.74
Northeast,10/9/16,Organic,1.91,87711.53
Northeast,10/16/16,Conventional,1.65,3107049.25
Northeast,10/16/16,Organic,1.86,73430.26
Northeast,10/23/16,Conventional,1.67,2916578.9
Northeast,10/23/16,Organic,1.7,57081.84
Northeast,10/30/16,Conventional,1.72,2364424.49
Northeast,10/30/16,Organic,1.96,72130.37
Northeast,11/6/16,Conventional,1.71,2507401.04
Northeast,11/6/16,Organic,2.07,89099.08
Northeast,11/13/16,Conventional,1.67,2706838.44
Northeast,11/13/16,Organic,2.13,82987.85
Northeast,11/20/16,Conventional,1.51,3206946.52
Northeast,11/20/16,Organic,1.93,119375.15
Northeast,11/27/16,Conventional,1.51,2701518.48
Northeast,11/27/16,Organic,2.13,85024.33
Northeast,12/4/16,Conventional,1.4,3222663.98
Northeast,12/4/16,Organic,2,117562.6
Northeast,12/11/16,Conventional,1.32,3381321.05
Northeast,12/11/16,Organic,2.01,106002.64
Northeast,12/18/16,Conventional,1.22,3686005.68
Northeast,12/18/16,Organic,1.94,113583.14
Northeast,12/25/16,Conventional,1.36,3216470.61
Northeast,12/25/16,Organic,2,109788.24
Northeast,1/1/17,Conventional,1.35,3513388.32
Northeast,1/1/17,Organic,2,115256.09
Northeast,1/8/17,Conventional,1.25,4691937.5
Northeast,1/8/17,Organic,1.99,132079.47
Northeast,1/15/17,Conventional,1.36,4250958.55
Northeast,1/15/17,Organic,1.94,134840.81
Northeast,1/22/17,Conventional,1.39,5007356.22
Northeast,1/22/17,Organic,1.93,135079.52
Northeast,1/29/17,Conventional,1.39,4155042.11
Northeast,1/29/17,Organic,1.93,132820.76
Northeast,2/5/17,Conventional,1.23,6724196.61
Northeast,2/5/17,Organic,1.81,160843.63
Northeast,2/12/17,Conventional,1.19,5367769.78
Northeast,2/12/17,Organic,1.91,153268.97
Northeast,2/19/17,Conventional,1.36,3526205.21
Northeast,2/19/17,Organic,1.43,592952.35
Northeast,2/26/17,Conventional,1.43,3980574.14
Northeast,2/26/17,Organic,1.82,182655.98
Northeast,3/5/17,Conventional,1.34,4468555.34
Northeast,3/5/17,Organic,1.8,225597.13
Northeast,3/12/17,Conventional,1.6,3779295.69
Northeast,3/12/17,Organic,2.18,186709.79
Northeast,3/19/17,Conventional,1.59,3768359.35
Northeast,3/19/17,Organic,1.88,276084.84
Northeast,3/26/17,Conventional,1.54,3977196.18
Northeast,3/26/17,Organic,2.1,191466.91
Northeast,4/2/17,Conventional,1.62,3988654.48
Northeast,4/2/17,Organic,1.89,256548.81
Northeast,4/9/17,Conventional,1.6,4313430.98
Northeast,4/9/17,Organic,2.12,171036.27
Northeast,4/16/17,Conventional,1.65,4043204.76
Northeast,4/16/17,Organic,1.91,265298.41
Northeast,4/23/17,Conventional,1.59,3846196.3
Northeast,4/23/17,Organic,2.09,180814.14
Northeast,4/30/17,Conventional,1.6,4289149.75
Northeast,4/30/17,Organic,1.91,278038.48
Northeast,5/7/17,Conventional,1.53,5262336.16
Northeast,5/7/17,Organic,2.16,205224.24
Northeast,5/14/17,Conventional,1.67,4163120.72
Northeast,5/14/17,Organic,2.09,202280.64
Northeast,5/21/17,Conventional,1.66,4110305.09
Northeast,5/21/17,Organic,2.15,186553.95
Northeast,5/28/17,Conventional,1.71,4529672.68
Northeast,5/28/17,Organic,2.18,194487.92
Northeast,6/4/17,Conventional,1.74,4096560.83
Northeast,6/4/17,Organic,2,251838.53
Northeast,6/11/17,Conventional,1.68,4060850.93
Northeast,6/11/17,Organic,2.26,191985.27
Northeast,6/18/17,Conventional,1.68,3945270.4
Northeast,6/18/17,Organic,1.98,307563.37
Northeast,6/25/17,Conventional,1.54,4121661.3
Northeast,6/25/17,Organic,2.26,181964.19
Northeast,7/2/17,Conventional,1.63,4035234.26
Northeast,7/2/17,Organic,2.29,170194.95
Northeast,7/9/17,Conventional,1.58,4406341.73
Northeast,7/9/17,Organic,2.31,160288.02
Northeast,7/16/17,Conventional,1.5,4180237.98
Northeast,7/16/17,Organic,1.66,240537.76
Northeast,7/23/17,Conventional,1.46,4222039.27
Northeast,7/23/17,Organic,1.63,272856.18
Northeast,7/30/17,Conventional,1.49,4018833.97
Northeast,7/30/17,Organic,1.74,214612.36
Northeast,8/6/17,Conventional,1.52,4132666.26
Northeast,8/6/17,Organic,1.74,216000.77
Northeast,8/13/17,Conventional,1.49,4323440.02
Northeast,8/13/17,Organic,1.85,200716.07
Northeast,8/20/17,Conventional,1.68,3417507.87
Northeast,8/20/17,Organic,1.79,251156.79
Northeast,8/27/17,Conventional,1.7,3374546.02
Northeast,8/27/17,Organic,1.89,215129.8
Northeast,9/3/17,Conventional,1.75,3330799.31
Northeast,9/3/17,Organic,1.92,223548.33
Northeast,9/10/17,Conventional,1.61,3536857.97
Northeast,9/10/17,Organic,1.85,244428.88
Northeast,9/17/17,Conventional,1.54,3350043.59
Northeast,9/17/17,Organic,1.74,238274.56
Northeast,9/24/17,Conventional,1.59,3424954.07
Northeast,9/24/17,Organic,1.68,255258.55
Northeast,10/1/17,Conventional,1.61,3438536.39
Northeast,10/1/17,Organic,1.7,236097.14
Northeast,10/8/17,Conventional,1.63,3065336.1
Northeast,10/8/17,Organic,1.64,275572
Northeast,10/15/17,Conventional,1.62,3251117.56
Northeast,10/15/17,Organic,1.7,269123.79
Northeast,10/22/17,Conventional,1.51,3380058.07
Northeast,10/22/17,Organic,1.68,264208.2
Northeast,10/29/17,Conventional,1.52,3430235.17
Northeast,10/29/17,Organic,1.76,264941.06
Northeast,11/5/17,Conventional,1.45,3492828.1
Northeast,11/5/17,Organic,1.82,239371.8
Northeast,11/12/17,Conventional,1.35,3925104
Northeast,11/12/17,Organic,1.81,231677.48
Northeast,11/19/17,Conventional,1.37,3680754
Northeast,11/19/17,Organic,1.84,204565.99
Northeast,11/26/17,Conventional,1.37,3269460
Northeast,11/26/17,Organic,1.77,190028.7
Northeast,12/3/17,Conventional,1.32,4030251
Northeast,12/3/17,Organic,1.67,247242.48
Northeast,12/10/17,Conventional,1.17,5543004.84
Northeast,12/10/17,Organic,1.6,251595.19
Northeast,12/17/17,Conventional,1.35,3504253.8
Northeast,12/17/17,Organic,1.66,222261.39
Northeast,12/24/17,Conventional,1.37,3489057.04
Northeast,12/24/17,Organic,1.67,237711.39
Northeast,12/31/17,Conventional,1.31,3652549.7
Northeast,12/31/17,Organic,1.66,229313.64
Northeast,1/1/18,Conventional,1.31,3652549.7
Northeast,1/1/18,Organic,1.66,229313.64
Northeast,1/7/18,Conventional,1.43,4230002.92
Northeast,1/7/18,Organic,1.75,264448.77
Northeast,1/14/18,Conventional,1.49,4073408.38
Northeast,1/14/18,Organic,1.67,272690.13
Northeast,1/21/18,Conventional,1.25,6137752.61
Northeast,1/21/18,Organic,1.75,215742.94
Northeast,1/28/18,Conventional,1.23,5680957.63
Northeast,1/28/18,Organic,1.56,319174.35
Northeast,2/4/18,Conventional,1.22,7508650.27
Northeast,2/4/18,Organic,1.66,273309.58
Northeast,2/11/18,Conventional,1.24,5694136.21
Northeast,2/11/18,Organic,1.69,233976.66
Northeast,2/18/18,Conventional,1.31,4112725.9
Northeast,2/18/18,Organic,1.39,793464.77
Northeast,2/25/18,Conventional,1.3,4525386.69
Northeast,2/25/18,Organic,1.63,303577.39
Northeast,3/4/18,Conventional,1.22,5318554.52
Northeast,3/4/18,Organic,1.65,313200.35
Northeast,3/11/18,Conventional,1.27,5214137.33
Northeast,3/11/18,Organic,1.76,288008.65
Northeast,3/18/18,Conventional,1.34,4621126.31
Northeast,3/18/18,Organic,1.64,419607.75
Northeast,3/25/18,Conventional,1.35,5134637.05
Northeast,3/25/18,Organic,1.58,374859.68
Northeast,4/1/18,Conventional,1.3,5168451.96
Northeast,4/1/18,Organic,1.59,366391.42
Northeast,4/8/18,Conventional,1.26,5139190.29
Northeast,4/8/18,Organic,1.62,302581.25
Northeast,4/15/18,Conventional,1.23,7088324.71
Northeast,4/15/18,Organic,1.57,319905.51
Northeast,4/22/18,Conventional,1.26,5421793.15
Northeast,4/22/18,Organic,1.54,390475.98
Northeast,4/29/18,Conventional,1.1,6678816.69
Northeast,4/29/18,Organic,1.6,335452.84
Northeast,5/6/18,Conventional,1.12,8836406.22
Northeast,5/6/18,Organic,1.55,321411.78
Northeast,5/13/18,Conventional,1.13,6694854.89
Northeast,5/13/18,Organic,1.52,395603.64
Northeast,5/20/18,Conventional,1.25,5601182.31
Northeast,5/20/18,Organic,1.56,328951.01
Northeast,5/27/18,Conventional,1.14,7156855.33
Northeast,5/27/18,Organic,1.53,317412.83
Northeast,6/3/18,Conventional,1.24,6076276.2
Northeast,6/3/18,Organic,1.61,362681.84
Northeast,6/10/18,Conventional,1.1,7281658.42
Northeast,6/10/18,Organic,1.65,253502.71
Northeast,6/17/18,Conventional,1.2,6563643.54
Northeast,6/17/18,Organic,1.6,400174.36
Northeast,6/24/18,Conventional,1.19,6292669.15
Northeast,6/24/18,Organic,1.63,272360.05
Northeast,7/1/18,Conventional,1.22,6193875.15
Northeast,7/1/18,Organic,1.68,256976.27
Northeast,7/8/18,Conventional,1.22,6552745.25
Northeast,7/8/18,Organic,1.74,247609.78
Northeast,7/15/18,Conventional,1.2,5921732.45
Northeast,7/15/18,Organic,1.64,327208.57
Northeast,7/22/18,Conventional,1.19,5610920.04
Northeast,7/22/18,Organic,1.68,265993.43
Northeast,7/29/18,Conventional,1.16,5960038.17
Northeast,7/29/18,Organic,1.62,276945.37
Northeast,8/5/18,Conventional,1.21,5521996.85
Northeast,8/5/18,Organic,1.75,250104.35
Northeast,8/12/18,Conventional,1.19,5875181.63
Northeast,8/12/18,Organic,1.66,255921.09
Northeast,8/19/18,Conventional,1.29,5019858.95
Northeast,8/19/18,Organic,1.73,270096.35
Northeast,8/26/18,Conventional,1.29,5201734.21
Northeast,8/26/18,Organic,1.64,275852.93
Northeast,9/2/18,Conventional,1.38,4848734.6
Northeast,9/2/18,Organic,1.72,289972.43
Northeast,9/9/18,Conventional,1.37,5359177.12
Northeast,9/9/18,Organic,1.71,289605.21
Northeast,9/16/18,Conventional,1.36,4368726
Northeast,9/16/18,Organic,1.72,250871.92
Northeast,9/23/18,Conventional,1.31,4455132.05
Northeast,9/23/18,Organic,1.69,270381.87
Northeast,9/30/18,Conventional,1.34,4593664.58
Northeast,9/30/18,Organic,1.7,257904.11
Northeast,10/7/18,Conventional,1.32,4471767.51
Northeast,10/7/18,Organic,1.58,280087.75
Northeast,10/14/18,Conventional,1.32,4476416.64
Northeast,10/14/18,Organic,1.49,319366.39
Northeast,10/21/18,Conventional,1.29,4524469.31
Northeast,10/21/18,Organic,1.49,282191.91
Northeast,10/28/18,Conventional,1.31,4976162.62
Northeast,10/28/18,Organic,1.53,259044.89
Northeast,11/4/18,Conventional,1.27,4504201.72
Northeast,11/4/18,Organic,1.56,248929.49
Northeast,11/11/18,Conventional,1.3,4611369.31
Northeast,11/11/18,Organic,1.55,245444.79
Northeast,11/18/18,Conventional,1.34,4112265.79
Northeast,11/18/18,Organic,1.42,383190.85
Northeast,11/25/18,Conventional,1.42,2930050.04
Northeast,11/25/18,Organic,1.74,223533.08
Northeast,12/2/18,Conventional,1.5,3036077.24
Northeast,12/2/18,Organic,1.52,231216.75
Northern_New_England,1/4/15,Conventional,1.05,321823.77
Northern_New_England,1/4/15,Organic,1.83,7301.3
Northern_New_England,1/11/15,Conventional,1.06,314717.03
Northern_New_England,1/11/15,Organic,1.88,6485.3
Northern_New_England,1/18/15,Conventional,1.12,309202.71
Northern_New_England,1/18/15,Organic,1.88,7618.91
Northern_New_England,1/25/15,Conventional,1.06,290611.31
Northern_New_England,1/25/15,Organic,1.9,6757.39
Northern_New_England,2/1/15,Conventional,1.06,412752.74
Northern_New_England,2/1/15,Organic,1.89,6551.44
Northern_New_England,2/8/15,Conventional,1.03,363935.24
Northern_New_England,2/8/15,Organic,1.88,7856.82
Northern_New_England,2/15/15,Conventional,1.11,288514.78
Northern_New_England,2/15/15,Organic,1.87,7199.17
Northern_New_England,2/22/15,Conventional,1.13,264118.86
Northern_New_England,2/22/15,Organic,1.82,6267.8
Northern_New_England,3/1/15,Conventional,1.05,355677.99
Northern_New_England,3/1/15,Organic,1.82,6940.73
Northern_New_England,3/8/15,Conventional,1.09,287963.73
Northern_New_England,3/8/15,Organic,1.87,6756.78
Northern_New_England,3/15/15,Conventional,1.15,301852.8
Northern_New_England,3/15/15,Organic,1.9,5599.89
Northern_New_England,3/22/15,Conventional,1.19,282155.05
Northern_New_England,3/22/15,Organic,1.88,8083.91
Northern_New_England,3/29/15,Conventional,1.07,412639.2
Northern_New_England,3/29/15,Organic,1.9,6433.37
Northern_New_England,4/5/15,Conventional,1.19,309143.83
Northern_New_England,4/5/15,Organic,1.88,8444.82
Northern_New_England,4/12/15,Conventional,1.16,306250.63
Northern_New_England,4/12/15,Organic,1.87,7094.98
Northern_New_England,4/19/15,Conventional,1.13,346561.62
Northern_New_England,4/19/15,Organic,1.88,7468.8
Northern_New_England,4/26/15,Conventional,1.24,311879.23
Northern_New_England,4/26/15,Organic,1.88,7583.31
Northern_New_England,5/3/15,Conventional,1.16,366987.36
Northern_New_England,5/3/15,Organic,1.92,7982.59
Northern_New_England,5/10/15,Conventional,1.05,578436.76
Northern_New_England,5/10/15,Organic,1.91,7575.34
Northern_New_England,5/17/15,Conventional,1.15,422484.37
Northern_New_England,5/17/15,Organic,1.88,8208.44
Northern_New_England,5/24/15,Conventional,1.04,512172.44
Northern_New_England,5/24/15,Organic,1.88,7515.96
Northern_New_England,5/31/15,Conventional,1.2,413699.46
Northern_New_England,5/31/15,Organic,1.91,8889.38
Northern_New_England,6/7/15,Conventional,1.17,427216.77
Northern_New_England,6/7/15,Organic,1.92,8091.22
Northern_New_England,6/14/15,Conventional,1.04,537725.07
Northern_New_England,6/14/15,Organic,1.94,8633.7
Northern_New_England,6/21/15,Conventional,1.18,425885.58
Northern_New_England,6/21/15,Organic,1.93,8028.95
Northern_New_England,6/28/15,Conventional,1.14,452801.32
Northern_New_England,6/28/15,Organic,1.95,8515.11
Northern_New_England,7/5/15,Conventional,1.15,536642.98
Northern_New_England,7/5/15,Organic,1.95,10419.6
Northern_New_England,7/12/15,Conventional,1.1,509215.2
Northern_New_England,7/12/15,Organic,1.95,8821.58
Northern_New_England,7/19/15,Conventional,1.03,594451.88
Northern_New_England,7/19/15,Organic,1.96,8067.82
Northern_New_England,7/26/15,Conventional,1.25,402791.86
Northern_New_England,7/26/15,Organic,1.95,7510.46
Northern_New_England,8/2/15,Conventional,1.25,417082.92
Northern_New_England,8/2/15,Organic,1.96,9346.73
Northern_New_England,8/9/15,Conventional,1.03,579226.47
Northern_New_England,8/9/15,Organic,1.92,8552.32
Northern_New_England,8/16/15,Conventional,1.23,372516
Northern_New_England,8/16/15,Organic,1.93,8259.26
Northern_New_England,8/23/15,Conventional,1.18,400101.77
Northern_New_England,8/23/15,Organic,1.91,9116.19
Northern_New_England,8/30/15,Conventional,1.13,395127.18
Northern_New_England,8/30/15,Organic,1.92,8005.96
Northern_New_England,9/6/15,Conventional,1.01,508207.79
Northern_New_England,9/6/15,Organic,1.95,6936.51
Northern_New_England,9/13/15,Conventional,1.09,356105.25
Northern_New_England,9/13/15,Organic,1.93,7465.69
Northern_New_England,9/20/15,Conventional,1.17,322729.94
Northern_New_England,9/20/15,Organic,1.96,6799.27
Northern_New_England,9/27/15,Conventional,0.98,458602.59
Northern_New_England,9/27/15,Organic,1.93,5374.57
Northern_New_England,10/4/15,Conventional,1.12,298222.53
Northern_New_England,10/4/15,Organic,1.62,9011.35
Northern_New_England,10/11/15,Conventional,1.19,278472.66
Northern_New_England,10/11/15,Organic,1.61,8749.6
Northern_New_England,10/18/15,Conventional,1,402466.4
Northern_New_England,10/18/15,Organic,1.63,7919.94
Northern_New_England,10/25/15,Conventional,1.08,313881.26
Northern_New_England,10/25/15,Organic,1.61,7858.07
Northern_New_England,11/1/15,Conventional,1.07,350260.55
Northern_New_England,11/1/15,Organic,1.62,8260.25
Northern_New_England,11/8/15,Conventional,0.96,489339.78
Northern_New_England,11/8/15,Organic,1.58,8340.73
Northern_New_England,11/15/15,Conventional,1.07,287015.98
Northern_New_England,11/15/15,Organic,1.57,9930.12
Northern_New_England,11/22/15,Conventional,1.08,274209.2
Northern_New_England,11/22/15,Organic,1.66,9580.4
Northern_New_England,11/29/15,Conventional,1.25,219689.9
Northern_New_England,11/29/15,Organic,1.63,8205.88
Northern_New_England,12/6/15,Conventional,1.11,303058.29
Northern_New_England,12/6/15,Organic,1.61,9278.66
Northern_New_England,12/13/15,Conventional,0.95,407482.83
Northern_New_England,12/13/15,Organic,1.62,8029.92
Northern_New_England,12/20/15,Conventional,1.17,284808.22
Northern_New_England,12/20/15,Organic,1.65,9262.66
Northern_New_England,12/27/15,Conventional,1.21,304598.42
Northern_New_England,12/27/15,Organic,1.65,8119.93
Northern_New_England,1/3/16,Conventional,0.96,553828.14
Northern_New_England,1/3/16,Organic,1.63,8936.72
Northern_New_England,1/10/16,Conventional,1.24,343406.89
Northern_New_England,1/10/16,Organic,1.66,10525.16
Northern_New_England,1/17/16,Conventional,1.08,447078.92
Northern_New_England,1/17/16,Organic,1.55,10459.56
Northern_New_England,1/24/16,Conventional,1.07,453559.54
Northern_New_England,1/24/16,Organic,1.67,11214.42
Northern_New_England,1/31/16,Conventional,1.07,419786.19
Northern_New_England,1/31/16,Organic,1.65,9140.79
Northern_New_England,2/7/16,Conventional,0.97,605846.78
Northern_New_England,2/7/16,Organic,1.67,9790.85
Northern_New_England,2/14/16,Conventional,0.99,456439.67
Northern_New_England,2/14/16,Organic,1.66,10158.92
Northern_New_England,2/21/16,Conventional,1.16,380427.08
Northern_New_England,2/21/16,Organic,1.64,9227.72
Northern_New_England,2/28/16,Conventional,1.1,387149.69
Northern_New_England,2/28/16,Organic,1.64,9920.46
Northern_New_England,3/6/16,Conventional,1.08,405931.49
Northern_New_England,3/6/16,Organic,1.68,10184.27
Northern_New_England,3/13/16,Conventional,1.01,476634.67
Northern_New_England,3/13/16,Organic,1.63,10985.53
Northern_New_England,3/20/16,Conventional,1.14,414604.35
Northern_New_England,3/20/16,Organic,1.67,11336.93
Northern_New_England,3/27/16,Conventional,1.13,423257.57
Northern_New_England,3/27/16,Organic,1.61,12855.46
Northern_New_England,4/3/16,Conventional,0.99,486716.71
Northern_New_England,4/3/16,Organic,1.61,8175.69
Northern_New_England,4/10/16,Conventional,1.04,409227.87
Northern_New_England,4/10/16,Organic,1.5,13624.67
Northern_New_England,4/17/16,Conventional,1.12,399074.14
Northern_New_England,4/17/16,Organic,1.6,12342.22
Northern_New_England,4/24/16,Conventional,1.07,431615.62
Northern_New_England,4/24/16,Organic,1.69,13226.51
Northern_New_England,5/1/16,Conventional,1.02,628512.14
Northern_New_England,5/1/16,Organic,1.62,11626.48
Northern_New_England,5/8/16,Conventional,0.97,546838.34
Northern_New_England,5/8/16,Organic,1.63,11801.47
Northern_New_England,5/15/16,Conventional,1.07,443517.22
Northern_New_England,5/15/16,Organic,1.22,5778.15
Northern_New_England,5/22/16,Conventional,1.02,433251.71
Northern_New_England,5/22/16,Organic,1.26,7645.75
Northern_New_England,5/29/16,Conventional,1.1,499944.01
Northern_New_England,5/29/16,Organic,1.19,4901.16
Northern_New_England,6/5/16,Conventional,1.18,471356.84
Northern_New_England,6/5/16,Organic,1.04,5130.06
Northern_New_England,6/12/16,Conventional,1.19,472020.49
Northern_New_England,6/12/16,Organic,0.99,4574.17
Northern_New_England,6/19/16,Conventional,1.26,485945.76
Northern_New_England,6/19/16,Organic,1.42,10848.56
Northern_New_England,6/26/16,Conventional,1.28,497816.81
Northern_New_England,6/26/16,Organic,1.46,12472.06
Northern_New_England,7/3/16,Conventional,1.29,525917.26
Northern_New_England,7/3/16,Organic,1.33,29132.17
Northern_New_England,7/10/16,Conventional,1.06,569327.81
Northern_New_England,7/10/16,Organic,1.45,14482.73
Northern_New_England,7/17/16,Conventional,1.37,412386.17
Northern_New_England,7/17/16,Organic,1.47,12521.46
Northern_New_England,7/24/16,Conventional,1.36,463062.51
Northern_New_England,7/24/16,Organic,1.13,5882.29
Northern_New_England,7/31/16,Conventional,1.49,435129.36
Northern_New_England,7/31/16,Organic,1.1,4845.69
Northern_New_England,8/7/16,Conventional,1.41,457429.1
Northern_New_England,8/7/16,Organic,1.28,5685.2
Northern_New_England,8/14/16,Conventional,1.21,463651.71
Northern_New_England,8/14/16,Organic,1.4,8519.17
Northern_New_England,8/21/16,Conventional,1.34,413497.16
Northern_New_England,8/21/16,Organic,1.43,11826.44
Northern_New_England,8/28/16,Conventional,1.08,573338.65
Northern_New_England,8/28/16,Organic,1.51,8866.2
Northern_New_England,9/4/16,Conventional,1.38,374902.91
Northern_New_England,9/4/16,Organic,1.58,13039.44
Northern_New_England,9/11/16,Conventional,1.44,343314.74
Northern_New_England,9/11/16,Organic,1.65,17561.31
Northern_New_England,9/18/16,Conventional,1.48,316980.64
Northern_New_England,9/18/16,Organic,1.66,11836.41
Northern_New_England,9/25/16,Conventional,1.58,315399.04
Northern_New_England,9/25/16,Organic,1.51,14401.06
Northern_New_England,10/2/16,Conventional,1.52,291185.37
Northern_New_England,10/2/16,Organic,1.58,12400.93
Northern_New_England,10/9/16,Conventional,1.4,305506.51
Northern_New_England,10/9/16,Organic,1.56,10289.97
Northern_New_England,10/16/16,Conventional,1.47,290884.89
Northern_New_England,10/16/16,Organic,1.49,8965.14
Northern_New_England,10/23/16,Conventional,1.48,291385.56
Northern_New_England,10/23/16,Organic,1.75,11324.45
Northern_New_England,10/30/16,Conventional,1.52,255455.34
Northern_New_England,10/30/16,Organic,1.65,7404.92
Northern_New_England,11/6/16,Conventional,1.47,242666.87
Northern_New_England,11/6/16,Organic,1.84,12574.7
Northern_New_England,11/13/16,Conventional,1.48,268388.51
Northern_New_England,11/13/16,Organic,1.79,10725.45
Northern_New_England,11/20/16,Conventional,1.39,315783.24
Northern_New_England,11/20/16,Organic,1.81,9539.41
Northern_New_England,11/27/16,Conventional,1.41,262748.42
Northern_New_England,11/27/16,Organic,1.84,8724.65
Northern_New_England,12/4/16,Conventional,1.12,440990.34
Northern_New_England,12/4/16,Organic,1.96,8741.54
Northern_New_England,12/11/16,Conventional,1.29,310425.3
Northern_New_England,12/11/16,Organic,1.85,10526.21
Northern_New_England,12/18/16,Conventional,1.19,357508.29
Northern_New_England,12/18/16,Organic,1.95,7450.03
Northern_New_England,12/25/16,Conventional,1.24,325634.21
Northern_New_England,12/25/16,Organic,1.9,10968.74
Northern_New_England,1/1/17,Conventional,1.11,476239.03
Northern_New_England,1/1/17,Organic,1.91,9214.09
Northern_New_England,1/8/17,Conventional,1.19,425000.71
Northern_New_England,1/8/17,Organic,1.86,12777.93
Northern_New_England,1/15/17,Conventional,1.25,421262.96
Northern_New_England,1/15/17,Organic,1.77,10857.24
Northern_New_England,1/22/17,Conventional,1.17,502345.31
Northern_New_England,1/22/17,Organic,1.89,13492.85
Northern_New_England,1/29/17,Conventional,1.21,423387.02
Northern_New_England,1/29/17,Organic,1.84,12789.12
Northern_New_England,2/5/17,Conventional,1.13,701706
Northern_New_England,2/5/17,Organic,1.6,10860.38
Northern_New_England,2/12/17,Conventional,1.13,501364.8
Northern_New_England,2/12/17,Organic,1.8,13474.78
Northern_New_England,2/19/17,Conventional,1.37,375322.2
Northern_New_England,2/19/17,Organic,1.88,11527.69
Northern_New_England,2/26/17,Conventional,1.25,434201.49
Northern_New_England,2/26/17,Organic,1.85,12277.49
Northern_New_England,3/5/17,Conventional,1.38,384828.85
Northern_New_England,3/5/17,Organic,1.66,15016.27
Northern_New_England,3/12/17,Conventional,1.41,397861.17
Northern_New_England,3/12/17,Organic,1.87,14773.91
Northern_New_England,3/19/17,Conventional,1.43,380612.68
Northern_New_England,3/19/17,Organic,1.86,16064.02
Northern_New_England,3/26/17,Conventional,1.38,416769.78
Northern_New_England,3/26/17,Organic,1.85,14479.04
Northern_New_England,4/2/17,Conventional,1.45,422201.67
Northern_New_England,4/2/17,Organic,1.82,13640.21
Northern_New_England,4/9/17,Conventional,1.33,515775.3
Northern_New_England,4/9/17,Organic,1.75,12052.63
Northern_New_England,4/16/17,Conventional,1.46,417480.41
Northern_New_England,4/16/17,Organic,1.82,15495.62
Northern_New_England,4/23/17,Conventional,1.38,404739.65
Northern_New_England,4/23/17,Organic,1.68,13175
Northern_New_England,4/30/17,Conventional,1.39,407790.12
Northern_New_England,4/30/17,Organic,1.62,14208.82
Northern_New_England,5/7/17,Conventional,1.23,544200.61
Northern_New_England,5/7/17,Organic,1.57,13580.31
Northern_New_England,5/14/17,Conventional,1.53,391189.88
Northern_New_England,5/14/17,Organic,1.4,26964.27
Northern_New_England,5/21/17,Conventional,1.54,393289.53
Northern_New_England,5/21/17,Organic,1.59,20571.46
Northern_New_England,5/28/17,Conventional,1.66,445049.68
Northern_New_England,5/28/17,Organic,1.67,18289.39
Northern_New_England,6/4/17,Conventional,1.66,401637.7
Northern_New_England,6/4/17,Organic,1.48,25490.92
Northern_New_England,6/11/17,Conventional,1.62,406486.08
Northern_New_England,6/11/17,Organic,1.83,15591.67
Northern_New_England,6/18/17,Conventional,1.52,420089.07
Northern_New_England,6/18/17,Organic,1.92,20003.65
Northern_New_England,6/25/17,Conventional,1.62,359321.55
Northern_New_England,6/25/17,Organic,1.93,21227.79
Northern_New_England,7/2/17,Conventional,1.57,432564.12
Northern_New_England,7/2/17,Organic,1.91,16665.54
Northern_New_England,7/9/17,Conventional,1.48,486214.04
Northern_New_England,7/9/17,Organic,1.85,13592.4
Northern_New_England,7/16/17,Conventional,1.39,490940.46
Northern_New_England,7/16/17,Organic,1.66,20254.68
Northern_New_England,7/23/17,Conventional,1.38,464876.48
Northern_New_England,7/23/17,Organic,1.59,20654.13
Northern_New_England,7/30/17,Conventional,1.55,412937.73
Northern_New_England,7/30/17,Organic,1.68,18527.51
Northern_New_England,8/6/17,Conventional,1.59,462412.85
Northern_New_England,8/6/17,Organic,1.68,16939.38
Northern_New_England,8/13/17,Conventional,1.24,554390.58
Northern_New_England,8/13/17,Organic,1.69,13218.86
Northern_New_England,8/20/17,Conventional,1.82,322962.89
Northern_New_England,8/20/17,Organic,1.68,17812.78
Northern_New_England,8/27/17,Conventional,1.83,277558.13
Northern_New_England,8/27/17,Organic,1.69,18480.95
Northern_New_England,9/3/17,Conventional,1.88,288210.32
Northern_New_England,9/3/17,Organic,1.69,13062.41
Northern_New_England,9/10/17,Conventional,1.74,312541.08
Northern_New_England,9/10/17,Organic,1.68,16452.15
Northern_New_England,9/17/17,Conventional,1.59,281832.66
Northern_New_England,9/17/17,Organic,1.54,15649.28
Northern_New_England,9/24/17,Conventional,1.63,296892.52
Northern_New_England,9/24/17,Organic,1.57,16661.59
Northern_New_England,10/1/17,Conventional,1.64,290521.98
Northern_New_England,10/1/17,Organic,1.56,18317.19
Northern_New_England,10/8/17,Conventional,1.61,267322.07
Northern_New_England,10/8/17,Organic,1.52,21089.7
Northern_New_England,10/15/17,Conventional,1.58,298364.19
Northern_New_England,10/15/17,Organic,1.64,23800.97
Northern_New_England,10/22/17,Conventional,1.52,300976.46
Northern_New_England,10/22/17,Organic,1.7,22671.89
Northern_New_England,10/29/17,Conventional,1.5,304167.22
Northern_New_England,10/29/17,Organic,1.57,39048.27
Northern_New_England,11/5/17,Conventional,1.51,288593.62
Northern_New_England,11/5/17,Organic,1.84,24687.17
Northern_New_England,11/12/17,Conventional,1.01,681570
Northern_New_England,11/12/17,Organic,1.8,19234.13
Northern_New_England,11/19/17,Conventional,1.36,311603
Northern_New_England,11/19/17,Organic,1.78,21545.16
Northern_New_England,11/26/17,Conventional,1.41,270865
Northern_New_England,11/26/17,Organic,1.75,22376.94
Northern_New_England,12/3/17,Conventional,1.1,636106
Northern_New_England,12/3/17,Organic,1.71,18891.8
Northern_New_England,12/10/17,Conventional,1.29,364577.18
Northern_New_England,12/10/17,Organic,1.67,23958.64
Northern_New_England,12/17/17,Conventional,1.26,394608.36
Northern_New_England,12/17/17,Organic,1.72,18551.6
Northern_New_England,12/24/17,Conventional,1.36,347811.65
Northern_New_England,12/24/17,Organic,1.76,25227.4
Northern_New_England,12/31/17,Conventional,1.13,513318.77
Northern_New_England,12/31/17,Organic,1.76,20129.5
Northern_New_England,1/1/18,Conventional,1.13,513318.77
Northern_New_England,1/1/18,Organic,1.76,20129.5
Northern_New_England,1/7/18,Conventional,1.17,502851.14
Northern_New_England,1/7/18,Organic,1.75,26188.31
Northern_New_England,1/14/18,Conventional,1.42,419376.62
Northern_New_England,1/14/18,Organic,1.46,22637.04
Northern_New_England,1/21/18,Conventional,1.33,577116.22
Northern_New_England,1/21/18,Organic,1.59,22101.1
Northern_New_England,1/28/18,Conventional,1.44,441977
Northern_New_England,1/28/18,Organic,1.29,50288.63
Northern_New_England,2/4/18,Conventional,1.06,847261.25
Northern_New_England,2/4/18,Organic,1.57,19108.24
Northern_New_England,2/11/18,Conventional,1.11,617475.89
Northern_New_England,2/11/18,Organic,1.39,22495.69
Northern_New_England,2/18/18,Conventional,1.35,395298.31
Northern_New_England,2/18/18,Organic,1.58,29699.89
Northern_New_England,2/25/18,Conventional,1.38,399308.69
Northern_New_England,2/25/18,Organic,1.5,30553.46
Northern_New_England,3/4/18,Conventional,1.35,458200.4
Northern_New_England,3/4/18,Organic,1.54,14156.63
Northern_New_England,3/11/18,Conventional,1.08,765746.37
Northern_New_England,3/11/18,Organic,1.64,18202.54
Northern_New_England,3/18/18,Conventional,1.4,428028.9
Northern_New_England,3/18/18,Organic,1.62,22375.57
Northern_New_England,3/25/18,Conventional,1.46,483124.53
Northern_New_England,3/25/18,Organic,1.63,22596.13
Northern_New_England,4/1/18,Conventional,1.41,486113.65
Northern_New_England,4/1/18,Organic,1.62,25269.8
Northern_New_England,4/8/18,Conventional,1.09,703301.74
Northern_New_England,4/8/18,Organic,1.65,17208.89
Northern_New_England,4/15/18,Conventional,1.19,558286.58
Northern_New_England,4/15/18,Organic,1.65,24308.52
Northern_New_England,4/22/18,Conventional,1.16,517746.32
Northern_New_England,4/22/18,Organic,1.23,29134.01
Northern_New_England,4/29/18,Conventional,1.05,576647.79
Northern_New_England,4/29/18,Organic,1.6,24492.82
Northern_New_England,5/6/18,Conventional,0.95,917983.95
Northern_New_England,5/6/18,Organic,1.65,21790.31
Northern_New_England,5/13/18,Conventional,1.03,567730.66
Northern_New_England,5/13/18,Organic,1.37,30759.12
Northern_New_England,5/20/18,Conventional,1.07,558212.11
Northern_New_England,5/20/18,Organic,1.48,31973.52
Northern_New_England,5/27/18,Conventional,1.02,677990.67
Northern_New_England,5/27/18,Organic,1.55,28224.11
Northern_New_England,6/3/18,Conventional,1.1,646079.08
Northern_New_England,6/3/18,Organic,1.6,19007.79
Northern_New_England,6/10/18,Conventional,0.91,796193.02
Northern_New_England,6/10/18,Organic,1.58,20734.44
Northern_New_England,6/17/18,Conventional,1,913079.38
Northern_New_England,6/17/18,Organic,1.61,19907.78
Northern_New_England,6/24/18,Conventional,1.15,612532.5
Northern_New_England,6/24/18,Organic,1.58,22061.92
Northern_New_England,7/1/18,Conventional,1.27,614286.01
Northern_New_England,7/1/18,Organic,1.57,26982.46
Northern_New_England,7/8/18,Conventional,1.28,673051.67
Northern_New_England,7/8/18,Organic,1.58,28137.71
Northern_New_England,7/15/18,Conventional,1.26,705072.63
Northern_New_England,7/15/18,Organic,1.57,22353.8
Northern_New_England,7/22/18,Conventional,1.4,572080.56
Northern_New_England,7/22/18,Organic,1.55,21514.73
Northern_New_England,7/29/18,Conventional,1.27,711029.52
Northern_New_England,7/29/18,Organic,1.45,24318.47
Northern_New_England,8/5/18,Conventional,1.39,553833.25
Northern_New_England,8/5/18,Organic,1.65,26268.7
Northern_New_England,8/12/18,Conventional,1.12,806832.37
Northern_New_England,8/12/18,Organic,1.57,15313.34
Northern_New_England,8/19/18,Conventional,1.44,455255
Northern_New_England,8/19/18,Organic,1.58,24472.03
Northern_New_England,8/26/18,Conventional,1.39,527536.71
Northern_New_England,8/26/18,Organic,1.52,23640.42
Northern_New_England,9/2/18,Conventional,1.44,452253.59
Northern_New_England,9/2/18,Organic,1.53,28667.82
Northern_New_England,9/9/18,Conventional,1.49,471019.93
Northern_New_England,9/9/18,Organic,1.56,30648.48
Northern_New_England,9/16/18,Conventional,1.3,412947.46
Northern_New_England,9/16/18,Organic,1.55,24655.74
Northern_New_England,9/23/18,Conventional,1.35,385145.12
Northern_New_England,9/23/18,Organic,1.55,28295.43
Northern_New_England,9/30/18,Conventional,1.49,384321.88
Northern_New_England,9/30/18,Organic,1.55,27121.72
Northern_New_England,10/7/18,Conventional,1.4,357097.6
Northern_New_England,10/7/18,Organic,1.32,38388.95
Northern_New_England,10/14/18,Conventional,1.41,383214.9
Northern_New_England,10/14/18,Organic,1.44,33042.22
Northern_New_England,10/21/18,Conventional,1.08,615766.28
Northern_New_England,10/21/18,Organic,1.47,23845.45
Northern_New_England,10/28/18,Conventional,1.22,382853.91
Northern_New_England,10/28/18,Organic,1.48,29787.66
Northern_New_England,11/4/18,Conventional,1.32,396919.61
Northern_New_England,11/4/18,Organic,1.48,27076.33
Northern_New_England,11/11/18,Conventional,1.31,456434.57
Northern_New_England,11/11/18,Organic,1.52,22456.95
Northern_New_England,11/18/18,Conventional,1.31,452323.8
Northern_New_England,11/18/18,Organic,1.53,23161.67
Northern_New_England,11/25/18,Conventional,1.42,328172.23
Northern_New_England,11/25/18,Organic,1.47,29055.22
Northern_New_England,12/2/18,Conventional,1.44,295851.53
Northern_New_England,12/2/18,Organic,1.45,32074.92
Plains,1/4/15,Conventional,1.01,1683795.3
Plains,1/4/15,Organic,1.69,34190.37
Plains,1/11/15,Conventional,1.09,1402841.83
Plains,1/11/15,Organic,1.68,37617.95
Plains,1/18/15,Conventional,1.02,1674945.55
Plains,1/18/15,Organic,1.8,29669.53
Plains,1/25/15,Conventional,1.08,1510836.96
Plains,1/25/15,Organic,1.8,30207.8
Plains,2/1/15,Conventional,0.92,2561325.42
Plains,2/1/15,Organic,1.67,30193.16
Plains,2/8/15,Conventional,0.98,1794543.77
Plains,2/8/15,Organic,1.54,46329.16
Plains,2/15/15,Conventional,1.05,1507821.92
Plains,2/15/15,Organic,1.68,39967.69
Plains,2/22/15,Conventional,1.08,1547969.24
Plains,2/22/15,Organic,1.66,40390.21
Plains,3/1/15,Conventional,1.09,1619341.49
Plains,3/1/15,Organic,1.7,36993.47
Plains,3/8/15,Conventional,1.11,1531085.64
Plains,3/8/15,Organic,1.68,33434.23
Plains,3/15/15,Conventional,1.1,1590080.35
Plains,3/15/15,Organic,1.67,36469.37
Plains,3/22/15,Conventional,1.09,1651115.09
Plains,3/22/15,Organic,1.8,34244.34
Plains,3/29/15,Conventional,1.08,1657404.68
Plains,3/29/15,Organic,1.85,34062.08
Plains,4/5/15,Conventional,1.13,1668243.39
Plains,4/5/15,Organic,1.81,36535.72
Plains,4/12/15,Conventional,0.97,2160085.64
Plains,4/12/15,Organic,1.82,31363.93
Plains,4/19/15,Conventional,1.12,1801956.87
Plains,4/19/15,Organic,1.9,29227.44
Plains,4/26/15,Conventional,1.13,1787071.74
Plains,4/26/15,Organic,1.93,30001.14
Plains,5/3/15,Conventional,1.01,2333238.9
Plains,5/3/15,Organic,1.92,27541.24
Plains,5/10/15,Conventional,1.03,2105831.09
Plains,5/10/15,Organic,1.85,32022.52
Plains,5/17/15,Conventional,1.06,1966712.28
Plains,5/17/15,Organic,1.93,30302.51
Plains,5/24/15,Conventional,1.03,2026639.78
Plains,5/24/15,Organic,1.92,31193.34
Plains,5/31/15,Conventional,1.09,1853451.18
Plains,5/31/15,Organic,1.93,31775.42
Plains,6/7/15,Conventional,1.04,2026464.23
Plains,6/7/15,Organic,1.9,30028
Plains,6/14/15,Conventional,1.06,1974806.07
Plains,6/14/15,Organic,1.79,33795.51
Plains,6/21/15,Conventional,1.08,1921720.44
Plains,6/21/15,Organic,1.88,37004.14
Plains,6/28/15,Conventional,1.08,1826182.48
Plains,6/28/15,Organic,1.93,33557.37
Plains,7/5/15,Conventional,1.06,1988311.9
Plains,7/5/15,Organic,1.92,40423.05
Plains,7/12/15,Conventional,1.07,1808842.07
Plains,7/12/15,Organic,1.89,34274.47
Plains,7/19/15,Conventional,1.09,1701986.81
Plains,7/19/15,Organic,1.85,28602.01
Plains,7/26/15,Conventional,1.04,1844887.26
Plains,7/26/15,Organic,1.84,27102.7
Plains,8/2/15,Conventional,1.13,1593031.18
Plains,8/2/15,Organic,1.84,32696.45
Plains,8/9/15,Conventional,1.14,1605913.77
Plains,8/9/15,Organic,1.87,34667.31
Plains,8/16/15,Conventional,1.08,1727851.85
Plains,8/16/15,Organic,1.88,32159.33
Plains,8/23/15,Conventional,1.06,1731574.98
Plains,8/23/15,Organic,1.92,31850.38
Plains,8/30/15,Conventional,1.13,1481150.17
Plains,8/30/15,Organic,1.9,34522.02
Plains,9/6/15,Conventional,1.12,1714650.22
Plains,9/6/15,Organic,1.91,30307.58
Plains,9/13/15,Conventional,1.13,1526985.3
Plains,9/13/15,Organic,1.87,29440.58
Plains,9/20/15,Conventional,1.16,1386951.96
Plains,9/20/15,Organic,1.85,30393.35
Plains,9/27/15,Conventional,0.99,1542657.96
Plains,9/27/15,Organic,1.85,28183.63
Plains,10/4/15,Conventional,1.14,1309245.88
Plains,10/4/15,Organic,1.76,30507.45
Plains,10/11/15,Conventional,1.05,1560845.55
Plains,10/11/15,Organic,1.82,28422.94
Plains,10/18/15,Conventional,1.12,1368887.69
Plains,10/18/15,Organic,1.68,31802.25
Plains,10/25/15,Conventional,1.11,1411354.54
Plains,10/25/15,Organic,1.64,30717.28
Plains,11/1/15,Conventional,1.12,1350091.82
Plains,11/1/15,Organic,1.55,34437.74
Plains,11/8/15,Conventional,1.12,1285586.97
Plains,11/8/15,Organic,1.73,32097.19
Plains,11/15/15,Conventional,1.09,1294866.75
Plains,11/15/15,Organic,1.68,30958.65
Plains,11/22/15,Conventional,1.1,1281613.28
Plains,11/22/15,Organic,1.69,28577.15
Plains,11/29/15,Conventional,1.11,1099646.06
Plains,11/29/15,Organic,1.82,23344.7
Plains,12/6/15,Conventional,1.08,1245289.61
Plains,12/6/15,Organic,1.92,21986.87
Plains,12/13/15,Conventional,1.02,1472501.13
Plains,12/13/15,Organic,1.82,24664.21
Plains,12/20/15,Conventional,1.13,1139861.64
Plains,12/20/15,Organic,1.69,29471.57
Plains,12/27/15,Conventional,1.1,1306923.23
Plains,12/27/15,Organic,1.6,32041.32
Plains,1/3/16,Conventional,0.94,2171818.57
Plains,1/3/16,Organic,1.5,38955.86
Plains,1/10/16,Conventional,1.08,1670524.63
Plains,1/10/16,Organic,1.63,41956.88
Plains,1/17/16,Conventional,1.12,1495176.98
Plains,1/17/16,Organic,1.47,50053.55
Plains,1/24/16,Conventional,1.16,1261352.88
Plains,1/24/16,Organic,1.33,56919.22
Plains,1/31/16,Conventional,1.05,1851372.18
Plains,1/31/16,Organic,1.55,40874.22
Plains,2/7/16,Conventional,0.83,2838853.24
Plains,2/7/16,Organic,1.57,37624.17
Plains,2/14/16,Conventional,0.97,1790822.72
Plains,2/14/16,Organic,1.68,36769.77
Plains,2/21/16,Conventional,1.03,1672884.28
Plains,2/21/16,Organic,1.34,51258.32
Plains,2/28/16,Conventional,1.07,1647189.23
Plains,2/28/16,Organic,1.39,51756.47
Plains,3/6/16,Conventional,1.06,1734414.9
Plains,3/6/16,Organic,1.76,35593.76
Plains,3/13/16,Conventional,0.91,2095165.01
Plains,3/13/16,Organic,1.54,41060.75
Plains,3/20/16,Conventional,0.95,1938247.08
Plains,3/20/16,Organic,1.44,48042.77
Plains,3/27/16,Conventional,1.07,1740836.89
Plains,3/27/16,Organic,1.45,47440.66
Plains,4/3/16,Conventional,1.04,1769050.34
Plains,4/3/16,Organic,1.45,46543.64
Plains,4/10/16,Conventional,1,1872378.56
Plains,4/10/16,Organic,1.36,57602.01
Plains,4/17/16,Conventional,0.95,2114990.64
Plains,4/17/16,Organic,1.57,42572.64
Plains,4/24/16,Conventional,0.95,2088524.46
Plains,4/24/16,Organic,1.29,61993.61
Plains,5/1/16,Conventional,0.97,2093998.59
Plains,5/1/16,Organic,1.59,42077.45
Plains,5/8/16,Conventional,0.86,2664926.82
Plains,5/8/16,Organic,1.58,54825.59
Plains,5/15/16,Conventional,0.95,2100440.16
Plains,5/15/16,Organic,1.65,47778.34
Plains,5/22/16,Conventional,0.94,2248726.67
Plains,5/22/16,Organic,1.63,53325.35
Plains,5/29/16,Conventional,0.9,2265037.77
Plains,5/29/16,Organic,1.76,40907.26
Plains,6/5/16,Conventional,0.93,2330438.23
Plains,6/5/16,Organic,1.68,54947.33
Plains,6/12/16,Conventional,1.04,2104834.28
Plains,6/12/16,Organic,1.63,51075.07
Plains,6/19/16,Conventional,0.87,2559002.86
Plains,6/19/16,Organic,1.63,57957.05
Plains,6/26/16,Conventional,1.03,2101835.6
Plains,6/26/16,Organic,1.63,52284.1
Plains,7/3/16,Conventional,1.05,2259572.01
Plains,7/3/16,Organic,1.63,50608.69
Plains,7/10/16,Conventional,1.09,2028847.18
Plains,7/10/16,Organic,1.7,48278.48
Plains,7/17/16,Conventional,1.15,1865426.77
Plains,7/17/16,Organic,1.76,46645.35
Plains,7/24/16,Conventional,1.22,1807152.43
Plains,7/24/16,Organic,1.63,56114.01
Plains,7/31/16,Conventional,1.25,1716384.76
Plains,7/31/16,Organic,1.72,53685.87
Plains,8/7/16,Conventional,1.17,1979362.94
Plains,8/7/16,Organic,1.81,52811.38
Plains,8/14/16,Conventional,1.12,1873446.99
Plains,8/14/16,Organic,1.82,53866.63
Plains,8/21/16,Conventional,1.21,1693418.62
Plains,8/21/16,Organic,1.8,51545.86
Plains,8/28/16,Conventional,1.22,1693969.47
Plains,8/28/16,Organic,1.67,54112.35
Plains,9/4/16,Conventional,1.1,1933628.13
Plains,9/4/16,Organic,1.76,52999.19
Plains,9/11/16,Conventional,1.18,1697761.29
Plains,9/11/16,Organic,1.86,46267.04
Plains,9/18/16,Conventional,1.24,1641724.15
Plains,9/18/16,Organic,1.78,43823.87
Plains,9/25/16,Conventional,1.35,1419113.4
Plains,9/25/16,Organic,1.87,44993.62
Plains,10/2/16,Conventional,1.37,1352081.51
Plains,10/2/16,Organic,1.76,47384.06
Plains,10/9/16,Conventional,1.41,1360541.39
Plains,10/9/16,Organic,1.55,45120.49
Plains,10/16/16,Conventional,1.49,1252399.56
Plains,10/16/16,Organic,1.67,33832.86
Plains,10/23/16,Conventional,1.53,1179301.18
Plains,10/23/16,Organic,1.55,36280.49
Plains,10/30/16,Conventional,1.54,1058938.09
Plains,10/30/16,Organic,1.8,33702.09
Plains,11/6/16,Conventional,1.55,1281023.69
Plains,11/6/16,Organic,1.76,43201.25
Plains,11/13/16,Conventional,1.57,1187396.84
Plains,11/13/16,Organic,1.74,51861.03
Plains,11/20/16,Conventional,1.49,1126964.32
Plains,11/20/16,Organic,1.63,50911
Plains,11/27/16,Conventional,1.35,1131932.27
Plains,11/27/16,Organic,1.69,45636.25
Plains,12/4/16,Conventional,1.09,1676509.02
Plains,12/4/16,Organic,1.7,43160.92
Plains,12/11/16,Conventional,1.08,1468901.87
Plains,12/11/16,Organic,1.71,43540.93
Plains,12/18/16,Conventional,1.06,1426470.94
Plains,12/18/16,Organic,1.6,41255.97
Plains,12/25/16,Conventional,1.09,1449394.65
Plains,12/25/16,Organic,1.55,43291.45
Plains,1/1/17,Conventional,0.83,2382742.62
Plains,1/1/17,Organic,1.62,47042.21
Plains,1/8/17,Conventional,1.06,1890389.78
Plains,1/8/17,Organic,1.67,56310.43
Plains,1/15/17,Conventional,1.05,2064194.02
Plains,1/15/17,Organic,1.56,64677.46
Plains,1/22/17,Conventional,1.09,1812652.88
Plains,1/22/17,Organic,1.57,55867.65
Plains,1/29/17,Conventional,1.06,2057899.39
Plains,1/29/17,Organic,1.55,49505.09
Plains,2/5/17,Conventional,0.76,3575499.21
Plains,2/5/17,Organic,1.6,48964.14
Plains,2/12/17,Conventional,0.94,2097983.48
Plains,2/12/17,Organic,1.49,59073.9
Plains,2/19/17,Conventional,0.96,2087617.13
Plains,2/19/17,Organic,1.5,55912.77
Plains,2/26/17,Conventional,1.05,2008263.47
Plains,2/26/17,Organic,1.39,76034.02
Plains,3/5/17,Conventional,1.25,1601599.81
Plains,3/5/17,Organic,1.39,79590.74
Plains,3/12/17,Conventional,1.29,1602700.69
Plains,3/12/17,Organic,1.5,71708.81
Plains,3/19/17,Conventional,1.3,1679882.22
Plains,3/19/17,Organic,1.54,75867.95
Plains,3/26/17,Conventional,1.33,1704624.12
Plains,3/26/17,Organic,1.51,81982.77
Plains,4/2/17,Conventional,1.29,1818148.12
Plains,4/2/17,Organic,1.55,81276.27
Plains,4/9/17,Conventional,1.28,1868022.01
Plains,4/9/17,Organic,1.56,82376.37
Plains,4/16/17,Conventional,1.35,1808002.16
Plains,4/16/17,Organic,1.59,85609.54
Plains,4/23/17,Conventional,1.18,2143445.39
Plains,4/23/17,Organic,1.67,70584.97
Plains,4/30/17,Conventional,1.19,2080438.13
Plains,4/30/17,Organic,1.8,69732.89
Plains,5/7/17,Conventional,1.13,2617237.35
Plains,5/7/17,Organic,1.58,68236.34
Plains,5/14/17,Conventional,1.33,1894833.35
Plains,5/14/17,Organic,1.62,69358.17
Plains,5/21/17,Conventional,1.33,1840889.79
Plains,5/21/17,Organic,1.57,85984.55
Plains,5/28/17,Conventional,1.38,1975524.7
Plains,5/28/17,Organic,1.63,71551.35
Plains,6/4/17,Conventional,1.31,2136102.71
Plains,6/4/17,Organic,1.62,73160.65
Plains,6/11/17,Conventional,1.31,2120488.01
Plains,6/11/17,Organic,1.63,71995.22
Plains,6/18/17,Conventional,1.35,1993421.09
Plains,6/18/17,Organic,1.56,79491.78
Plains,6/25/17,Conventional,1.35,2035318.57
Plains,6/25/17,Organic,1.56,65066.62
Plains,7/2/17,Conventional,1.31,2223310.81
Plains,7/2/17,Organic,1.55,59145.56
Plains,7/9/17,Conventional,1.32,2106705.01
Plains,7/9/17,Organic,1.62,63609.57
Plains,7/16/17,Conventional,1.38,1843260.04
Plains,7/16/17,Organic,1.82,64457.41
Plains,7/23/17,Conventional,1.39,1854451.3
Plains,7/23/17,Organic,1.72,55116.84
Plains,7/30/17,Conventional,1.46,1718325.16
Plains,7/30/17,Organic,1.73,59314.22
Plains,8/6/17,Conventional,1.43,1762012.56
Plains,8/6/17,Organic,1.8,68525.6
Plains,8/13/17,Conventional,1.43,1739844.71
Plains,8/13/17,Organic,1.8,68831.83
Plains,8/20/17,Conventional,1.53,1548298.16
Plains,8/20/17,Organic,1.92,64189.39
Plains,8/27/17,Conventional,1.37,1822828.12
Plains,8/27/17,Organic,2.01,60468.47
Plains,9/3/17,Conventional,1.58,1531392.1
Plains,9/3/17,Organic,2.12,54026.99
Plains,9/10/17,Conventional,1.6,1534772.16
Plains,9/10/17,Organic,2.09,56583.1
Plains,9/17/17,Conventional,1.66,1369417.02
Plains,9/17/17,Organic,2.12,54502.39
Plains,9/24/17,Conventional,1.75,1384407.83
Plains,9/24/17,Organic,2.13,49093.24
Plains,10/1/17,Conventional,1.77,1309590.39
Plains,10/1/17,Organic,2.09,60186.09
Plains,10/8/17,Conventional,1.81,1248620.9
Plains,10/8/17,Organic,2.02,60256.56
Plains,10/15/17,Conventional,1.77,1232522.78
Plains,10/15/17,Organic,2.07,53711.04
Plains,10/22/17,Conventional,1.48,1455487.08
Plains,10/22/17,Organic,1.96,56614.23
Plains,10/29/17,Conventional,1.38,1536445.96
Plains,10/29/17,Organic,1.88,49301.56
Plains,11/5/17,Conventional,1.48,1380036.54
Plains,11/5/17,Organic,1.89,48099.91
Plains,11/12/17,Conventional,1.26,1625590
Plains,11/12/17,Organic,1.89,51340.54
Plains,11/19/17,Conventional,1.12,1729745
Plains,11/19/17,Organic,1.8,48924.81
Plains,11/26/17,Conventional,1.28,1280491
Plains,11/26/17,Organic,1.78,47738.89
Plains,12/3/17,Conventional,1.19,1630974
Plains,12/3/17,Organic,1.76,47265.24
Plains,12/10/17,Conventional,1.15,1606464.12
Plains,12/10/17,Organic,1.7,54723.29
Plains,12/17/17,Conventional,1.05,1829991.74
Plains,12/17/17,Organic,1.67,57922.35
Plains,12/24/17,Conventional,1.26,1576731.65
Plains,12/24/17,Organic,1.73,53663.33
Plains,12/31/17,Conventional,1.02,2173591.74
Plains,12/31/17,Organic,1.63,62228.22
Plains,1/1/18,Conventional,1.02,2173591.74
Plains,1/1/18,Organic,1.63,62228.22
Plains,1/7/18,Conventional,1.17,2103531.72
Plains,1/7/18,Organic,1.72,61712.85
Plains,1/14/18,Conventional,1.25,2033823.81
Plains,1/14/18,Organic,1.73,63884.71
Plains,1/21/18,Conventional,1.18,2208596.12
Plains,1/21/18,Organic,1.69,65835.39
Plains,1/28/18,Conventional,0.99,2533937.56
Plains,1/28/18,Organic,1.64,56920.22
Plains,2/4/18,Conventional,0.91,3316494.76
Plains,2/4/18,Organic,1.55,62817.64
Plains,2/11/18,Conventional,1.06,2198997.16
Plains,2/11/18,Organic,1.55,74511.33
Plains,2/18/18,Conventional,1.2,1807033.26
Plains,2/18/18,Organic,1.63,66740.04
Plains,2/25/18,Conventional,1.13,2115879.93
Plains,2/25/18,Organic,1.57,76998.78
Plains,3/4/18,Conventional,1.15,2092354.75
Plains,3/4/18,Organic,1.55,74156.41
Plains,3/11/18,Conventional,1.15,2152113.24
Plains,3/11/18,Organic,1.55,72624.66
Plains,3/18/18,Conventional,1.06,2346527.89
Plains,3/18/18,Organic,1.58,69790.75
Plains,3/25/18,Conventional,1.08,2298609.62
Plains,3/25/18,Organic,1.54,74180.36
Plains,4/1/18,Conventional,1.16,2122698.81
Plains,4/1/18,Organic,1.54,82570.44
Plains,4/8/18,Conventional,1.1,2246794.44
Plains,4/8/18,Organic,1.46,89665.24
Plains,4/15/18,Conventional,1.08,2421832.71
Plains,4/15/18,Organic,1.5,91071.49
Plains,4/22/18,Conventional,1.05,2382979.49
Plains,4/22/18,Organic,1.47,97175.9
Plains,4/29/18,Conventional,1.1,2390888.95
Plains,4/29/18,Organic,1.51,92039.11
Plains,5/6/18,Conventional,0.91,3514863.13
Plains,5/6/18,Organic,1.48,88967.81
Plains,5/13/18,Conventional,1.09,2338822.5
Plains,5/13/18,Organic,1.39,93423.91
Plains,5/20/18,Conventional,1.1,2335948.49
Plains,5/20/18,Organic,1.35,103949.93
Plains,5/27/18,Conventional,0.97,2842911.62
Plains,5/27/18,Organic,1.3,85146.12
Plains,6/3/18,Conventional,1.09,2395661.06
Plains,6/3/18,Organic,1.31,90473.69
Plains,6/10/18,Conventional,1.1,2336131.26
Plains,6/10/18,Organic,1.29,74717.51
Plains,6/17/18,Conventional,1.13,2383584.27
Plains,6/17/18,Organic,1.35,64462.3
Plains,6/24/18,Conventional,1.1,2281644.71
Plains,6/24/18,Organic,1.35,78539.39
Plains,7/1/18,Conventional,1.09,2507368.36
Plains,7/1/18,Organic,1.35,79734.8
Plains,7/8/18,Conventional,1.07,2576141.81
Plains,7/8/18,Organic,1.35,84166.78
Plains,7/15/18,Conventional,1.11,2244531.91
Plains,7/15/18,Organic,1.28,84789.46
Plains,7/22/18,Conventional,1.12,2238640.95
Plains,7/22/18,Organic,1.32,82432.16
Plains,7/29/18,Conventional,1.16,2078151.84
Plains,7/29/18,Organic,1.35,78221.96
Plains,8/5/18,Conventional,1.21,2020446.74
Plains,8/5/18,Organic,1.52,55521.42
Plains,8/12/18,Conventional,1.21,1989808.62
Plains,8/12/18,Organic,1.43,66347.81
Plains,8/19/18,Conventional,1.17,2111291.26
Plains,8/19/18,Organic,1.45,64990.71
Plains,8/26/18,Conventional,1.14,2090109.29
Plains,8/26/18,Organic,1.38,95260.4
Plains,9/2/18,Conventional,1.27,1888014.67
Plains,9/2/18,Organic,1.42,101425.38
Plains,9/9/18,Conventional,1.12,2066465.66
Plains,9/9/18,Organic,1.53,78357.15
Plains,9/16/18,Conventional,1.22,1845030.13
Plains,9/16/18,Organic,1.57,70701.32
Plains,9/23/18,Conventional,1.19,1896677.05
Plains,9/23/18,Organic,1.46,72645.63
Plains,9/30/18,Conventional,1.19,1715925.33
Plains,9/30/18,Organic,1.41,76003.53
Plains,10/7/18,Conventional,1,2264197.62
Plains,10/7/18,Organic,1.4,77874.83
Plains,10/14/18,Conventional,1.09,1890251.94
Plains,10/14/18,Organic,1.37,64933.37
Plains,10/21/18,Conventional,1.08,1830818.14
Plains,10/21/18,Organic,1.34,67328.81
Plains,10/28/18,Conventional,1.1,1906298.54
Plains,10/28/18,Organic,1.32,67950.71
Plains,11/4/18,Conventional,0.91,2333663.89
Plains,11/4/18,Organic,1.34,65263.07
Plains,11/11/18,Conventional,0.76,2651335.66
Plains,11/11/18,Organic,1.27,69434.88
Plains,11/18/18,Conventional,1.12,1538091.47
Plains,11/18/18,Organic,1.33,78830.34
Plains,11/25/18,Conventional,1.29,1106372.2
Plains,11/25/18,Organic,1.5,44111.26
Plains,12/2/18,Conventional,1.34,1355681.98
Plains,12/2/18,Organic,1.37,48711.81
SouthCentral,1/4/15,Conventional,0.77,5144267.01
SouthCentral,1/4/15,Organic,1.35,53494.91
SouthCentral,1/11/15,Conventional,0.8,5409726.02
SouthCentral,1/11/15,Organic,1.39,53328.53
SouthCentral,1/18/15,Conventional,0.79,5322625.57
SouthCentral,1/18/15,Organic,1.27,65242.77
SouthCentral,1/25/15,Conventional,0.81,5142259.93
SouthCentral,1/25/15,Organic,1.37,58961.59
SouthCentral,2/1/15,Conventional,0.71,6934356.31
SouthCentral,2/1/15,Organic,1.28,64156.46
SouthCentral,2/8/15,Conventional,0.73,5900232.15
SouthCentral,2/8/15,Organic,1.39,65372.85
SouthCentral,2/15/15,Conventional,0.8,5204971.91
SouthCentral,2/15/15,Organic,1.39,77922.66
SouthCentral,2/22/15,Conventional,0.85,5208272.73
SouthCentral,2/22/15,Organic,1.37,81291.05
SouthCentral,3/1/15,Conventional,0.87,5314431.93
SouthCentral,3/1/15,Organic,1.34,80536.06
SouthCentral,3/8/15,Conventional,0.8,5864999.81
SouthCentral,3/8/15,Organic,1.44,56752.92
SouthCentral,3/15/15,Conventional,0.79,5703759.21
SouthCentral,3/15/15,Organic,1.38,66049.13
SouthCentral,3/22/15,Conventional,0.76,6008817.9
SouthCentral,3/22/15,Organic,1.37,71375.61
SouthCentral,3/29/15,Conventional,0.82,5713017.35
SouthCentral,3/29/15,Organic,1.42,60007.19
SouthCentral,4/5/15,Conventional,0.83,6368728.85
SouthCentral,4/5/15,Organic,1.4,76942.46
SouthCentral,4/12/15,Conventional,0.8,5930072.71
SouthCentral,4/12/15,Organic,1.4,71697.82
SouthCentral,4/19/15,Conventional,0.82,5593885.09
SouthCentral,4/19/15,Organic,1.39,66454.5
SouthCentral,4/26/15,Conventional,0.83,5578980.69
SouthCentral,4/26/15,Organic,1.43,61953.59
SouthCentral,5/3/15,Conventional,0.78,6558729.33
SouthCentral,5/3/15,Organic,1.43,42345.48
SouthCentral,5/10/15,Conventional,0.79,6400340.97
SouthCentral,5/10/15,Organic,1.4,56625.63
SouthCentral,5/17/15,Conventional,0.79,5831782.44
SouthCentral,5/17/15,Organic,1.41,56568.67
SouthCentral,5/24/15,Conventional,0.83,5903596.18
SouthCentral,5/24/15,Organic,1.39,62670.56
SouthCentral,5/31/15,Conventional,0.74,6349957.65
SouthCentral,5/31/15,Organic,1.41,51748.65
SouthCentral,6/7/15,Conventional,0.75,6234006.44
SouthCentral,6/7/15,Organic,1.37,49534.9
SouthCentral,6/14/15,Conventional,0.69,7281803.61
SouthCentral,6/14/15,Organic,1.38,51786.11
SouthCentral,6/21/15,Conventional,0.79,6153608.75
SouthCentral,6/21/15,Organic,1.4,54782.92
SouthCentral,6/28/15,Conventional,0.77,6024103.65
SouthCentral,6/28/15,Organic,1.35,55512.87
SouthCentral,7/5/15,Conventional,0.83,6380287.71
SouthCentral,7/5/15,Organic,1.34,64364.81
SouthCentral,7/12/15,Conventional,0.82,5544366.95
SouthCentral,7/12/15,Organic,1.27,59760.16
SouthCentral,7/19/15,Conventional,0.83,5703940.56
SouthCentral,7/19/15,Organic,1.31,56107.03
SouthCentral,7/26/15,Conventional,0.81,5822521.79
SouthCentral,7/26/15,Organic,1.26,62027.52
SouthCentral,8/2/15,Conventional,0.9,5142335.64
SouthCentral,8/2/15,Organic,1.37,59918.41
SouthCentral,8/9/15,Conventional,0.89,5353393.56
SouthCentral,8/9/15,Organic,1.42,79568.82
SouthCentral,8/16/15,Conventional,0.89,5409823.02
SouthCentral,8/16/15,Organic,1.45,62132.94
SouthCentral,8/23/15,Conventional,0.89,5235579.44
SouthCentral,8/23/15,Organic,1.39,70321.03
SouthCentral,8/30/15,Conventional,0.87,5200252.65
SouthCentral,8/30/15,Organic,1.33,75913.85
SouthCentral,9/6/15,Conventional,0.86,5979528.24
SouthCentral,9/6/15,Organic,1.49,62392.78
SouthCentral,9/13/15,Conventional,0.88,5761848.67
SouthCentral,9/13/15,Organic,1.5,70718.4
SouthCentral,9/20/15,Conventional,0.83,5211738.31
SouthCentral,9/20/15,Organic,1.53,66134.27
SouthCentral,9/27/15,Conventional,0.87,4987381.36
SouthCentral,9/27/15,Organic,1.53,62096.82
SouthCentral,10/4/15,Conventional,0.84,5201535.32
SouthCentral,10/4/15,Organic,1.55,59719.09
SouthCentral,10/11/15,Conventional,0.83,5236047.86
SouthCentral,10/11/15,Organic,1.51,59217.48
SouthCentral,10/18/15,Conventional,0.87,4687705.56
SouthCentral,10/18/15,Organic,1.49,60543.94
SouthCentral,10/25/15,Conventional,0.86,4912068.04
SouthCentral,10/25/15,Organic,1.52,65708.3
SouthCentral,11/1/15,Conventional,0.81,5072550.94
SouthCentral,11/1/15,Organic,1.51,57066.49
SouthCentral,11/8/15,Conventional,0.8,4864814.01
SouthCentral,11/8/15,Organic,1.51,57570.79
SouthCentral,11/15/15,Conventional,0.76,4943687.09
SouthCentral,11/15/15,Organic,1.5,57245.86
SouthCentral,11/22/15,Conventional,0.8,4347510.51
SouthCentral,11/22/15,Organic,1.53,49426.32
SouthCentral,11/29/15,Conventional,0.82,3969578.89
SouthCentral,11/29/15,Organic,1.47,48739.53
SouthCentral,12/6/15,Conventional,0.76,4938526.47
SouthCentral,12/6/15,Organic,1.49,52066.09
SouthCentral,12/13/15,Conventional,0.78,4869309.42
SouthCentral,12/13/15,Organic,1.43,59392.62
SouthCentral,12/20/15,Conventional,0.81,4565207.85
SouthCentral,12/20/15,Organic,1.41,52488.05
SouthCentral,12/27/15,Conventional,0.81,4831664.77
SouthCentral,12/27/15,Organic,1.39,56297.88
SouthCentral,1/3/16,Conventional,0.79,5693942.07
SouthCentral,1/3/16,Organic,1.38,56538.34
SouthCentral,1/10/16,Conventional,0.84,5647635.02
SouthCentral,1/10/16,Organic,1.38,63163.21
SouthCentral,1/17/16,Conventional,0.81,5735627.03
SouthCentral,1/17/16,Organic,1.33,67598.5
SouthCentral,1/24/16,Conventional,0.94,3898235.29
SouthCentral,1/24/16,Organic,1.35,70767.77
SouthCentral,1/31/16,Conventional,0.79,5850128.4
SouthCentral,1/31/16,Organic,1.41,69115.72
SouthCentral,2/7/16,Conventional,0.7,7606351.8
SouthCentral,2/7/16,Organic,1.35,69236.98
SouthCentral,2/14/16,Conventional,0.7,6349601.68
SouthCentral,2/14/16,Organic,1.31,75226.48
SouthCentral,2/21/16,Conventional,0.82,5108381.41
SouthCentral,2/21/16,Organic,1.28,78298.97
SouthCentral,2/28/16,Conventional,0.77,5698454.09
SouthCentral,2/28/16,Organic,1.24,89262.56
SouthCentral,3/6/16,Conventional,0.78,5848140.87
SouthCentral,3/6/16,Organic,1.21,86686.51
SouthCentral,3/13/16,Conventional,0.79,5894070.33
SouthCentral,3/13/16,Organic,1.24,86860.92
SouthCentral,3/20/16,Conventional,0.77,6276764.8
SouthCentral,3/20/16,Organic,1.23,79411.38
SouthCentral,3/27/16,Conventional,0.77,6553308.82
SouthCentral,3/27/16,Organic,1.25,84351.3
SouthCentral,4/3/16,Conventional,0.74,6154503.04
SouthCentral,4/3/16,Organic,1.22,86545.27
SouthCentral,4/10/16,Conventional,0.73,6414263.17
SouthCentral,4/10/16,Organic,1.21,91639
SouthCentral,4/17/16,Conventional,0.71,6657073.54
SouthCentral,4/17/16,Organic,1.15,118580.72
SouthCentral,4/24/16,Conventional,0.7,6893900.54
SouthCentral,4/24/16,Organic,1.11,110395.86
SouthCentral,5/1/16,Conventional,0.71,6953488.71
SouthCentral,5/1/16,Organic,1.13,113305.24
SouthCentral,5/8/16,Conventional,0.72,7281887.35
SouthCentral,5/8/16,Organic,1.07,133142.97
SouthCentral,5/15/16,Conventional,0.73,6728120.77
SouthCentral,5/15/16,Organic,1.11,128078.72
SouthCentral,5/22/16,Conventional,0.72,6680323.25
SouthCentral,5/22/16,Organic,1.05,130641.29
SouthCentral,5/29/16,Conventional,0.8,6239677.27
SouthCentral,5/29/16,Organic,1.07,144179.65
SouthCentral,6/5/16,Conventional,0.83,6351400.69
SouthCentral,6/5/16,Organic,1.1,117920.36
SouthCentral,6/12/16,Conventional,0.85,6195284.67
SouthCentral,6/12/16,Organic,1.11,120789.79
SouthCentral,6/19/16,Conventional,0.89,6005535.29
SouthCentral,6/19/16,Organic,1.14,113554.54
SouthCentral,6/26/16,Conventional,0.89,6046264.46
SouthCentral,6/26/16,Organic,1.17,114148.17
SouthCentral,7/3/16,Conventional,0.91,6494533.3
SouthCentral,7/3/16,Organic,1.13,111340.2
SouthCentral,7/10/16,Conventional,0.91,5646460.01
SouthCentral,7/10/16,Organic,1.18,106469.22
SouthCentral,7/17/16,Conventional,0.94,5449441.63
SouthCentral,7/17/16,Organic,1.21,118903.02
SouthCentral,7/24/16,Conventional,0.97,5528475.32
SouthCentral,7/24/16,Organic,1.21,136429.31
SouthCentral,7/31/16,Conventional,0.98,5130900.02
SouthCentral,7/31/16,Organic,1.22,142770.97
SouthCentral,8/7/16,Conventional,0.93,5647940.41
SouthCentral,8/7/16,Organic,1.26,138004.86
SouthCentral,8/14/16,Conventional,0.94,5385035.37
SouthCentral,8/14/16,Organic,0.98,278711.99
SouthCentral,8/21/16,Conventional,0.87,5682046.61
SouthCentral,8/21/16,Organic,0.97,247621.32
SouthCentral,8/28/16,Conventional,0.84,5775721.7
SouthCentral,8/28/16,Organic,1.04,180003.45
SouthCentral,9/4/16,Conventional,0.78,6802635.25
SouthCentral,9/4/16,Organic,1.08,169684.45
SouthCentral,9/11/16,Conventional,0.82,6236078.55
SouthCentral,9/11/16,Organic,1.07,164162.25
SouthCentral,9/18/16,Conventional,0.86,6130653.55
SouthCentral,9/18/16,Organic,1.14,129652.83
SouthCentral,9/25/16,Conventional,0.98,5344837.49
SouthCentral,9/25/16,Organic,1.15,131608.43
SouthCentral,10/2/16,Conventional,1.01,5006659.75
SouthCentral,10/2/16,Organic,1.14,131064.76
SouthCentral,10/9/16,Conventional,1,5416591.81
SouthCentral,10/9/16,Organic,1.09,150647.8
SouthCentral,10/16/16,Conventional,1.03,4967651.41
SouthCentral,10/16/16,Organic,1.09,144647.08
SouthCentral,10/23/16,Conventional,1.09,4477594.56
SouthCentral,10/23/16,Organic,1.41,104747.96
SouthCentral,10/30/16,Conventional,1.19,3733135.22
SouthCentral,10/30/16,Organic,1.48,94332.98
SouthCentral,11/6/16,Conventional,1.16,4214624.13
SouthCentral,11/6/16,Organic,1.44,132275.3
SouthCentral,11/13/16,Conventional,1.11,4224677.32
SouthCentral,11/13/16,Organic,1.24,144227.54
SouthCentral,11/20/16,Conventional,1.06,4150510.67
SouthCentral,11/20/16,Organic,1.22,120110.49
SouthCentral,11/27/16,Conventional,0.93,4064847.35
SouthCentral,11/27/16,Organic,1.18,122037.93
SouthCentral,12/4/16,Conventional,0.76,5584114.56
SouthCentral,12/4/16,Organic,1.21,100639.79
SouthCentral,12/11/16,Conventional,0.76,5031206.93
SouthCentral,12/11/16,Organic,1.12,101938.87
SouthCentral,12/18/16,Conventional,0.72,5483207.89
SouthCentral,12/18/16,Organic,1.1,100860.88
SouthCentral,12/25/16,Conventional,0.79,5630041.84
SouthCentral,12/25/16,Organic,1.21,94378.68
SouthCentral,1/1/17,Conventional,0.64,6687273.64
SouthCentral,1/1/17,Organic,1.23,66616.54
SouthCentral,1/8/17,Conventional,0.74,6347964.79
SouthCentral,1/8/17,Organic,1.1,104424.88
SouthCentral,1/15/17,Conventional,0.68,7103726.14
SouthCentral,1/15/17,Organic,1.06,109017.25
SouthCentral,1/22/17,Conventional,0.74,6207638.5
SouthCentral,1/22/17,Organic,1.02,147163.14
SouthCentral,1/29/17,Conventional,0.76,6449698.15
SouthCentral,1/29/17,Organic,1.08,121203.53
SouthCentral,2/5/17,Conventional,0.62,9421609.22
SouthCentral,2/5/17,Organic,1.12,104656.52
SouthCentral,2/12/17,Conventional,0.68,7043078.06
SouthCentral,2/12/17,Organic,1.12,121268.68
SouthCentral,2/19/17,Conventional,0.75,5953222.87
SouthCentral,2/19/17,Organic,1,147729.4
SouthCentral,2/26/17,Conventional,0.7,6808805.4
SouthCentral,2/26/17,Organic,0.99,171145
SouthCentral,3/5/17,Conventional,0.87,5637789.74
SouthCentral,3/5/17,Organic,0.99,155011.12
SouthCentral,3/12/17,Conventional,0.93,5316530.73
SouthCentral,3/12/17,Organic,1.04,168236.96
SouthCentral,3/19/17,Conventional,0.94,5498742.96
SouthCentral,3/19/17,Organic,1.03,160600.06
SouthCentral,3/26/17,Conventional,0.93,5805541.99
SouthCentral,3/26/17,Organic,1.03,197899.23
SouthCentral,4/2/17,Conventional,0.84,6777539
SouthCentral,4/2/17,Organic,1.14,169883.35
SouthCentral,4/9/17,Conventional,0.92,6183823.03
SouthCentral,4/9/17,Organic,1.06,173816.89
SouthCentral,4/16/17,Conventional,0.88,6949890.75
SouthCentral,4/16/17,Organic,1.04,204871.52
SouthCentral,4/23/17,Conventional,0.83,7523061.26
SouthCentral,4/23/17,Organic,1.19,144414.88
SouthCentral,4/30/17,Conventional,0.86,7483931.18
SouthCentral,4/30/17,Organic,1.31,126586.54
SouthCentral,5/7/17,Conventional,0.85,7922898.43
SouthCentral,5/7/17,Organic,1.34,138588.03
SouthCentral,5/14/17,Conventional,0.92,6551804
SouthCentral,5/14/17,Organic,1.46,142740.06
SouthCentral,5/21/17,Conventional,0.94,6084796.99
SouthCentral,5/21/17,Organic,1.45,147667.8
SouthCentral,5/28/17,Conventional,0.96,6549043.84
SouthCentral,5/28/17,Organic,1.19,187973.68
SouthCentral,6/4/17,Conventional,0.93,6585882.05
SouthCentral,6/4/17,Organic,1.13,197098.71
SouthCentral,6/11/17,Conventional,0.93,6526488.94
SouthCentral,6/11/17,Organic,1.17,183857.14
SouthCentral,6/18/17,Conventional,0.89,7417264.07
SouthCentral,6/18/17,Organic,1.27,149975.22
SouthCentral,6/25/17,Conventional,0.92,6466429.64
SouthCentral,6/25/17,Organic,1.36,130227.23
SouthCentral,7/2/17,Conventional,0.92,6675892.1
SouthCentral,7/2/17,Organic,1.17,169099.91
SouthCentral,7/9/17,Conventional,0.86,7194967.49
SouthCentral,7/9/17,Organic,1.13,180648.11
SouthCentral,7/16/17,Conventional,1.02,5780893.13
SouthCentral,7/16/17,Organic,1.46,144301.93
SouthCentral,7/23/17,Conventional,1.05,5550586.51
SouthCentral,7/23/17,Organic,1.52,131449.42
SouthCentral,7/30/17,Conventional,1.06,5548390.24
SouthCentral,7/30/17,Organic,1.52,124143.15
SouthCentral,8/6/17,Conventional,1.03,5882728.51
SouthCentral,8/6/17,Organic,1.48,141584.65
SouthCentral,8/13/17,Conventional,1.05,6058478.32
SouthCentral,8/13/17,Organic,1.52,112607.87
SouthCentral,8/20/17,Conventional,1.06,5412866.59
SouthCentral,8/20/17,Organic,1.64,115769.96
SouthCentral,8/27/17,Conventional,1.17,5303260.4
SouthCentral,8/27/17,Organic,1.81,125183.67
SouthCentral,9/3/17,Conventional,1.24,4677784.49
SouthCentral,9/3/17,Organic,1.78,109958.23
SouthCentral,9/10/17,Conventional,1.22,4926555.69
SouthCentral,9/10/17,Organic,1.75,108438.31
SouthCentral,9/17/17,Conventional,1.27,4685091.86
SouthCentral,9/17/17,Organic,1.8,108093.32
SouthCentral,9/24/17,Conventional,1.33,4405343.75
SouthCentral,9/24/17,Organic,1.77,124121.46
SouthCentral,10/1/17,Conventional,1.34,4488892.01
SouthCentral,10/1/17,Organic,1.75,107773.96
SouthCentral,10/8/17,Conventional,1.32,4735152.21
SouthCentral,10/8/17,Organic,1.75,106062.64
SouthCentral,10/15/17,Conventional,1.3,4553170.77
SouthCentral,10/15/17,Organic,1.74,115437.92
SouthCentral,10/22/17,Conventional,1.15,4919102.69
SouthCentral,10/22/17,Organic,1.73,109427.04
SouthCentral,10/29/17,Conventional,1.1,5167419.42
SouthCentral,10/29/17,Organic,1.73,105902.71
SouthCentral,11/5/17,Conventional,0.99,5798077.88
SouthCentral,11/5/17,Organic,1.69,99714.13
SouthCentral,11/12/17,Conventional,0.95,5627547
SouthCentral,11/12/17,Organic,1.67,117223.76
SouthCentral,11/19/17,Conventional,0.97,4864335
SouthCentral,11/19/17,Organic,1.54,115865.76
SouthCentral,11/26/17,Conventional,0.96,4362824
SouthCentral,11/26/17,Organic,1.57,91204.54
SouthCentral,12/3/17,Conventional,0.84,6037641
SouthCentral,12/3/17,Organic,1.59,106526.9
SouthCentral,12/10/17,Conventional,0.8,6113749.37
SouthCentral,12/10/17,Organic,1.5,102658.15
SouthCentral,12/17/17,Conventional,0.9,4951756.35
SouthCentral,12/17/17,Organic,1.45,116534.02
SouthCentral,12/24/17,Conventional,1,5140296.84
SouthCentral,12/24/17,Organic,1.47,126306.81
SouthCentral,12/31/17,Conventional,0.85,6150665.32
SouthCentral,12/31/17,Organic,1.41,115959.77
SouthCentral,1/1/18,Conventional,0.85,6150665.32
SouthCentral,1/1/18,Organic,1.41,115959.77
SouthCentral,1/7/18,Conventional,0.9,6148732.19
SouthCentral,1/7/18,Organic,1.41,126323.33
SouthCentral,1/14/18,Conventional,0.96,6514441.7
SouthCentral,1/14/18,Organic,1.5,146720.73
SouthCentral,1/21/18,Conventional,0.86,7128446.75
SouthCentral,1/21/18,Organic,1.44,138349.93
SouthCentral,1/28/18,Conventional,0.82,7110840.99
SouthCentral,1/28/18,Organic,1.42,137453.79
SouthCentral,2/4/18,Conventional,0.65,10323174.59
SouthCentral,2/4/18,Organic,1.41,135996.73
SouthCentral,2/11/18,Conventional,0.7,8043965.41
SouthCentral,2/11/18,Organic,1.4,128955.64
SouthCentral,2/18/18,Conventional,0.78,7057862
SouthCentral,2/18/18,Organic,1.42,134888.08
SouthCentral,2/25/18,Conventional,0.76,7648478.57
SouthCentral,2/25/18,Organic,1.41,126906.61
SouthCentral,3/4/18,Conventional,0.79,7399716.74
SouthCentral,3/4/18,Organic,1.41,144664.26
SouthCentral,3/11/18,Conventional,0.89,6621293.03
SouthCentral,3/11/18,Organic,1.32,179212.94
SouthCentral,3/18/18,Conventional,0.86,6579144.13
SouthCentral,3/18/18,Organic,1.28,154056.32
SouthCentral,3/25/18,Conventional,0.7,9010588.32
SouthCentral,3/25/18,Organic,1.42,163496.7
SouthCentral,4/1/18,Conventional,0.76,8515270.86
SouthCentral,4/1/18,Organic,1.34,174033
SouthCentral,4/8/18,Conventional,0.88,6757101.77
SouthCentral,4/8/18,Organic,1.42,171683.59
SouthCentral,4/15/18,Conventional,0.75,8646285.8
SouthCentral,4/15/18,Organic,1.37,162804.87
SouthCentral,4/22/18,Conventional,0.71,8712434.41
SouthCentral,4/22/18,Organic,1.39,155684.38
SouthCentral,4/29/18,Conventional,0.86,6794652.03
SouthCentral,4/29/18,Organic,1.48,162599.68
SouthCentral,5/6/18,Conventional,0.7,10252748.73
SouthCentral,5/6/18,Organic,1.35,160821.6
SouthCentral,5/13/18,Conventional,0.71,8628945.2
SouthCentral,5/13/18,Organic,1.32,154855.44
SouthCentral,5/20/18,Conventional,0.69,8849426.91
SouthCentral,5/20/18,Organic,1.37,169056.91
SouthCentral,5/27/18,Conventional,0.7,9157655.54
SouthCentral,5/27/18,Organic,1.35,162781.97
SouthCentral,6/3/18,Conventional,0.81,7727904.88
SouthCentral,6/3/18,Organic,1.4,158468.85
SouthCentral,6/10/18,Conventional,0.81,7476012.11
SouthCentral,6/10/18,Organic,1.45,186552.26
SouthCentral,6/17/18,Conventional,0.87,7235255.98
SouthCentral,6/17/18,Organic,1.41,186344.14
SouthCentral,6/24/18,Conventional,0.8,7594319.73
SouthCentral,6/24/18,Organic,1.38,158941.66
SouthCentral,7/1/18,Conventional,0.82,7645570.39
SouthCentral,7/1/18,Organic,1.37,150976.28
SouthCentral,7/8/18,Conventional,0.74,9050347.7
SouthCentral,7/8/18,Organic,1.43,134279.06
SouthCentral,7/15/18,Conventional,0.79,8023898.53
SouthCentral,7/15/18,Organic,1.34,143830.28
SouthCentral,7/22/18,Conventional,0.88,7171157.2
SouthCentral,7/22/18,Organic,1.2,149868.62
SouthCentral,7/29/18,Conventional,0.88,6830042.57
SouthCentral,7/29/18,Organic,1.31,128878.42
SouthCentral,8/5/18,Conventional,0.95,6452082.58
SouthCentral,8/5/18,Organic,1.1,249702.14
SouthCentral,8/12/18,Conventional,0.93,6484032.76
SouthCentral,8/12/18,Organic,1.54,134966.04
SouthCentral,8/19/18,Conventional,0.84,7334949.16
SouthCentral,8/19/18,Organic,1.2,179023.83
SouthCentral,8/26/18,Conventional,0.95,6595013.66
SouthCentral,8/26/18,Organic,1.21,191147.84
SouthCentral,9/2/18,Conventional,1.01,6542840.9
SouthCentral,9/2/18,Organic,1.36,163080.57
SouthCentral,9/9/18,Conventional,1.02,6501521.14
SouthCentral,9/9/18,Organic,1.36,158265.97
SouthCentral,9/16/18,Conventional,1.02,6142281.25
SouthCentral,9/16/18,Organic,1.3,158306.83
SouthCentral,9/23/18,Conventional,0.94,6492280.17
SouthCentral,9/23/18,Organic,1.33,141991.74
SouthCentral,9/30/18,Conventional,0.78,7460344.91
SouthCentral,9/30/18,Organic,1.48,139540.48
SouthCentral,10/7/18,Conventional,0.81,7371527.13
SouthCentral,10/7/18,Organic,1.46,146998.99
SouthCentral,10/14/18,Conventional,0.86,6588934.9
SouthCentral,10/14/18,Organic,1.42,144126.49
SouthCentral,10/21/18,Conventional,0.86,6288768.81
SouthCentral,10/21/18,Organic,1.48,118040.39
SouthCentral,10/28/18,Conventional,0.77,7119384.64
SouthCentral,10/28/18,Organic,1.45,120769.91
SouthCentral,11/4/18,Conventional,0.77,6878672.82
SouthCentral,11/4/18,Organic,1.43,138599.69
SouthCentral,11/11/18,Conventional,0.72,7175257.04
SouthCentral,11/11/18,Organic,1.27,151163.52
SouthCentral,11/18/18,Conventional,0.77,5360181.77
SouthCentral,11/18/18,Organic,1.32,136951.69
SouthCentral,11/25/18,Conventional,0.88,3687130.18
SouthCentral,11/25/18,Organic,1.44,100161.13
SouthCentral,12/2/18,Conventional,0.85,5615341.14
SouthCentral,12/2/18,Organic,1.47,120441.44
Southeast,1/4/15,Conventional,0.98,3204112.16
Southeast,1/4/15,Organic,1.75,27365.89
Southeast,1/11/15,Conventional,1.18,2433295.61
Southeast,1/11/15,Organic,1.83,23690.65
Southeast,1/18/15,Conventional,1.19,2595783.66
Southeast,1/18/15,Organic,1.79,25740
Southeast,1/25/15,Conventional,1.15,2778000.82
Southeast,1/25/15,Organic,1.81,23809.3
Southeast,2/1/15,Conventional,0.93,4924049.79
Southeast,2/1/15,Organic,1.6,35085.7
Southeast,2/8/15,Conventional,1.11,2573973.63
Southeast,2/8/15,Organic,1.51,50546.78
Southeast,2/15/15,Conventional,1.16,2558563.78
Southeast,2/15/15,Organic,1.64,31775.03
Southeast,2/22/15,Conventional,1.11,2796195.76
Southeast,2/22/15,Organic,1.59,37584.04
Southeast,3/1/15,Conventional,1.01,3633174.13
Southeast,3/1/15,Organic,1.46,47299.44
Southeast,3/8/15,Conventional,1.18,2642581.73
Southeast,3/8/15,Organic,1.47,46965.06
Southeast,3/15/15,Conventional,1.21,2602341.55
Southeast,3/15/15,Organic,1.48,44030.34
Southeast,3/22/15,Conventional,0.98,3867453.83
Southeast,3/22/15,Organic,1.73,33825.57
Southeast,3/29/15,Conventional,1.16,2558925.23
Southeast,3/29/15,Organic,1.84,29745.23
Southeast,4/5/15,Conventional,1.08,3140456.17
Southeast,4/5/15,Organic,1.78,30801.68
Southeast,4/12/15,Conventional,1,3781504.91
Southeast,4/12/15,Organic,1.82,29548.36
Southeast,4/19/15,Conventional,1.14,2857156.51
Southeast,4/19/15,Organic,1.69,34095.71
Southeast,4/26/15,Conventional,1.16,3011225.49
Southeast,4/26/15,Organic,1.7,33155.61
Southeast,5/3/15,Conventional,0.97,4986270.76
Southeast,5/3/15,Organic,1.7,30991.09
Southeast,5/10/15,Conventional,1.17,2963777.8
Southeast,5/10/15,Organic,1.77,30778.46
Southeast,5/17/15,Conventional,1.15,2936173.63
Southeast,5/17/15,Organic,1.7,30978.21
Southeast,5/24/15,Conventional,1,4298514.96
Southeast,5/24/15,Organic,1.78,30206.24
Southeast,5/31/15,Conventional,1.17,2884507.74
Southeast,5/31/15,Organic,1.81,29247.9
Southeast,6/7/15,Conventional,0.99,4003121.77
Southeast,6/7/15,Organic,1.75,30089.62
Southeast,6/14/15,Conventional,1.15,3021825.81
Southeast,6/14/15,Organic,1.87,27578.12
Southeast,6/21/15,Conventional,0.97,4019384.71
Southeast,6/21/15,Organic,1.88,25842.76
Southeast,6/28/15,Conventional,1.14,3026048.11
Southeast,6/28/15,Organic,1.74,29549.92
Southeast,7/5/15,Conventional,0.99,4295280.16
Southeast,7/5/15,Organic,1.72,27947.09
Southeast,7/12/15,Conventional,1.17,2748745.96
Southeast,7/12/15,Organic,1.72,37288.73
Southeast,7/19/15,Conventional,0.99,3810950.39
Southeast,7/19/15,Organic,1.53,35667.73
Southeast,7/26/15,Conventional,1.15,2742949.66
Southeast,7/26/15,Organic,1.67,33855.61
Southeast,8/2/15,Conventional,1.18,2674633.13
Southeast,8/2/15,Organic,1.88,28234.61
Southeast,8/9/15,Conventional,1,3804851.11
Southeast,8/9/15,Organic,1.9,29598.14
Southeast,8/16/15,Conventional,1.16,2766391.11
Southeast,8/16/15,Organic,1.75,36529.07
Southeast,8/23/15,Conventional,1.16,2580705.47
Southeast,8/23/15,Organic,1.71,37578.78
Southeast,8/30/15,Conventional,1.19,2544630.5
Southeast,8/30/15,Organic,1.74,33530.11
Southeast,9/6/15,Conventional,0.97,3750714.49
Southeast,9/6/15,Organic,1.9,30582.99
Southeast,9/13/15,Conventional,1.15,2486654.71
Southeast,9/13/15,Organic,1.95,25470.62
Southeast,9/20/15,Conventional,0.96,3496412.09
Southeast,9/20/15,Organic,1.92,27123.43
Southeast,9/27/15,Conventional,1.17,2314057.46
Southeast,9/27/15,Organic,2.01,22416.55
Southeast,10/4/15,Conventional,0.98,3259659.28
Southeast,10/4/15,Organic,1.84,31299.72
Southeast,10/11/15,Conventional,0.97,3179824.67
Southeast,10/11/15,Organic,1.78,33922.49
Southeast,10/18/15,Conventional,1.15,2274638.59
Southeast,10/18/15,Organic,1.91,29054.81
Southeast,10/25/15,Conventional,1.16,2211716.76
Southeast,10/25/15,Organic,1.78,29706.6
Southeast,11/1/15,Conventional,0.98,3227049.19
Southeast,11/1/15,Organic,1.73,29978.74
Southeast,11/8/15,Conventional,1.16,2197763.7
Southeast,11/8/15,Organic,1.73,32091.23
Southeast,11/15/15,Conventional,1.16,2242688.2
Southeast,11/15/15,Organic,1.75,30790.79
Southeast,11/22/15,Conventional,0.98,2667551.84
Southeast,11/22/15,Organic,1.81,23612
Southeast,11/29/15,Conventional,0.97,2615828.04
Southeast,11/29/15,Organic,1.63,24450.39
Southeast,12/6/15,Conventional,1.13,2205550.58
Southeast,12/6/15,Organic,1.66,26746.71
Southeast,12/13/15,Conventional,0.96,3042588.2
Southeast,12/13/15,Organic,1.74,24743.66
Southeast,12/20/15,Conventional,1.12,2206305.07
Southeast,12/20/15,Organic,1.8,25412.6
Southeast,12/27/15,Conventional,0.98,3024956.05
Southeast,12/27/15,Organic,1.7,25732.69
Southeast,1/3/16,Conventional,1.06,3280451.38
Southeast,1/3/16,Organic,1.32,86759.88
Southeast,1/10/16,Conventional,0.93,4132191.54
Southeast,1/10/16,Organic,1.64,41864.22
Southeast,1/17/16,Conventional,1.09,2913810.18
Southeast,1/17/16,Organic,1.69,36802.17
Southeast,1/24/16,Conventional,0.9,3895844.89
Southeast,1/24/16,Organic,1.55,45545.02
Southeast,1/31/16,Conventional,1.02,3318109.53
Southeast,1/31/16,Organic,1.63,41361.94
Southeast,2/7/16,Conventional,0.62,6847218.72
Southeast,2/7/16,Organic,1.61,36963.31
Southeast,2/14/16,Conventional,0.98,3234338.23
Southeast,2/14/16,Organic,1.57,39730.5
Southeast,2/21/16,Conventional,1.04,3068786.09
Southeast,2/21/16,Organic,1.61,37375.96
Southeast,2/28/16,Conventional,0.84,4740050.22
Southeast,2/28/16,Organic,1.66,36570.56
Southeast,3/6/16,Conventional,1.07,3161231.11
Southeast,3/6/16,Organic,1.61,40036.61
Southeast,3/13/16,Conventional,0.88,4688502.05
Southeast,3/13/16,Organic,1.45,49979.08
Southeast,3/20/16,Conventional,1.05,3304400.62
Southeast,3/20/16,Organic,1.46,49153.27
Southeast,3/27/16,Conventional,1.05,3242245.67
Southeast,3/27/16,Organic,1.48,51791.11
Southeast,4/3/16,Conventional,1.04,3507226.18
Southeast,4/3/16,Organic,1.49,54364.05
Southeast,4/10/16,Conventional,0.86,4792907.32
Southeast,4/10/16,Organic,1.44,54667.44
Southeast,4/17/16,Conventional,1.01,3673260.93
Southeast,4/17/16,Organic,1.48,54241.93
Southeast,4/24/16,Conventional,0.84,5062464.54
Southeast,4/24/16,Organic,1.47,60780.65
Southeast,5/1/16,Conventional,0.75,6415228.14
Southeast,5/1/16,Organic,1.44,57064.62
Southeast,5/8/16,Conventional,0.86,4651540.06
Southeast,5/8/16,Organic,1.53,52129.42
Southeast,5/15/16,Conventional,0.82,5002102.24
Southeast,5/15/16,Organic,1.44,63876.47
Southeast,5/22/16,Conventional,1.05,3416062.07
Southeast,5/22/16,Organic,1.44,63165.58
Southeast,5/29/16,Conventional,0.92,4829487.03
Southeast,5/29/16,Organic,1.41,64136.98
Southeast,6/5/16,Conventional,0.91,4563745.14
Southeast,6/5/16,Organic,1.31,66438.8
Southeast,6/12/16,Conventional,1.07,3393712.37
Southeast,6/12/16,Organic,1.31,69103.23
Southeast,6/19/16,Conventional,0.94,4665536.74
Southeast,6/19/16,Organic,1.22,68218.09
Southeast,6/26/16,Conventional,1.09,3619364.21
Southeast,6/26/16,Organic,1.31,71367.79
Southeast,7/3/16,Conventional,0.91,5432816.58
Southeast,7/3/16,Organic,1.16,87258.97
Southeast,7/10/16,Conventional,1.1,3646868.94
Southeast,7/10/16,Organic,1.4,80274.62
Southeast,7/17/16,Conventional,1.15,3408142.71
Southeast,7/17/16,Organic,1.45,71665.65
Southeast,7/24/16,Conventional,1.17,3381732.73
Southeast,7/24/16,Organic,1.67,68443.21
Southeast,7/31/16,Conventional,1.18,3329108.94
Southeast,7/31/16,Organic,1.62,67427.23
Southeast,8/7/16,Conventional,1.18,3419326.48
Southeast,8/7/16,Organic,1.39,84966.16
Southeast,8/14/16,Conventional,1.09,4230674.67
Southeast,8/14/16,Organic,1.63,70790.98
Southeast,8/21/16,Conventional,1.11,3716886.69
Southeast,8/21/16,Organic,1.65,64499.62
Southeast,8/28/16,Conventional,1.11,3580022.43
Southeast,8/28/16,Organic,1.41,68341.93
Southeast,9/4/16,Conventional,0.96,4804279.06
Southeast,9/4/16,Organic,1.54,67309.14
Southeast,9/11/16,Conventional,1.08,3431698.41
Southeast,9/11/16,Organic,1.5,67246.01
Southeast,9/18/16,Conventional,1.11,3403999.22
Southeast,9/18/16,Organic,1.58,57792.45
Southeast,9/25/16,Conventional,1.32,3266161.45
Southeast,9/25/16,Organic,1.81,41398.38
Southeast,10/2/16,Conventional,1.38,3106952.74
Southeast,10/2/16,Organic,2.13,38668.06
Southeast,10/9/16,Conventional,1.37,2885138.33
Southeast,10/9/16,Organic,1.44,57606.91
Southeast,10/16/16,Conventional,1.24,3233029.42
Southeast,10/16/16,Organic,1.35,56442.73
Southeast,10/23/16,Conventional,1.43,2704875.68
Southeast,10/23/16,Organic,1.36,59238.63
Southeast,10/30/16,Conventional,1.44,2502552.63
Southeast,10/30/16,Organic,1.75,44666
Southeast,11/6/16,Conventional,1.44,2590997.85
Southeast,11/6/16,Organic,1.62,63877.72
Southeast,11/13/16,Conventional,1.37,2819888.75
Southeast,11/13/16,Organic,1.58,71470.8
Southeast,11/20/16,Conventional,1.38,2670425.59
Southeast,11/20/16,Organic,1.58,61264.14
Southeast,11/27/16,Conventional,1.39,2408199.34
Southeast,11/27/16,Organic,1.55,46032.7
Southeast,12/4/16,Conventional,0.99,3941512.2
Southeast,12/4/16,Organic,1.44,51799.91
Southeast,12/11/16,Conventional,1.21,2648135.47
Southeast,12/11/16,Organic,1.29,59141.95
Southeast,12/18/16,Conventional,0.96,3413410.59
Southeast,12/18/16,Organic,1.26,54712.86
Southeast,12/25/16,Conventional,0.94,3722102.33
Southeast,12/25/16,Organic,1.41,46895.78
Southeast,1/1/17,Conventional,0.94,4655896.95
Southeast,1/1/17,Organic,1.43,49777.56
Southeast,1/8/17,Conventional,1.17,3512131.09
Southeast,1/8/17,Organic,1.41,61788.03
Southeast,1/15/17,Conventional,1.17,3843139.76
Southeast,1/15/17,Organic,1.36,63939.14
Southeast,1/22/17,Conventional,0.97,4992701.64
Southeast,1/22/17,Organic,1.36,58686.47
Southeast,1/29/17,Conventional,1.12,4143712.22
Southeast,1/29/17,Organic,1.43,53543.13
Southeast,2/5/17,Conventional,0.81,7545938.97
Southeast,2/5/17,Organic,1.54,52925.32
Southeast,2/12/17,Conventional,0.91,4584245.6
Southeast,2/12/17,Organic,1.29,69669.46
Southeast,2/19/17,Conventional,1.14,3178563
Southeast,2/19/17,Organic,1.39,65605.97
Southeast,2/26/17,Conventional,1.09,3780081.91
Southeast,2/26/17,Organic,1.12,89221.79
Southeast,3/5/17,Conventional,1.39,3078856.36
Southeast,3/5/17,Organic,1.11,95526.15
Southeast,3/12/17,Conventional,1.45,3130784.67
Southeast,3/12/17,Organic,1.41,63661.35
Southeast,3/19/17,Conventional,1.45,3168368.37
Southeast,3/19/17,Organic,1.58,52790.71
Southeast,3/26/17,Conventional,1.52,3149349.04
Southeast,3/26/17,Organic,1.48,75769.87
Southeast,4/2/17,Conventional,1.49,3289069.45
Southeast,4/2/17,Organic,1.51,81061.62
Southeast,4/9/17,Conventional,1.41,3257901.93
Southeast,4/9/17,Organic,1.34,85742.82
Southeast,4/16/17,Conventional,1.37,3418235.57
Southeast,4/16/17,Organic,1.78,60348.45
Southeast,4/23/17,Conventional,1.39,3503236.08
Southeast,4/23/17,Organic,1.87,58969.91
Southeast,4/30/17,Conventional,1.24,4698266.8
Southeast,4/30/17,Organic,1.9,54311.43
Southeast,5/7/17,Conventional,1.14,5391717.88
Southeast,5/7/17,Organic,1.58,69763.54
Southeast,5/14/17,Conventional,1.36,3560841.76
Southeast,5/14/17,Organic,1.78,69261.08
Southeast,5/21/17,Conventional,1.38,3609377.95
Southeast,5/21/17,Organic,1.67,87299.49
Southeast,5/28/17,Conventional,1.38,3916908.69
Southeast,5/28/17,Organic,1.81,84319.76
Southeast,6/4/17,Conventional,1.34,4237221.91
Southeast,6/4/17,Organic,1.82,77032.09
Southeast,6/11/17,Conventional,1.33,4151016.69
Southeast,6/11/17,Organic,1.43,98734.76
Southeast,6/18/17,Conventional,1.35,3404457.77
Southeast,6/18/17,Organic,1.77,94314.28
Southeast,6/25/17,Conventional,1.28,3666944.13
Southeast,6/25/17,Organic,1.67,111509.08
Southeast,7/2/17,Conventional,1.33,3979264.02
Southeast,7/2/17,Organic,1.8,108360.53
Southeast,7/9/17,Conventional,1.32,3491991.63
Southeast,7/9/17,Organic,1.72,90791.94
Southeast,7/16/17,Conventional,1.36,3516276.38
Southeast,7/16/17,Organic,1.78,70097.22
Southeast,7/23/17,Conventional,1.36,3580363.85
Southeast,7/23/17,Organic,1.72,78813.04
Southeast,7/30/17,Conventional,1.38,3266646.69
Southeast,7/30/17,Organic,1.63,77530.96
Southeast,8/6/17,Conventional,1.41,3282864.06
Southeast,8/6/17,Organic,1.78,64344.45
Southeast,8/13/17,Conventional,1.42,3654633.49
Southeast,8/13/17,Organic,1.85,76353.2
Southeast,8/20/17,Conventional,1.52,3113164.81
Southeast,8/20/17,Organic,1.96,89270.61
Southeast,8/27/17,Conventional,1.54,3005445.53
Southeast,8/27/17,Organic,2.16,77416.4
Southeast,9/3/17,Conventional,1.7,3049931.5
Southeast,9/3/17,Organic,2.26,77686.48
Southeast,9/10/17,Conventional,1.61,2707005.49
Southeast,9/10/17,Organic,2.17,77245.2
Southeast,9/17/17,Conventional,1.66,2816590.79
Southeast,9/17/17,Organic,2.33,71648.47
Southeast,9/24/17,Conventional,1.72,2761067.55
Southeast,9/24/17,Organic,2.25,90946.17
Southeast,10/1/17,Conventional,1.82,2755546.6
Southeast,10/1/17,Organic,2.29,83783.04
Southeast,10/8/17,Conventional,1.72,3072184.68
Southeast,10/8/17,Organic,2.13,76471.6
Southeast,10/15/17,Conventional,1.71,2896732.11
Southeast,10/15/17,Organic,1.99,72393.25
Southeast,10/22/17,Conventional,1.54,3133906.68
Southeast,10/22/17,Organic,1.91,90426.45
Southeast,10/29/17,Conventional,1.23,3856643.75
Southeast,10/29/17,Organic,1.84,92281.1
Southeast,11/5/17,Conventional,1.34,3194059.94
Southeast,11/5/17,Organic,1.8,89263.65
Southeast,11/12/17,Conventional,1.28,3422495
Southeast,11/12/17,Organic,1.73,81645.24
Southeast,11/19/17,Conventional,1.2,3446284
Southeast,11/19/17,Organic,1.59,81736.75
Southeast,11/26/17,Conventional,1.32,2743409
Southeast,11/26/17,Organic,1.56,77114.49
Southeast,12/3/17,Conventional,1.21,3452207
Southeast,12/3/17,Organic,1.54,73280.14
Southeast,12/10/17,Conventional,1.02,4091257.98
Southeast,12/10/17,Organic,1.48,79396.08
Southeast,12/17/17,Conventional,1.01,3751927.63
Southeast,12/17/17,Organic,1.5,81483.62
Southeast,12/24/17,Conventional,1.31,3077843.09
Southeast,12/24/17,Organic,1.57,90080.71
Southeast,12/31/17,Conventional,1.08,4651107.62
Southeast,12/31/17,Organic,1.4,92000.75
Southeast,1/1/18,Conventional,1.08,4651107.62
Southeast,1/1/18,Organic,1.4,92000.75
Southeast,1/7/18,Conventional,1.14,4544750.92
Southeast,1/7/18,Organic,1.4,103034.09
Southeast,1/14/18,Conventional,1.31,4198992.14
Southeast,1/14/18,Organic,1.42,106345.74
Southeast,1/21/18,Conventional,1.14,4954059.33
Southeast,1/21/18,Organic,1.48,105688.73
Southeast,1/28/18,Conventional,1.27,4199974.24
Southeast,1/28/18,Organic,1.55,103243.02
Southeast,2/4/18,Conventional,0.95,7516415.07
Southeast,2/4/18,Organic,1.44,96702.5
Southeast,2/11/18,Conventional,0.97,5141310.45
Southeast,2/11/18,Organic,1.46,103704.87
Southeast,2/18/18,Conventional,1.23,4082887.98
Southeast,2/18/18,Organic,1.5,103546.73
Southeast,2/25/18,Conventional,1.23,4302561.08
Southeast,2/25/18,Organic,1.46,115509.8
Southeast,3/4/18,Conventional,1.12,5054856.62
Southeast,3/4/18,Organic,1.55,122700.54
Southeast,3/11/18,Conventional,1.1,5239198.71
Southeast,3/11/18,Organic,1.37,113559.93
Southeast,3/18/18,Conventional,1.07,5278752.32
Southeast,3/18/18,Organic,1.43,119853.94
Southeast,3/25/18,Conventional,1.23,4454904.4
Southeast,3/25/18,Organic,1.45,121917.39
Southeast,4/1/18,Conventional,1.19,4696116.69
Southeast,4/1/18,Organic,1.48,128096.94
Southeast,4/8/18,Conventional,1.15,4787007.61
Southeast,4/8/18,Organic,1.43,160091.14
Southeast,4/15/18,Conventional,1.04,5726654.04
Southeast,4/15/18,Organic,1.36,171205.77
Southeast,4/22/18,Conventional,1.18,4736965.36
Southeast,4/22/18,Organic,1.46,137247.84
Southeast,4/29/18,Conventional,1.06,5998471.73
Southeast,4/29/18,Organic,1.55,133107.57
Southeast,5/6/18,Conventional,0.91,7810474.62
Southeast,5/6/18,Organic,1.52,133294.69
Southeast,5/13/18,Conventional,1.13,4973822.65
Southeast,5/13/18,Organic,1.4,119044.94
Southeast,5/20/18,Conventional,1.05,5571363.28
Southeast,5/20/18,Organic,1.37,125677.91
Southeast,5/27/18,Conventional,1.14,5101163.5
Southeast,5/27/18,Organic,1.4,124068.99
Southeast,6/3/18,Conventional,1.07,5719987.9
Southeast,6/3/18,Organic,1.4,132067.96
Southeast,6/10/18,Conventional,1.15,4993699.03
Southeast,6/10/18,Organic,1.49,148548.78
Southeast,6/17/18,Conventional,1.06,5857337.21
Southeast,6/17/18,Organic,1.4,125671.86
Southeast,6/24/18,Conventional,1.15,5019888.69
Southeast,6/24/18,Organic,1.3,137802.45
Southeast,7/1/18,Conventional,0.97,6217511.25
Southeast,7/1/18,Organic,1.29,132267.44
Southeast,7/8/18,Conventional,1.12,5153587
Southeast,7/8/18,Organic,1.27,143340.1
Southeast,7/15/18,Conventional,1.15,5030382.08
Southeast,7/15/18,Organic,1.32,137383.58
Southeast,7/22/18,Conventional,1.17,4877587.61
Southeast,7/22/18,Organic,1.41,133268.73
Southeast,7/29/18,Conventional,1.2,4562043.55
Southeast,7/29/18,Organic,1.43,111108.67
Southeast,8/5/18,Conventional,1.19,4702966.31
Southeast,8/5/18,Organic,1.44,122944.9
Southeast,8/12/18,Conventional,1.16,4799959.01
Southeast,8/12/18,Organic,1.41,122901.21
Southeast,8/19/18,Conventional,1.15,4889035.2
Southeast,8/19/18,Organic,1.45,108730.54
Southeast,8/26/18,Conventional,1.32,4261915.74
Southeast,8/26/18,Organic,1.4,133191.7
Southeast,9/2/18,Conventional,1.33,4333707.87
Southeast,9/2/18,Organic,1.45,162524.87
Southeast,9/9/18,Conventional,1.26,4125762.21
Southeast,9/9/18,Organic,1.45,144255.54
Southeast,9/16/18,Conventional,1.04,5436253.33
Southeast,9/16/18,Organic,1.5,139515.13
Southeast,9/23/18,Conventional,1.2,3891663.38
Southeast,9/23/18,Organic,1.56,141786.62
Southeast,9/30/18,Conventional,1,5367963.18
Southeast,9/30/18,Organic,1.55,109510.65
Southeast,10/7/18,Conventional,1.18,4112462.32
Southeast,10/7/18,Organic,1.54,122772.28
Southeast,10/14/18,Conventional,0.98,5173555.11
Southeast,10/14/18,Organic,1.52,113046.46
Southeast,10/21/18,Conventional,1.17,3656016.59
Southeast,10/21/18,Organic,1.55,117752.74
Southeast,10/28/18,Conventional,0.83,5852982.04
Southeast,10/28/18,Organic,1.52,105123.29
Southeast,11/4/18,Conventional,0.95,5304178.67
Southeast,11/4/18,Organic,1.48,105707.31
Southeast,11/11/18,Conventional,1.13,4013306.21
Southeast,11/11/18,Organic,1.51,116424.38
Southeast,11/18/18,Conventional,1.12,3571827.58
Southeast,11/18/18,Organic,1.55,126322.16
Southeast,11/25/18,Conventional,1.14,2825853
Southeast,11/25/18,Organic,1.51,51673.94
Southeast,12/2/18,Conventional,1.13,3660578.44
Southeast,12/2/18,Organic,1.5,73364.03
Total_US,1/4/15,Conventional,0.95,31324277.73
Total_US,1/4/15,Organic,1.46,612910.15
Total_US,1/11/15,Conventional,1.01,29063542.75
Total_US,1/11/15,Organic,1.42,669528.88
Total_US,1/18/15,Conventional,1.03,29043458.85
Total_US,1/18/15,Organic,1.42,713120
Total_US,1/25/15,Conventional,1.04,28470310.84
Total_US,1/25/15,Organic,1.53,556368.86
Total_US,2/1/15,Conventional,0.89,44655461.51
Total_US,2/1/15,Organic,1.36,740896.97
Total_US,2/8/15,Conventional,0.95,32137333.01
Total_US,2/8/15,Organic,1.48,730874.31
Total_US,2/15/15,Conventional,1.03,28012520.93
Total_US,2/15/15,Organic,1.58,616177
Total_US,2/22/15,Conventional,1.02,29936729.76
Total_US,2/22/15,Organic,1.51,673446.69
Total_US,3/1/15,Conventional,0.97,32994014.16
Total_US,3/1/15,Organic,1.4,814484.79
Total_US,3/8/15,Conventional,1.02,30094698.85
Total_US,3/8/15,Organic,1.49,783913.05
Total_US,3/15/15,Conventional,1.04,29572225.71
Total_US,3/15/15,Organic,1.5,644584.67
Total_US,3/22/15,Conventional,1.01,32513550.51
Total_US,3/22/15,Organic,1.49,682640.03
Total_US,3/29/15,Conventional,1.04,29982648.43
Total_US,3/29/15,Organic,1.6,674551.02
Total_US,4/5/15,Conventional,1.06,31500669.44
Total_US,4/5/15,Organic,1.63,661842.02
Total_US,4/12/15,Conventional,1.02,32046401.64
Total_US,4/12/15,Organic,1.53,810018.27
Total_US,4/19/15,Conventional,1.03,33091256.26
Total_US,4/19/15,Organic,1.59,675907.97
Total_US,4/26/15,Conventional,1.07,30894157.8
Total_US,4/26/15,Organic,1.45,872239.07
Total_US,5/3/15,Conventional,0.96,41291704.39
Total_US,5/3/15,Organic,1.37,912681.57
Total_US,5/10/15,Conventional,1.02,36400886.58
Total_US,5/10/15,Organic,1.42,861671.11
Total_US,5/17/15,Conventional,1.06,32027686.15
Total_US,5/17/15,Organic,1.5,761972.65
Total_US,5/24/15,Conventional,1.04,35344183.15
Total_US,5/24/15,Organic,1.59,714266.31
Total_US,5/31/15,Conventional,1.03,33720159.09
Total_US,5/31/15,Organic,1.58,716942.71
Total_US,6/7/15,Conventional,1,36549995.66
Total_US,6/7/15,Organic,1.67,640448.59
Total_US,6/14/15,Conventional,0.98,37026085.75
Total_US,6/14/15,Organic,1.68,646098.42
Total_US,6/21/15,Conventional,1.02,35734613.9
Total_US,6/21/15,Organic,1.66,638192.89
Total_US,6/28/15,Conventional,1.06,32408705.7
Total_US,6/28/15,Organic,1.64,659947.03
Total_US,7/5/15,Conventional,1.04,37943670.34
Total_US,7/5/15,Organic,1,668233
Total_US,7/12/15,Conventional,1.07,31660031.68
Total_US,7/12/15,Organic,1,608845
Total_US,7/19/15,Conventional,1.07,32324647.66
Total_US,7/19/15,Organic,1,650389
Total_US,7/26/15,Conventional,1.07,30652211.08
Total_US,7/26/15,Organic,1,580826
Total_US,8/2/15,Conventional,1.09,30358467.88
Total_US,8/2/15,Organic,1,573873
Total_US,8/9/15,Conventional,1.05,33254911.87
Total_US,8/9/15,Organic,1,625259
Total_US,8/16/15,Conventional,1.05,31936856.18
Total_US,8/16/15,Organic,1.75,644689.71
Total_US,8/23/15,Conventional,1.08,29699845.61
Total_US,8/23/15,Organic,1.72,666276.26
Total_US,8/30/15,Conventional,1.07,29761638.48
Total_US,8/30/15,Organic,1.66,670005.94
Total_US,9/6/15,Conventional,1.02,33526480.08
Total_US,9/6/15,Organic,1.78,593797.17
Total_US,9/13/15,Conventional,1.03,31245835.65
Total_US,9/13/15,Organic,1.8,552059.64
Total_US,9/20/15,Conventional,1.02,29569086.56
Total_US,9/20/15,Organic,1.77,515240.82
Total_US,9/27/15,Conventional,1.03,27753508.14
Total_US,9/27/15,Organic,1.75,501814.87
Total_US,10/4/15,Conventional,1.02,28243505.52
Total_US,10/4/15,Organic,1.72,557392.73
Total_US,10/11/15,Conventional,1,29216198.15
Total_US,10/11/15,Organic,1.69,519892.67
Total_US,10/18/15,Conventional,0.99,29375123.6
Total_US,10/18/15,Organic,1.71,518034.86
Total_US,10/25/15,Conventional,1.04,26240072.11
Total_US,10/25/15,Organic,1.62,560830.54
Total_US,11/1/15,Conventional,0.97,31047484.27
Total_US,11/1/15,Organic,1.47,647789.17
Total_US,11/8/15,Conventional,0.97,28485715.97
Total_US,11/8/15,Organic,1.54,605197.12
Total_US,11/15/15,Conventional,0.92,28597756.27
Total_US,11/15/15,Organic,1.6,511347.26
Total_US,11/22/15,Conventional,0.96,25114228.11
Total_US,11/22/15,Organic,1.49,584276.79
Total_US,11/29/15,Conventional,0.99,22617999.38
Total_US,11/29/15,Organic,1.5,507830.81
Total_US,12/6/15,Conventional,0.89,28800396.57
Total_US,12/6/15,Organic,1.52,514112.96
Total_US,12/13/15,Conventional,0.93,28041335.38
Total_US,12/13/15,Organic,1.43,624300.31
Total_US,12/20/15,Conventional,0.98,25083647.17
Total_US,12/20/15,Organic,1.53,531478.24
Total_US,12/27/15,Conventional,0.95,27297983.67
Total_US,12/27/15,Organic,1.52,549787.59
Total_US,1/3/16,Conventional,0.86,38142088.04
Total_US,1/3/16,Organic,1.43,704100.5
Total_US,1/10/16,Conventional,0.93,35264336.01
Total_US,1/10/16,Organic,1.35,828670.59
Total_US,1/17/16,Conventional,0.94,34426341.87
Total_US,1/17/16,Organic,1.44,695341.42
Total_US,1/24/16,Conventional,0.95,32787079.21
Total_US,1/24/16,Organic,1.41,776964.55
Total_US,1/31/16,Conventional,0.93,34721249.92
Total_US,1/31/16,Organic,1.43,772077.2
Total_US,2/7/16,Conventional,0.76,52288697.89
Total_US,2/7/16,Organic,1.44,758795.1
Total_US,2/14/16,Conventional,0.88,36476441.86
Total_US,2/14/16,Organic,1.37,852463.31
Total_US,2/21/16,Conventional,0.94,32804733.22
Total_US,2/21/16,Organic,1.45,738856.92
Total_US,2/28/16,Conventional,0.91,36801817.68
Total_US,2/28/16,Organic,1.44,845011.63
Total_US,3/6/16,Conventional,0.95,35064506.04
Total_US,3/6/16,Organic,1.28,1012415.85
Total_US,3/13/16,Conventional,0.93,36374516.14
Total_US,3/13/16,Organic,1.29,1023655.87
Total_US,3/20/16,Conventional,0.93,36335483.78
Total_US,3/20/16,Organic,1.27,1045450.41
Total_US,3/27/16,Conventional,0.94,35930195.92
Total_US,3/27/16,Organic,1.44,900644.79
Total_US,4/3/16,Conventional,0.94,33668450.55
Total_US,4/3/16,Organic,1.44,930722.39
Total_US,4/10/16,Conventional,0.9,36584029.39
Total_US,4/10/16,Organic,1.26,1179603.03
Total_US,4/17/16,Conventional,0.9,37467885.19
Total_US,4/17/16,Organic,1.38,1022217.32
Total_US,4/24/16,Conventional,0.87,39607695.3
Total_US,4/24/16,Organic,1.25,1475457.53
Total_US,5/1/16,Conventional,0.84,42867608.54
Total_US,5/1/16,Organic,1.28,1317867
Total_US,5/8/16,Conventional,0.82,46324529.7
Total_US,5/8/16,Organic,1.3,1137940.78
Total_US,5/15/16,Conventional,0.89,39914996.74
Total_US,5/15/16,Organic,1.45,1023252.17
Total_US,5/22/16,Conventional,0.93,36958035.51
Total_US,5/22/16,Organic,1.36,1165715.01
Total_US,5/29/16,Conventional,0.94,40019075.24
Total_US,5/29/16,Organic,1.41,1085152.56
Total_US,6/5/16,Conventional,0.97,40231259.65
Total_US,6/5/16,Organic,1.43,1012717.93
Total_US,6/12/16,Conventional,1.04,35580820
Total_US,6/12/16,Organic,1.45,975275.55
Total_US,6/19/16,Conventional,1.02,38489936.14
Total_US,6/19/16,Organic,1.45,1071066.66
Total_US,6/26/16,Conventional,1.04,36617023.79
Total_US,6/26/16,Organic,1.5,1007378.78
Total_US,7/3/16,Conventional,1.06,39993186.04
Total_US,7/3/16,Organic,1.47,1073595.37
Total_US,7/10/16,Conventional,1.1,35567568.43
Total_US,7/10/16,Organic,1.51,1043428.53
Total_US,7/17/16,Conventional,1.15,32656123.63
Total_US,7/17/16,Organic,1.63,1018118.27
Total_US,7/24/16,Conventional,1.2,32339377.09
Total_US,7/24/16,Organic,1.65,919489.84
Total_US,7/31/16,Conventional,1.23,31201590.22
Total_US,7/31/16,Organic,1.58,946087.81
Total_US,8/7/16,Conventional,1.15,33819909.09
Total_US,8/7/16,Organic,1.55,1012237.01
Total_US,8/14/16,Conventional,1.12,34386177.3
Total_US,8/14/16,Organic,1.48,1093287.79
Total_US,8/21/16,Conventional,1.1,33592097.72
Total_US,8/21/16,Organic,1.51,1033169.7
Total_US,8/28/16,Conventional,1.09,33993931.31
Total_US,8/28/16,Organic,1.49,948530.88
Total_US,9/4/16,Conventional,1.04,37130688.91
Total_US,9/4/16,Organic,1.54,1052088.77
Total_US,9/11/16,Conventional,1.08,34126730.95
Total_US,9/11/16,Organic,1.52,1103488.85
Total_US,9/18/16,Conventional,1.15,31346091.46
Total_US,9/18/16,Organic,1.67,871627.58
Total_US,9/25/16,Conventional,1.22,30305112.89
Total_US,9/25/16,Organic,1.69,808891.94
Total_US,10/2/16,Conventional,1.23,29615008.49
Total_US,10/2/16,Organic,1.71,790926.03
Total_US,10/9/16,Conventional,1.27,28857581.98
Total_US,10/9/16,Organic,1.52,878367.41
Total_US,10/16/16,Conventional,1.3,27707046.82
Total_US,10/16/16,Organic,1.5,815859.49
Total_US,10/23/16,Conventional,1.34,24753513.95
Total_US,10/23/16,Organic,1.63,699763.35
Total_US,10/30/16,Conventional,1.43,21009730.21
Total_US,10/30/16,Organic,1.93,647723.55
Total_US,11/6/16,Conventional,1.44,22534698.38
Total_US,11/6/16,Organic,1.68,897671.29
Total_US,11/13/16,Conventional,1.36,24075126.49
Total_US,11/13/16,Organic,1.7,863948.15
Total_US,11/20/16,Conventional,1.27,24989702.75
Total_US,11/20/16,Organic,1.63,860320.59
Total_US,11/27/16,Conventional,1.21,22923062.65
Total_US,11/27/16,Organic,1.64,761675.87
Total_US,12/4/16,Conventional,1,31621221.9
Total_US,12/4/16,Organic,1.56,832767.55
Total_US,12/11/16,Conventional,0.98,30093540.7
Total_US,12/11/16,Organic,1.42,856795.63
Total_US,12/18/16,Conventional,0.96,29583882.61
Total_US,12/18/16,Organic,1.43,797042.27
Total_US,12/25/16,Conventional,1,30287853.7
Total_US,12/25/16,Organic,1.34,914035.42
Total_US,1/1/17,Conventional,0.89,38879716.85
Total_US,1/1/17,Organic,1.48,808971.88
Total_US,1/8/17,Conventional,0.99,38049802.62
Total_US,1/8/17,Organic,1.43,990721.83
Total_US,1/15/17,Conventional,0.98,38295488.31
Total_US,1/15/17,Organic,1.44,975724.28
Total_US,1/22/17,Conventional,0.94,42140393.39
Total_US,1/22/17,Organic,1.37,994282.98
Total_US,1/29/17,Conventional,0.96,39373579.25
Total_US,1/29/17,Organic,1.43,953206.1
Total_US,2/5/17,Conventional,0.77,61034457.1
Total_US,2/5/17,Organic,1.36,1015621.03
Total_US,2/12/17,Conventional,0.87,41077470.65
Total_US,2/12/17,Organic,1.41,1060775.98
Total_US,2/19/17,Conventional,0.99,33905854.58
Total_US,2/19/17,Organic,1.31,1634877.11
Total_US,2/26/17,Conventional,0.99,37007797.69
Total_US,2/26/17,Organic,1.21,1436663.15
Total_US,3/5/17,Conventional,1.13,33684175.01
Total_US,3/5/17,Organic,1.16,1619398.24
Total_US,3/12/17,Conventional,1.22,32020573.94
Total_US,3/12/17,Organic,1.38,1337596.89
Total_US,3/19/17,Conventional,1.25,31595125.23
Total_US,3/19/17,Organic,1.5,1284018.65
Total_US,3/26/17,Conventional,1.24,32555119.32
Total_US,3/26/17,Organic,1.29,1581127.36
Total_US,4/2/17,Conventional,1.21,34468017.36
Total_US,4/2/17,Organic,1.42,1492167.41
Total_US,4/9/17,Conventional,1.21,34785712.55
Total_US,4/9/17,Organic,1.43,1387436.32
Total_US,4/16/17,Conventional,1.23,35182320.78
Total_US,4/16/17,Organic,1.49,1493331.28
Total_US,4/23/17,Conventional,1.18,35729013.92
Total_US,4/23/17,Organic,1.61,1190461.18
Total_US,4/30/17,Conventional,1.18,38315500.43
Total_US,4/30/17,Organic,1.68,1248175.29
Total_US,5/7/17,Conventional,1.09,47293921.6
Total_US,5/7/17,Organic,1.57,1394126.23
Total_US,5/14/17,Conventional,1.19,36634269.03
Total_US,5/14/17,Organic,1.55,1375125.12
Total_US,5/21/17,Conventional,1.26,34397651.15
Total_US,5/21/17,Organic,1.71,1210560.61
Total_US,5/28/17,Conventional,1.28,37030893.73
Total_US,5/28/17,Organic,1.69,1302205.55
Total_US,6/4/17,Conventional,1.24,37352360.59
Total_US,6/4/17,Organic,1.64,1352960.47
Total_US,6/11/17,Conventional,1.21,37039853.8
Total_US,6/11/17,Organic,1.56,1397448.17
Total_US,6/18/17,Conventional,1.18,38247669.33
Total_US,6/18/17,Organic,1.71,1304554.29
Total_US,6/25/17,Conventional,1.17,37305307.68
Total_US,6/25/17,Organic,1.77,1101009.92
Total_US,7/2/17,Conventional,1.21,38010426.16
Total_US,7/2/17,Organic,1.74,1173393.06
Total_US,7/9/17,Conventional,1.17,39367336.18
Total_US,7/9/17,Organic,1.71,1130374.7
Total_US,7/16/17,Conventional,1.33,32455047.11
Total_US,7/16/17,Organic,1.78,1148354.84
Total_US,7/23/17,Conventional,1.31,32608301.51
Total_US,7/23/17,Organic,1.76,1214158.19
Total_US,7/30/17,Conventional,1.32,31756097.22
Total_US,7/30/17,Organic,1.78,1091590.78
Total_US,8/6/17,Conventional,1.33,32529920.23
Total_US,8/6/17,Organic,1.83,1059971.14
Total_US,8/13/17,Conventional,1.33,32817254.13
Total_US,8/13/17,Organic,1.88,1014709.07
Total_US,8/20/17,Conventional,1.41,29913744.37
Total_US,8/20/17,Organic,1.96,1071538.25
Total_US,8/27/17,Conventional,1.47,28785279.75
Total_US,8/27/17,Organic,2.09,1045992.02
Total_US,9/3/17,Conventional,1.57,26808410.65
Total_US,9/3/17,Organic,2.06,1075538.53
Total_US,9/10/17,Conventional,1.56,26385081.36
Total_US,9/10/17,Organic,2.03,1093955.66
Total_US,9/17/17,Conventional,1.57,25394902.82
Total_US,9/17/17,Organic,2,1074567.7
Total_US,9/24/17,Conventional,1.62,24637148.38
Total_US,9/24/17,Organic,1.94,1125443.38
Total_US,10/1/17,Conventional,1.64,24610645.21
Total_US,10/1/17,Organic,1.95,1072521.35
Total_US,10/8/17,Conventional,1.65,24397166.19
Total_US,10/8/17,Organic,1.9,1164140.49
Total_US,10/15/17,Conventional,1.58,25031589.09
Total_US,10/15/17,Organic,1.85,1172057.19
Total_US,10/22/17,Conventional,1.44,26706971.51
Total_US,10/22/17,Organic,1.82,1180823.79
Total_US,10/29/17,Conventional,1.29,30237911.23
Total_US,10/29/17,Organic,1.84,1123703.61
Total_US,11/5/17,Conventional,1.19,32051594.24
Total_US,11/5/17,Organic,1.82,1068530.09
Total_US,11/12/17,Conventional,1.15,32336225
Total_US,11/12/17,Organic,1.81,1044591.43
Total_US,11/19/17,Conventional,1.17,29253484
Total_US,11/19/17,Organic,1.77,967886.13
Total_US,11/26/17,Conventional,1.24,24686675
Total_US,11/26/17,Organic,1.72,957800.72
Total_US,12/3/17,Conventional,1.09,33824253
Total_US,12/3/17,Organic,1.62,1119325
Total_US,12/10/17,Conventional,1.03,35634913.01
Total_US,12/10/17,Organic,1.54,1217680.36
Total_US,12/17/17,Conventional,1.07,30757767.03
Total_US,12/17/17,Organic,1.57,1148617.16
Total_US,12/24/17,Conventional,1.18,29102349.33
Total_US,12/24/17,Organic,1.64,1179930.12
Total_US,12/31/17,Conventional,0.98,38267341.61
Total_US,12/31/17,Organic,1.52,1243940.09
Total_US,1/1/18,Conventional,0.98,38267341.61
Total_US,1/1/18,Organic,1.52,1243940.09
Total_US,1/7/18,Conventional,1.13,36703156.72
Total_US,1/7/18,Organic,1.51,1517332.7
Total_US,1/14/18,Conventional,1.2,37299945.22
Total_US,1/14/18,Organic,1.59,1476651.08
Total_US,1/21/18,Conventional,1.08,42939821.55
Total_US,1/21/18,Organic,1.63,1283987.65
Total_US,1/28/18,Conventional,1.09,40171640.84
Total_US,1/28/18,Organic,1.61,1336979.09
Total_US,2/4/18,Conventional,0.87,62505646.52
Total_US,2/4/18,Organic,1.53,1384683.41
Total_US,2/11/18,Conventional,0.97,43167806.09
Total_US,2/11/18,Organic,1.56,1317000.47
Total_US,2/18/18,Conventional,1.08,36709887.49
Total_US,2/18/18,Organic,1.52,1814929.97
Total_US,2/25/18,Conventional,1.06,40021528.76
Total_US,2/25/18,Organic,1.57,1459852.55
Total_US,3/4/18,Conventional,1.07,40741214.05
Total_US,3/4/18,Organic,1.52,1634430.77
Total_US,3/11/18,Conventional,1.09,40449603.12
Total_US,3/11/18,Organic,1.52,1664234.88
Total_US,3/18/18,Conventional,1.05,41386314.12
Total_US,3/18/18,Organic,1.54,1675804.22
Total_US,3/25/18,Conventional,1.03,43409835.75
Total_US,3/25/18,Organic,1.55,1559967.2
Total_US,4/1/18,Conventional,1.1,41109688.72
Total_US,4/1/18,Organic,1.55,1634205.97
Total_US,4/8/18,Conventional,1.04,42964067.68
Total_US,4/8/18,Organic,1.55,1565215.63
Total_US,4/15/18,Conventional,1.03,47098677.68
Total_US,4/15/18,Organic,1.51,1684002.95
Total_US,4/22/18,Conventional,1.04,44313979.3
Total_US,4/22/18,Organic,1.5,1762657.39
Total_US,4/29/18,Conventional,1.07,43856758.99
Total_US,4/29/18,Organic,1.55,1682802.87
Total_US,5/6/18,Conventional,0.89,63716144.15
Total_US,5/6/18,Organic,1.55,1553505.77
Total_US,5/13/18,Conventional,1,46371245.84
Total_US,5/13/18,Organic,1.53,1628313.11
Total_US,5/20/18,Conventional,1.02,44458798.3
Total_US,5/20/18,Organic,1.51,1673877.4
Total_US,5/27/18,Conventional,1.03,47105314.28
Total_US,5/27/18,Organic,1.42,2109541.63
Total_US,6/3/18,Conventional,1.07,44705039.05
Total_US,6/3/18,Organic,1.45,2114576.9
Total_US,6/10/18,Conventional,1.03,45613372.42
Total_US,6/10/18,Organic,1.52,1739840.46
Total_US,6/17/18,Conventional,1.09,44009084.78
Total_US,6/17/18,Organic,1.41,2009887.76
Total_US,6/24/18,Conventional,1.04,44742749.88
Total_US,6/24/18,Organic,1.5,1633962.12
Total_US,7/1/18,Conventional,1.05,45572739.17
Total_US,7/1/18,Organic,1.56,1577022.49
Total_US,7/8/18,Conventional,1.03,47848189.79
Total_US,7/8/18,Organic,1.57,1589877.42
Total_US,7/15/18,Conventional,1.07,43126773.22
Total_US,7/15/18,Organic,1.58,1568944.98
Total_US,7/22/18,Conventional,1.1,41906916.84
Total_US,7/22/18,Organic,1.57,1512027.8
Total_US,7/29/18,Conventional,1.12,40512782.19
Total_US,7/29/18,Organic,1.59,1450807.92
Total_US,8/5/18,Conventional,1.15,39427666.54
Total_US,8/5/18,Organic,1.55,1537041.22
Total_US,8/12/18,Conventional,1.12,40901950.01
Total_US,8/12/18,Organic,1.64,1387186.89
Total_US,8/19/18,Conventional,1.13,40735732.68
Total_US,8/19/18,Organic,1.64,1401564.09
Total_US,8/26/18,Conventional,1.22,36867974.58
Total_US,8/26/18,Organic,1.65,1444798.3
Total_US,9/2/18,Conventional,1.29,36169161.57
Total_US,9/2/18,Organic,1.71,1556510.73
Total_US,9/9/18,Conventional,1.24,37484253.75
Total_US,9/9/18,Organic,1.7,1517213.66
Total_US,9/16/18,Conventional,1.22,35609955.39
Total_US,9/16/18,Organic,1.7,1449050.99
Total_US,9/23/18,Conventional,1.19,34866282.28
Total_US,9/23/18,Organic,1.68,1439915.54
Total_US,9/30/18,Conventional,1.1,37588534.16
Total_US,9/30/18,Organic,1.67,1519326.55
Total_US,10/7/18,Conventional,1.08,38061759.66
Total_US,10/7/18,Organic,1.63,1561631.06
Total_US,10/14/18,Conventional,1.08,36869560.39
Total_US,10/14/18,Organic,1.57,1540282.85
Total_US,10/21/18,Conventional,1.13,34002534.69
Total_US,10/21/18,Organic,1.52,1498750.04
Total_US,10/28/18,Conventional,1.01,39402226.58
Total_US,10/28/18,Organic,1.5,1491232.38
Total_US,11/4/18,Conventional,1.01,38363282.73
Total_US,11/4/18,Organic,1.5,1436243.31
Total_US,11/11/18,Conventional,1,39042283.34
Total_US,11/11/18,Organic,1.49,1534804.73
Total_US,11/18/18,Conventional,1.14,29871135.02
Total_US,11/18/18,Organic,1.54,1652276.32
Total_US,11/25/18,Conventional,1.25,21855493.69
Total_US,11/25/18,Organic,1.66,1160387.64
Total_US,12/2/18,Conventional,1.22,27652425.62
Total_US,12/2/18,Organic,1.58,1242754.19
West,1/4/15,Conventional,0.89,5794410.58
West,1/4/15,Organic,1.4,187548.3
West,1/11/15,Conventional,0.95,5333097.71
West,1/11/15,Organic,1.39,223156.55
West,1/18/15,Conventional,0.96,5475363.01
West,1/18/15,Organic,1.33,251749.94
West,1/25/15,Conventional,0.94,5461313.9
West,1/25/15,Organic,1.52,166494.38
West,2/1/15,Conventional,0.84,8362504.08
West,2/1/15,Organic,1.34,216484.22
West,2/8/15,Conventional,0.89,5949846.14
West,2/8/15,Organic,1.4,246616.27
West,2/15/15,Conventional,0.98,5026688.71
West,2/15/15,Organic,1.58,166334.97
West,2/22/15,Conventional,0.95,5939402.98
West,2/22/15,Organic,1.48,188334.19
West,3/1/15,Conventional,0.95,5840742.83
West,3/1/15,Organic,1.4,218957.86
West,3/8/15,Conventional,0.99,5382693.51
West,3/8/15,Organic,1.37,330353.76
West,3/15/15,Conventional,0.94,5572582.45
West,3/15/15,Organic,1.41,236130.36
West,3/22/15,Conventional,0.99,5368331.44
West,3/22/15,Organic,1.43,271984.49
West,3/29/15,Conventional,0.93,5719898.26
West,3/29/15,Organic,1.54,263845.02
West,4/5/15,Conventional,0.95,5929718.67
West,4/5/15,Organic,1.69,194132.3
West,4/12/15,Conventional,0.98,5609471.36
West,4/12/15,Organic,1.5,262870.62
West,4/19/15,Conventional,0.88,6612422.28
West,4/19/15,Organic,1.58,191660.54
West,4/26/15,Conventional,0.9,6013312.36
West,4/26/15,Organic,1.27,389892.07
West,5/3/15,Conventional,0.89,6937095.53
West,5/3/15,Organic,1.24,378778.68
West,5/10/15,Conventional,0.94,6323724.8
West,5/10/15,Organic,1.47,233387.28
West,5/17/15,Conventional,0.98,5338992.15
West,5/17/15,Organic,1.49,229340.78
West,5/24/15,Conventional,0.93,6139159.81
West,5/24/15,Organic,1.6,203951.84
West,5/31/15,Conventional,0.93,5874982.36
West,5/31/15,Organic,1.53,251074.96
West,6/7/15,Conventional,0.92,6669221.29
West,6/7/15,Organic,1.74,192122.01
West,6/14/15,Conventional,0.92,6760001.68
West,6/14/15,Organic,1.71,194492.22
West,6/21/15,Conventional,0.93,6478952.08
West,6/21/15,Organic,1.57,214929.13
West,6/28/15,Conventional,1.03,5617752.22
West,6/28/15,Organic,1.59,228925.49
West,7/5/15,Conventional,0.98,6749081.2
West,7/5/15,Organic,1.71,195265.06
West,7/12/15,Conventional,1.01,5791508.96
West,7/12/15,Organic,1.81,161657.89
West,7/19/15,Conventional,1.04,5525298.95
West,7/19/15,Organic,1.56,227872.88
West,7/26/15,Conventional,1.07,5126588.84
West,7/26/15,Organic,1.86,159233.08
West,8/2/15,Conventional,1.02,5451040.76
West,8/2/15,Organic,1.81,160585.07
West,8/9/15,Conventional,1.01,5531488.2
West,8/9/15,Organic,1.77,170475.9
West,8/16/15,Conventional,0.98,5718139.41
West,8/16/15,Organic,1.67,214374.59
West,8/23/15,Conventional,1.04,5197578.46
West,8/23/15,Organic,1.75,182568.08
West,8/30/15,Conventional,1.03,5138256.91
West,8/30/15,Organic,1.54,220337.3
West,9/6/15,Conventional,0.93,5900751.95
West,9/6/15,Organic,1.83,147088.73
West,9/13/15,Conventional,0.92,5811260.29
West,9/13/15,Organic,1.83,135524.9
West,9/20/15,Conventional,0.92,5596091.03
West,9/20/15,Organic,1.73,119727.18
West,9/27/15,Conventional,0.97,4792868.29
West,9/27/15,Organic,1.65,143436.75
West,10/4/15,Conventional,1,4895485.63
West,10/4/15,Organic,1.61,176416.14
West,10/11/15,Conventional,0.91,5534450.99
West,10/11/15,Organic,1.66,143146.85
West,10/18/15,Conventional,0.89,5413532.64
West,10/18/15,Organic,1.69,139473.83
West,10/25/15,Conventional,0.95,4945835.54
West,10/25/15,Organic,1.59,140994.25
West,11/1/15,Conventional,0.9,5024858.14
West,11/1/15,Organic,1.23,242525.92
West,11/8/15,Conventional,0.88,5094837.54
West,11/8/15,Organic,1.36,201480.84
West,11/15/15,Conventional,0.83,5972493.77
West,11/15/15,Organic,1.61,124812.43
West,11/22/15,Conventional,0.92,4481990.34
West,11/22/15,Organic,1.29,223979.09
West,11/29/15,Conventional,0.99,3719603.21
West,11/29/15,Organic,1.26,174210.66
West,12/6/15,Conventional,0.75,6202513.84
West,12/6/15,Organic,1.39,139927.17
West,12/13/15,Conventional,0.85,4899439.92
West,12/13/15,Organic,1.16,228520.16
West,12/20/15,Conventional,0.88,4737649.03
West,12/20/15,Organic,1.45,144120.63
West,12/27/15,Conventional,0.83,5291979.63
West,12/27/15,Organic,1.46,142710.36
West,1/3/16,Conventional,0.73,7707711.9
West,1/3/16,Organic,1.41,171841.15
West,1/10/16,Conventional,0.77,7438252.93
West,1/10/16,Organic,1.09,255091.59
West,1/17/16,Conventional,0.81,7221572.36
West,1/17/16,Organic,1.27,190161.43
West,1/24/16,Conventional,0.78,6118107.22
West,1/24/16,Organic,1.27,184872.75
West,1/31/16,Conventional,0.85,6331953.73
West,1/31/16,Organic,1.23,216330.45
West,2/7/16,Conventional,0.69,9718438.84
West,2/7/16,Organic,1.22,196570.63
West,2/14/16,Conventional,0.78,6774726.47
West,2/14/16,Organic,1.07,292307.61
West,2/21/16,Conventional,0.77,7047624.39
West,2/21/16,Organic,1.37,163120.64
West,2/28/16,Conventional,0.78,7193896.75
West,2/28/16,Organic,1.42,183804.74
West,3/6/16,Conventional,0.8,6903293
West,3/6/16,Organic,0.96,356224.38
West,3/13/16,Conventional,0.81,6725483.24
West,3/13/16,Organic,1,344775.17
West,3/20/16,Conventional,0.78,6938294.62
West,3/20/16,Organic,0.99,380211.61
West,3/27/16,Conventional,0.78,7081399.02
West,3/27/16,Organic,1.39,208015.17
West,4/3/16,Conventional,0.79,6645738.99
West,4/3/16,Organic,1.27,226558.02
West,4/10/16,Conventional,0.79,7275842.54
West,4/10/16,Organic,0.99,405751.04
West,4/17/16,Conventional,0.77,7592473.98
West,4/17/16,Organic,1.31,250678.16
West,4/24/16,Conventional,0.78,6746174.8
West,4/24/16,Organic,1.01,628445.85
West,5/1/16,Conventional,0.79,7158300.84
West,5/1/16,Organic,1.01,509484.65
West,5/8/16,Conventional,0.75,8706859.44
West,5/8/16,Organic,1.08,291268.76
West,5/15/16,Conventional,0.77,7486622.03
West,5/15/16,Organic,1.39,252652.39
West,5/22/16,Conventional,0.83,6642111.52
West,5/22/16,Organic,1.27,321890.92
West,5/29/16,Conventional,0.79,7568132.39
West,5/29/16,Organic,1.37,249655.68
West,6/5/16,Conventional,0.82,7637424.02
West,6/5/16,Organic,1.58,195651.71
West,6/12/16,Conventional,0.92,6216040.13
West,6/12/16,Organic,1.6,183825.41
West,6/19/16,Conventional,0.86,6964845.92
West,6/19/16,Organic,1.49,244706.99
West,6/26/16,Conventional,0.87,6862241.03
West,6/26/16,Organic,1.56,213439.57
West,7/3/16,Conventional,0.97,6817643.13
West,7/3/16,Organic,1.47,245935.09
West,7/10/16,Conventional,1.01,6487362.71
West,7/10/16,Organic,1.54,226554.8
West,7/17/16,Conventional,1.02,5787378.41
West,7/17/16,Organic,1.85,179798.46
West,7/24/16,Conventional,1.08,5556043.02
West,7/24/16,Organic,1.88,168610.5
West,7/31/16,Conventional,1.1,5463799.79
West,7/31/16,Organic,1.65,189615.28
West,8/7/16,Conventional,0.95,6596769.24
West,8/7/16,Organic,1.7,177284.38
West,8/14/16,Conventional,1,6127060.42
West,8/14/16,Organic,1.75,176385.1
West,8/21/16,Conventional,0.93,6290164.89
West,8/21/16,Organic,1.82,144812.23
West,8/28/16,Conventional,0.96,6114187.88
West,8/28/16,Organic,1.92,125950.35
West,9/4/16,Conventional,0.92,6676702.06
West,9/4/16,Organic,1.61,177083.68
West,9/11/16,Conventional,0.96,6097779.55
West,9/11/16,Organic,1.48,197265.79
West,9/18/16,Conventional,1.04,5474121.64
West,9/18/16,Organic,1.59,160880.99
West,9/25/16,Conventional,1.08,5338132.99
West,9/25/16,Organic,1.78,118420.15
West,10/2/16,Conventional,1.03,6079587.47
West,10/2/16,Organic,1.59,139393.05
West,10/9/16,Conventional,1.13,5374797.25
West,10/9/16,Organic,1.68,126192.84
West,10/16/16,Conventional,1.15,5308225.44
West,10/16/16,Organic,1.56,152876.61
West,10/23/16,Conventional,1.17,4760018.22
West,10/23/16,Organic,1.92,101890.97
West,10/30/16,Conventional,1.26,3852439.62
West,10/30/16,Organic,2.16,96943.41
West,11/6/16,Conventional,1.26,4245702.35
West,11/6/16,Organic,1.84,140457.87
West,11/13/16,Conventional,1.18,4864099.95
West,11/13/16,Organic,1.81,160864.58
West,11/20/16,Conventional,1.1,4944373.81
West,11/20/16,Organic,1.66,171623.92
West,11/27/16,Conventional,1.09,4187550.98
West,11/27/16,Organic,1.52,168440.43
West,12/4/16,Conventional,0.93,5919532.49
West,12/4/16,Organic,1.31,202181.56
West,12/11/16,Conventional,0.84,6648833.68
West,12/11/16,Organic,1.34,163585.07
West,12/18/16,Conventional,0.88,5618429.48
West,12/18/16,Organic,1.23,173890.1
West,12/25/16,Conventional,0.92,5720079.58
West,12/25/16,Organic,0.91,318683.18
West,1/1/17,Conventional,0.79,7360925.84
West,1/1/17,Organic,1.19,189700.7
West,1/8/17,Conventional,0.86,7432376.14
West,1/8/17,Organic,1.09,267702.99
West,1/15/17,Conventional,0.85,7449374.27
West,1/15/17,Organic,1.06,268743.11
West,1/22/17,Conventional,0.82,7876147.38
West,1/22/17,Organic,1.2,208810.31
West,1/29/17,Conventional,0.85,7561590.72
West,1/29/17,Organic,1.29,205843.17
West,2/5/17,Conventional,0.66,11274749.11
West,2/5/17,Organic,1.15,227693.33
West,2/12/17,Conventional,0.76,7589357.36
West,2/12/17,Organic,1.52,214333.3
West,2/19/17,Conventional,0.88,6852304.51
West,2/19/17,Organic,1.49,214694.22
West,2/26/17,Conventional,0.86,6928736.97
West,2/26/17,Organic,1.14,308828.87
West,3/5/17,Conventional,0.96,6667896.16
West,3/5/17,Organic,0.99,367519.17
West,3/12/17,Conventional,0.94,7040683.56
West,3/12/17,Organic,1.16,308051.18
West,3/19/17,Conventional,1.04,6242381.13
West,3/19/17,Organic,1.24,274558.89
West,3/26/17,Conventional,1,6680540.39
West,3/26/17,Organic,0.9,456645.91
West,4/2/17,Conventional,1.05,6442820.51
West,4/2/17,Organic,0.98,402676.23
West,4/9/17,Conventional,1,6774200.48
West,4/9/17,Organic,1.18,348836.42
West,4/16/17,Conventional,1.02,7012665.19
West,4/16/17,Organic,1.23,329223.21
West,4/23/17,Conventional,0.96,6822109.27
West,4/23/17,Organic,1.26,296559.24
West,4/30/17,Conventional,0.98,6998582.19
West,4/30/17,Organic,1.4,259279.19
West,5/7/17,Conventional,0.94,8545908.75
West,5/7/17,Organic,1.19,442825.93
West,5/14/17,Conventional,1.01,7143624.99
West,5/14/17,Organic,1.1,446864.94
West,5/21/17,Conventional,1.06,6505499.28
West,5/21/17,Organic,1.52,252331.06
West,5/28/17,Conventional,1.07,6955988.8
West,5/28/17,Organic,1.48,276578.14
West,6/4/17,Conventional,1.07,6927745.15
West,6/4/17,Organic,1.52,263143.18
West,6/11/17,Conventional,1.02,7138766.83
West,6/11/17,Organic,1.59,260068.85
West,6/18/17,Conventional,1.02,7187200.64
West,6/18/17,Organic,1.68,215628.86
West,6/25/17,Conventional,1.05,6929193.97
West,6/25/17,Organic,1.93,188845.44
West,7/2/17,Conventional,1.07,7020076.49
West,7/2/17,Organic,1.88,212196.16
West,7/9/17,Conventional,0.95,8389918.04
West,7/9/17,Organic,1.85,203127.73
West,7/16/17,Conventional,1.28,5529487.17
West,7/16/17,Organic,2.22,151281.1
West,7/23/17,Conventional,1.18,6311280.51
West,7/23/17,Organic,2.16,162321.68
West,7/30/17,Conventional,1.25,5688357.24
West,7/30/17,Organic,2.1,180688.88
West,8/6/17,Conventional,1.32,5548410.44
West,8/6/17,Organic,2.1,178606.86
West,8/13/17,Conventional,1.34,5304873.15
West,8/13/17,Organic,2.24,157709.51
West,8/20/17,Conventional,1.3,5653429.62
West,8/20/17,Organic,2.46,139145.2
West,8/27/17,Conventional,1.31,5328934.06
West,8/27/17,Organic,2.51,154828.39
West,9/3/17,Conventional,1.53,4369089.47
West,9/3/17,Organic,2.52,143490.06
West,9/10/17,Conventional,1.56,4281593.13
West,9/10/17,Organic,2.46,149611.1
West,9/17/17,Conventional,1.53,4181226.81
West,9/17/17,Organic,2.4,139471.62
West,9/24/17,Conventional,1.59,3842682.36
West,9/24/17,Organic,2.4,111321.19
West,10/1/17,Conventional,1.57,4014477.31
West,10/1/17,Organic,2.45,122625.26
West,10/8/17,Conventional,1.62,3927688.07
West,10/8/17,Organic,2.37,153186.84
West,10/15/17,Conventional,1.43,4413876.67
West,10/15/17,Organic,2.08,174251.28
West,10/22/17,Conventional,1.31,4769138.17
West,10/22/17,Organic,2,168954.65
West,10/29/17,Conventional,1.23,5130982.78
West,10/29/17,Organic,2.16,148010.22
West,11/5/17,Conventional,1.06,6417143.95
West,11/5/17,Organic,2.13,138955.1
West,11/12/17,Conventional,1.01,6182298
West,11/12/17,Organic,1.95,150594.48
West,11/19/17,Conventional,1.04,5303858
West,11/19/17,Organic,1.96,152431.73
West,11/26/17,Conventional,1.18,4182730
West,11/26/17,Organic,1.76,177222.64
West,12/3/17,Conventional,0.98,6288493
West,12/3/17,Organic,1.5,247514.3
West,12/10/17,Conventional,0.96,5936122.03
West,12/10/17,Organic,1.36,313686.31
West,12/17/17,Conventional,1.05,5007523.13
West,12/17/17,Organic,1.49,252754.61
West,12/24/17,Conventional,1.1,5116876.57
West,12/24/17,Organic,1.66,232395.98
West,12/31/17,Conventional,0.94,6330634.55
West,12/31/17,Organic,1.48,229477.07
West,1/1/18,Conventional,0.94,6330634.55
West,1/1/18,Organic,1.48,229477.07
West,1/7/18,Conventional,1.08,6358768.95
West,1/7/18,Organic,1.48,297190.6
West,1/14/18,Conventional,1.05,7577456.14
West,1/14/18,Organic,1.82,207999.67
West,1/21/18,Conventional,1.04,7053820.12
West,1/21/18,Organic,1.83,189317.99
West,1/28/18,Conventional,1.01,7007265.31
West,1/28/18,Organic,1.8,185974.53
West,2/4/18,Conventional,0.83,10565056.41
West,2/4/18,Organic,1.41,283378.47
West,2/11/18,Conventional,0.93,7463494.79
West,2/11/18,Organic,1.47,275248.53
West,2/18/18,Conventional,0.98,6783106.02
West,2/18/18,Organic,1.64,224798.6
West,2/25/18,Conventional,0.97,7408451.31
West,2/25/18,Organic,1.49,301985.61
West,3/4/18,Conventional,0.96,7371498.76
West,3/4/18,Organic,1.46,347373.17
West,3/11/18,Conventional,1,6906412.5
West,3/11/18,Organic,1.63,264691.87
West,3/18/18,Conventional,0.99,7254940.65
West,3/18/18,Organic,1.73,210067.47
West,3/25/18,Conventional,0.93,7667064.46
West,3/25/18,Organic,1.6,271723.08
West,4/1/18,Conventional,1.06,6997963.2
West,4/1/18,Organic,1.6,280735.98
West,4/8/18,Conventional,0.94,8402043.8
West,4/8/18,Organic,1.69,225002.23
West,4/15/18,Conventional,0.98,7465598.69
West,4/15/18,Organic,1.55,290039.82
West,4/22/18,Conventional,1.01,7726819.22
West,4/22/18,Organic,1.47,331096.91
West,4/29/18,Conventional,1.05,7406461.8
West,4/29/18,Organic,1.55,308548.64
West,5/6/18,Conventional,0.91,9979253.96
West,5/6/18,Organic,1.71,238236.25
West,5/13/18,Conventional,0.98,7984513.6
West,5/13/18,Organic,1.71,247098.54
West,5/20/18,Conventional,0.95,8037228.62
West,5/20/18,Organic,1.68,258406.97
West,5/27/18,Conventional,1.01,7910315.69
West,5/27/18,Organic,1.42,507881.58
West,6/3/18,Conventional,1.02,7557801.56
West,6/3/18,Organic,1.42,533651.27
West,6/10/18,Conventional,0.92,8197714.28
West,6/10/18,Organic,1.56,323749.61
West,6/17/18,Conventional,1.03,7071484.65
West,6/17/18,Organic,1.69,267190.78
West,6/24/18,Conventional,0.97,7892827.19
West,6/24/18,Organic,1.69,253833.61
West,7/1/18,Conventional,1.05,7406684.06
West,7/1/18,Organic,1.56,330833.05
West,7/8/18,Conventional,1.04,7684729.09
West,7/8/18,Organic,1.55,358103.23
West,7/15/18,Conventional,1.05,7255262.45
West,7/15/18,Organic,1.68,285693.69
West,7/22/18,Conventional,1.09,7244127.53
West,7/22/18,Organic,1.67,277833.86
West,7/29/18,Conventional,1.11,6947991.27
West,7/29/18,Organic,1.71,260942.11
West,8/5/18,Conventional,1.1,7090719.6
West,8/5/18,Organic,1.72,242633.68
West,8/12/18,Conventional,1.08,7191615.5
West,8/12/18,Organic,1.76,283524.69
West,8/19/18,Conventional,1.11,7081835.69
West,8/19/18,Organic,1.79,262683.76
West,8/26/18,Conventional,1.23,5926625.78
West,8/26/18,Organic,1.86,248932.34
West,9/2/18,Conventional,1.27,5801008.94
West,9/2/18,Organic,1.9,293990.04
West,9/9/18,Conventional,1.26,5842553.2
West,9/9/18,Organic,1.82,316427.53
West,9/16/18,Conventional,1.23,5644388.96
West,9/16/18,Organic,1.81,302660.23
West,9/23/18,Conventional,1.24,5520523.37
West,9/23/18,Organic,1.85,267345.48
West,9/30/18,Conventional,1.19,5680978.41
West,9/30/18,Organic,1.74,361083.67
West,10/7/18,Conventional,1.08,6344600.24
West,10/7/18,Organic,1.74,349853.45
West,10/14/18,Conventional,1.15,5718295.59
West,10/14/18,Organic,1.79,285485.44
West,10/21/18,Conventional,1.13,5628578.28
West,10/21/18,Organic,1.69,266427.24
West,10/28/18,Conventional,1.03,6121043.85
West,10/28/18,Organic,1.52,342614.56
West,11/4/18,Conventional,1.01,6696089.52
West,11/4/18,Organic,1.56,302083.25
West,11/11/18,Conventional,1.02,6440173.57
West,11/11/18,Organic,1.49,383760.29
West,11/18/18,Conventional,1.18,4733924.11
West,11/18/18,Organic,1.61,334096.14
West,11/25/18,Conventional,1.24,3260102.17
West,11/25/18,Organic,1.73,268362.34
West,12/2/18,Conventional,1.2,4594863.86
West,12/2/18,Organic,1.62,268969.03
